Date,Magasin,PDV,Numéro d'équipe,Type,Employé,Commentaire,Montant
14/10/2022 16:26,Esprit Sushi Fribourg,SamsungA40,617,Payout,Propriétaire,"Postfinance ",265.00
30/09/2022 17:43,Esprit Sushi Fribourg,SamsungA40,611,Payout,Propriétaire,"Postfinance ",50.00
23/09/2022 17:15,Esprit Sushi Fribourg,SamsungA40,608,Payout,Propriétaire,"Postfinance ",150.00
16/09/2022 17:26,Esprit Sushi Fribourg,SamsungA40,605,Payout,Propriétaire,"Postfinance ",100.00
10/09/2022 22:08,Esprit Sushi Fribourg,SamsungA40,603,Entrée,Propriétaire,"Oubli billet de 100 portemonnaie ",100.00
09/09/2022 16:47,Esprit Sushi Fribourg,SamsungA40,602,Payout,Propriétaire,,170.00
06/07/2022 21:18,Esprit Sushi Fribourg,SamsungA40,593,Payout,Propriétaire,"Aspirateur ",3.00
04/07/2022 21:19,Esprit Sushi Fribourg,SamsungA40,591,Payout,Propriétaire,"Post finance ",20.00
04/07/2022 18:34,Esprit Sushi Fribourg,SamsungA40,591,Payout,Propriétaire,"Poste finance ",100.00
03/07/2022 19:17,Esprit Sushi Fribourg,SamsungA40,590,Payout,Propriétaire,"Essence ",30.00
28/06/2022 16:26,Esprit Sushi Fribourg,SamsungA40,583,Payout,Propriétaire,Courses aligro,200.00
21/06/2022 19:35,Esprit Sushi Fribourg,SamsungA40,577,Payout,Propriétaire,"Vers postfinance ",70.00
17/06/2022 18:27,Esprit Sushi Fribourg,SamsungA40,574,Payout,Propriétaire,"Vers postfinance ",270.00
16/06/2022 21:32,Esprit Sushi Fribourg,SamsungA40,573,Payout,Propriétaire,"Pourboire carte ",4.10
14/06/2022 18:22,Esprit Sushi Fribourg,SamsungA40,572,Payout,Propriétaire,"Vers caisse ",250.00
09/06/2022 18:19,Esprit Sushi Fribourg,SamsungA40,570,Payout,Propriétaire,"Vers caisse ",250.00
27/05/2022 16:48,Esprit Sushi Fribourg,SamsungA40,557,Payout,Propriétaire,"Postfinance ",360.00
20/05/2022 11:58,Esprit Sushi Fribourg,Caisse principal 3,782,Payout,Propriétaire,Pos,1200.00
18/05/2022 18:15,Esprit Sushi Fribourg,Caisse principal 3,782,Entrée,Propriétaire,,300.00
18/05/2022 18:14,Esprit Sushi Fribourg,SamsungA40,549,Payout,Propriétaire,,300.00
12/05/2022 21:00,Esprit Sushi Fribourg,SamsungA40,543,Payout,Propriétaire,"Pourboire carte ",1.00
06/05/2022 20:15,Esprit Sushi Fribourg,SamsungA40,537,Payout,Propriétaire,"Vers caisse ",2.00
04/05/2022 20:31,Esprit Sushi Fribourg,SamsungA40,535,Payout,Propriétaire,"Vers postfinance ",350.00
26/04/2022 17:46,Esprit Sushi Fribourg,SamsungA40,528,Payout,Propriétaire,"Vers postfinance ",500.00
18/04/2022 14:25,Esprit Sushi Fribourg,Caisse principal 3,781,Payout,Propriétaire,"Postfinance ",650.00
05/04/2022 16:30,Esprit Sushi Fribourg,SamsungA40,521,Payout,Propriétaire,"Postfinance ",500.00
03/04/2022 22:33,Esprit Sushi Fribourg,Caisse principal 3,780,Payout,Propriétaire,"Postfinance ",700.00
03/04/2022 22:02,Esprit Sushi Fribourg,SamsungA40,520,Payout,Propriétaire,Pourbouire,4.00
31/03/2022 18:09,Esprit Sushi Fribourg,Caisse principal 3,780,Entrée,Propriétaire,,40.00
31/03/2022 18:08,Esprit Sushi Fribourg,SamsungA40,517,Payout,Propriétaire,,40.00
29/03/2022 15:33,Esprit Sushi Fribourg,SamsungA40,516,Payout,Propriétaire,"Postfinance ",200.00
26/03/2022 21:28,Esprit Sushi Fribourg,SamsungA40,513,Payout,Propriétaire,"Pourboire carte ",3.50
25/03/2022 20:06,Esprit Sushi Fribourg,Caisse principal 3,780,Payout,Propriétaire,"Pourboire Carte ",1.50
25/03/2022 08:07,Esprit Sushi Fribourg,Caisse principal 3,779,Payout,Propriétaire,,3450.00
24/03/2022 19:27,Esprit Sushi Fribourg,Caisse principal 3,779,Entrée,Propriétaire,"Depuis porte-monnaie ",600.00
24/03/2022 19:27,Esprit Sushi Fribourg,SamsungA40,511,Payout,Propriétaire,"Vers caisse ",600.00
13/03/2022 19:59,Esprit Sushi Fribourg,SamsungA40,504,Payout,Propriétaire,"Vers caisse ",400.00
13/03/2022 19:47,Esprit Sushi Fribourg,Caisse principal 3,779,Entrée,Propriétaire,"Depuis porte-monnaie ",400.00
04/03/2022 21:19,Esprit Sushi Fribourg,Caisse principal 3,779,Entrée,Propriétaire,"Depuis porte-monnaie ",220.00
04/03/2022 21:18,Esprit Sushi Fribourg,SamsungA40,496,Payout,Propriétaire,"Vers caisse ",220.00
03/03/2022 21:30,Esprit Sushi Fribourg,SamsungA40,495,Entrée,Propriétaire,Erreur solde 897.75,400.00
03/03/2022 18:10,Esprit Sushi Fribourg,Caisse principal 3,779,Entrée,Propriétaire,Depuis porte-monnaie,400.00
03/03/2022 18:09,Esprit Sushi Fribourg,SamsungA40,495,Payout,Propriétaire,Vers caisse,400.00
27/02/2022 17:45,Esprit Sushi Fribourg,Caisse principal 3,779,Entrée,Propriétaire,"Depuis porte-monnaie ",350.00
27/02/2022 17:44,Esprit Sushi Fribourg,SamsungA40,492,Payout,Propriétaire,"Vers caisse ",350.00
16/02/2022 18:12,Esprit Sushi Fribourg,SamsungA40,484,Payout,Propriétaire,,200.00
15/02/2022 22:09,Esprit Sushi Fribourg,Caisse principal 3,778,Payout,Propriétaire,"Postfinance ",1200.00
10/02/2022 18:07,Esprit Sushi Fribourg,SamsungA40,479,Payout,Propriétaire,,100.00
08/02/2022 16:49,Esprit Sushi Fribourg,SamsungA40,477,Payout,Propriétaire,"Postfinance ",400.00
01/02/2022 17:12,Esprit Sushi Fribourg,SamsungA40,471,Entrée,Propriétaire,"Monnaie ",20.00
01/02/2022 17:12,Esprit Sushi Fribourg,SamsungA40,471,Payout,Propriétaire,"Postfinance ",550.00
31/01/2022 11:18,Esprit Sushi Fribourg,Caisse principal 3,777,Payout,Propriétaire,,450.00
27/01/2022 17:44,Esprit Sushi Fribourg,SamsungA40,467,Payout,Propriétaire,"Postfinance ",300.00
18/01/2022 16:17,Esprit Sushi Fribourg,SamsungA40,459,Entrée,Propriétaire,"Monnaie ",11.00
16/01/2022 22:40,Esprit Sushi Fribourg,SamsungA40,458,Payout,Propriétaire,,600.00
16/01/2022 22:32,Esprit Sushi Fribourg,Caisse principal 3,777,Payout,Propriétaire,"Postfinance ",650.00
11/01/2022 15:29,Esprit Sushi Fribourg,SamsungA40,452,Payout,Propriétaire,"Postfinance ",550.00
10/01/2022 00:07,Esprit Sushi Fribourg,Caisse principal 3,776,Payout,Propriétaire,"Postfinance ",300.00
09/01/2022 21:47,Esprit Sushi Fribourg,SamsungA40,451,Payout,Propriétaire,"Pourboire carte ",2.00
02/01/2022 23:28,Esprit Sushi Fribourg,Caisse principal 3,775,Payout,Propriétaire,"Postfinance ",950.00
02/01/2022 16:20,Esprit Sushi Fribourg,SamsungA40,445,Payout,Propriétaire,"Postfinance ",500.00
31/12/2021 16:36,Esprit Sushi Fribourg,SamsungA40,444,Payout,Propriétaire,Pourboire carte,1.50
20/12/2021 13:38,Esprit Sushi Fribourg,Caisse principal 3,774,Payout,Propriétaire,"Postfinance ",150.00
20/12/2021 13:37,Esprit Sushi Fribourg,Caisse principal 3,774,Payout,Propriétaire,"Postfinance ",1800.00
20/12/2021 13:34,Esprit Sushi Fribourg,SamsungA40,435,Payout,Propriétaire,"Postfinance ",600.00
14/12/2021 16:19,Esprit Sushi Fribourg,SamsungA40,429,Payout,Propriétaire,"Postfinance ",450.00
08/12/2021 18:22,Esprit Sushi Fribourg,Caisse principal 3,774,Entrée,Propriétaire,,200.00
08/12/2021 18:21,Esprit Sushi Fribourg,SamsungA40,424,Payout,Propriétaire,,200.00
07/12/2021 16:08,Esprit Sushi Fribourg,SamsungA40,423,Payout,Propriétaire,"Postfinance ",200.00
05/12/2021 22:48,Esprit Sushi Fribourg,Caisse principal 3,774,Entrée,Propriétaire,"Solde veille ",1573.20
03/12/2021 21:05,Esprit Sushi Fribourg,Caisse principal 3,773,Entrée,Propriétaire,"Depuis porte-monnaie ",300.00
03/12/2021 21:04,Esprit Sushi Fribourg,SamsungA40,420,Payout,Propriétaire,"Vers caisse ",300.00
03/12/2021 21:03,Esprit Sushi Fribourg,SamsungA40,420,Entrée,Propriétaire,"Monnaie ",5.00
30/11/2021 16:35,Esprit Sushi Fribourg,SamsungA40,417,Payout,Propriétaire,"Postfinance ",300.00
28/11/2021 22:51,Esprit Sushi Fribourg,Caisse principal 3,773,Entrée,Propriétaire,"Depuis porte-monnaie ",300.00
27/11/2021 18:10,Esprit Sushi Fribourg,Caisse principal 3,773,Entrée,Propriétaire,,300.00
27/11/2021 18:10,Esprit Sushi Fribourg,SamsungA40,415,Payout,Propriétaire,,300.00
23/11/2021 14:57,Esprit Sushi Fribourg,Caisse principal 3,773,Payout,Propriétaire,"Postfinance ",650.00
23/11/2021 14:54,Esprit Sushi Fribourg,SamsungA40,411,Payout,Propriétaire,"Postfinance ",200.00
19/11/2021 22:19,Esprit Sushi Fribourg,Caisse principal 3,773,Entrée,Propriétaire,"Depuis porte-monnaie ",500.00
19/11/2021 22:19,Esprit Sushi Fribourg,SamsungA40,408,Payout,Propriétaire,"Vers caisse ",500.00
17/11/2021 18:03,Esprit Sushi Fribourg,SamsungA40,406,Payout,Propriétaire,"Poste finance ",200.00
17/11/2021 10:59,Esprit Sushi Fribourg,Caisse principal 3,772,Payout,Propriétaire,"Postfinance ",400.00
09/11/2021 14:40,Esprit Sushi Fribourg,SamsungA40,399,Payout,Propriétaire,"Postfinance ",250.00
06/11/2021 22:09,Esprit Sushi Fribourg,SamsungA40,397,Payout,Propriétaire,Pourboire,4.10
02/11/2021 15:55,Esprit Sushi Fribourg,SamsungA40,394,Payout,Propriétaire,"Postfinance ",148.00
02/11/2021 15:24,Esprit Sushi Fribourg,Caisse principal 3,771,Payout,Propriétaire,"Postfinance ",90.00
26/10/2021 16:40,Esprit Sushi Fribourg,SamsungA40,388,Payout,Propriétaire,"Postfinance ",200.00
24/10/2021 22:28,Esprit Sushi Fribourg,Caisse principal 3,770,Payout,Propriétaire,"Postfinance ",470.00
23/10/2021 18:16,Esprit Sushi Fribourg,Caisse principal 3,769,Entrée,Propriétaire,,400.00
23/10/2021 18:16,Esprit Sushi Fribourg,SamsungA40,386,Payout,Propriétaire,,400.00
22/10/2021 20:27,Esprit Sushi Fribourg,SamsungA40,385,Payout,Propriétaire,"Pourboire carte ",4.50
19/10/2021 16:12,Esprit Sushi Fribourg,SamsungA40,382,Payout,Propriétaire,"Postfinance ",100.00
17/10/2021 22:54,Esprit Sushi Fribourg,Caisse principal 3,768,Payout,Propriétaire,"Postfinance ",330.00
12/10/2021 17:31,Esprit Sushi Fribourg,SamsungA40,377,Payout,Propriétaire,"Postfinance ",350.00
10/10/2021 23:38,Esprit Sushi Fribourg,Caisse principal 3,767,Payout,Propriétaire,"Postfinance ",550.00
07/10/2021 20:45,Esprit Sushi Fribourg,Caisse principal 3,767,Entrée,Propriétaire,"Depuis porte-monnaie ",100.00
07/10/2021 20:45,Esprit Sushi Fribourg,SamsungA40,372,Payout,Propriétaire,"Vers caisse ",100.00
03/10/2021 23:00,Esprit Sushi Fribourg,Caisse principal 3,767,Payout,Propriétaire,"Postfinance ",860.00
03/10/2021 18:10,Esprit Sushi Fribourg,Caisse principal 3,767,Entrée,Propriétaire,,580.00
03/10/2021 18:09,Esprit Sushi Fribourg,SamsungA40,369,Payout,Propriétaire,,580.00
30/09/2021 00:08,Esprit Sushi Fribourg,Caisse principal 3,767,Entrée,Propriétaire,"Monnaie ",100.00
30/09/2021 00:08,Esprit Sushi Fribourg,Caisse principal 3,767,Payout,Propriétaire,Essence,52.00
26/09/2021 21:57,Esprit Sushi Fribourg,SamsungA40,363,Payout,Propriétaire,"Postfinance ",400.00
26/09/2021 21:55,Esprit Sushi Fribourg,Caisse principal 3,766,Payout,Propriétaire,"Postfinance ",920.00
24/09/2021 22:14,Esprit Sushi Fribourg,SamsungA40,360,Entrée,Propriétaire,Erreur veille,44.90
22/09/2021 22:52,Esprit Sushi Fribourg,Caisse principal 3,765,Payout,Propriétaire,"Courses ",100.00
22/09/2021 21:19,Esprit Sushi Fribourg,Caisse principal 3,765,Entrée,Propriétaire,"Depuis porte-monnaie ",400.00
22/09/2021 21:19,Esprit Sushi Fribourg,SamsungA40,358,Payout,Propriétaire,"Vers caisse ",400.00
21/09/2021 23:07,Esprit Sushi Fribourg,Caisse principal 3,764,Payout,Propriétaire,"Postfinance ",650.00
19/09/2021 22:23,Esprit Sushi Fribourg,Caisse principal 3,764,Entrée,Propriétaire,"Depuis porte-monnaie ",300.00
19/09/2021 22:22,Esprit Sushi Fribourg,SamsungA40,356,Payout,Propriétaire,"Vers caisse ",300.00
12/09/2021 23:42,Esprit Sushi Fribourg,SamsungA40,349,Payout,Propriétaire,"Postfinance ",300.00
12/09/2021 23:38,Esprit Sushi Fribourg,Caisse principal 3,763,Payout,Propriétaire,"Postfinance ",150.00
05/09/2021 23:24,Esprit Sushi Fribourg,Caisse principal 3,763,Payout,Propriétaire,"Postfinance ",340.00
05/09/2021 23:22,Esprit Sushi Fribourg,SamsungA40,341,Payout,Propriétaire,"Postfinance ",300.00
02/09/2021 16:46,Esprit Sushi Fribourg,Caisse principal 3,763,Entrée,Propriétaire,"Solde lundi ",334.30
31/08/2021 16:08,Esprit Sushi Fribourg,SamsungA40,332,Payout,Propriétaire,"Postfinance ",400.00
30/08/2021 11:02,Esprit Sushi Fribourg,Caisse principal 3,762,Payout,Propriétaire,"Postfinance ",300.00
27/08/2021 21:51,Esprit Sushi Fribourg,SamsungA40,328,Payout,Propriétaire,"Pourboire carte ",4.10
26/08/2021 17:27,Esprit Sushi Fribourg,Caisse principal 3,762,Payout,Propriétaire,,115.00
25/08/2021 17:59,Esprit Sushi Fribourg,Caisse principal 3,761,Entrée,Propriétaire,"Depuis porte-monnaie ",200.00
25/08/2021 17:59,Esprit Sushi Fribourg,SamsungA40,327,Payout,Propriétaire,"Vers caisse ",200.00
23/08/2021 18:37,Esprit Sushi Fribourg,Caisse principal 3,760,Payout,Propriétaire,"Postfinance ",200.00
23/08/2021 18:36,Esprit Sushi Fribourg,SamsungA40,325,Payout,Propriétaire,"Postfinance ",400.00
21/08/2021 20:04,Esprit Sushi Fribourg,SamsungA40,323,Payout,Propriétaire,"Pourboire carte ",0.50
20/08/2021 22:53,Esprit Sushi Fribourg,Caisse principal 3,758,Entrée,Propriétaire,"Solde veille ",389.00
20/08/2021 22:53,Esprit Sushi Fribourg,Caisse principal 3,758,Entrée,Propriétaire,,389.00
20/08/2021 22:53,Esprit Sushi Fribourg,Caisse principal 3,758,Payout,Propriétaire,,389.00
11/07/2021 19:25,Esprit Sushi Fribourg,Caisse principal 3,756,Payout,Propriétaire,"Pourboire Carte ",1.50
07/07/2021 20:24,Esprit Sushi Fribourg,SamsungA40,313,Payout,Propriétaire,"Pourboire carte ",1.50
07/07/2021 17:57,Esprit Sushi Fribourg,SamsungA40,313,Payout,Propriétaire,"Postfinance ",450.00
03/07/2021 18:25,Esprit Sushi Fribourg,Caisse principal 3,756,Payout,Propriétaire,Pourboire Carte,2.00
29/06/2021 15:50,Esprit Sushi Fribourg,SamsungA40,307,Payout,Propriétaire,"Postfinance ",200.00
28/06/2021 12:24,Esprit Sushi Fribourg,Caisse principal 3,755,Payout,Propriétaire,"Postfinance ",1170.00
27/06/2021 18:03,Esprit Sushi Fribourg,Caisse principal 3,755,Entrée,Propriétaire,Porte-monnaie,700.00
27/06/2021 18:02,Esprit Sushi Fribourg,SamsungA40,306,Payout,Propriétaire,"Caisse ",700.00
26/06/2021 21:20,Esprit Sushi Fribourg,SamsungA40,305,Payout,Propriétaire,Nettoyage voiture,3.00
22/06/2021 16:17,Esprit Sushi Fribourg,SamsungA40,301,Payout,Propriétaire,"Postfinance ",400.00
21/06/2021 14:11,Esprit Sushi Fribourg,Caisse principal 3,754,Payout,Propriétaire,"Postfinance ",200.00
17/06/2021 17:26,Esprit Sushi Fribourg,Caisse principal 3,754,Payout,Propriétaire,"Courses ",100.00
14/06/2021 16:17,Esprit Sushi Fribourg,Caisse principal 3,754,Entrée,Propriétaire,"Monnaie ",100.00
14/06/2021 16:14,Esprit Sushi Fribourg,Caisse principal 3,754,Payout,Propriétaire,"Postfinance ",700.00
12/06/2021 21:47,Esprit Sushi Fribourg,Caisse principal 3,754,Entrée,Propriétaire,"Depuis porte-monnaie ",400.00
12/06/2021 21:47,Esprit Sushi Fribourg,SamsungA40,295,Payout,Propriétaire,"Vers caisse ",400.00
10/06/2021 21:22,Esprit Sushi Fribourg,Caisse principal 3,754,Payout,Propriétaire,Pourboire Carte,1.10
07/06/2021 17:50,Esprit Sushi Fribourg,Caisse principal 3,753,Payout,Propriétaire,"Postfinance ",1100.00
07/06/2021 17:43,Esprit Sushi Fribourg,Caisse principal 3,753,Payout,Propriétaire,"Course ",50.00
06/06/2021 20:57,Esprit Sushi Fribourg,Caisse principal 3,753,Entrée,Propriétaire,Porte-monnaie,300.00
06/06/2021 20:57,Esprit Sushi Fribourg,SamsungA40,291,Payout,Propriétaire,"Caisse ",300.00
06/06/2021 16:26,Esprit Sushi Fribourg,Caisse principal 3,753,Payout,Propriétaire,"Courses ",70.00
05/06/2021 18:28,Esprit Sushi Fribourg,SamsungA40,290,Payout,Propriétaire,"Pourboire carte ",4.50
05/06/2021 17:56,Esprit Sushi Fribourg,Caisse principal 3,753,Entrée,Propriétaire,Porte-monnaie,300.00
05/06/2021 17:55,Esprit Sushi Fribourg,SamsungA40,290,Payout,Propriétaire,"Caisse ",300.00
31/05/2021 11:45,Esprit Sushi Fribourg,SamsungA40,286,Payout,Propriétaire,"Postfinance ",350.00
31/05/2021 11:41,Esprit Sushi Fribourg,Caisse principal 3,753,Payout,Propriétaire,"Postfinance ",3000.00
27/05/2021 21:19,Esprit Sushi Fribourg,Caisse principal 3,753,Entrée,Propriétaire,Porte-monnaie,450.00
27/05/2021 21:18,Esprit Sushi Fribourg,SamsungA40,282,Payout,Propriétaire,"Caisse ",450.00
23/05/2021 21:28,Esprit Sushi Fribourg,Caisse principal 3,753,Entrée,Propriétaire,Porte-monnaie,200.00
23/05/2021 21:27,Esprit Sushi Fribourg,SamsungA40,280,Payout,Propriétaire,"Caisse ",200.00
22/05/2021 18:01,Esprit Sushi Fribourg,Caisse principal 3,753,Entrée,Propriétaire,Porte-monnaie,1250.00
22/05/2021 18:00,Esprit Sushi Fribourg,SamsungA40,279,Payout,Propriétaire,"Caisse ",1250.00
20/05/2021 17:59,Esprit Sushi Fribourg,SamsungA40,277,Entrée,Propriétaire,Monnaie,2.00
16/05/2021 00:52,Esprit Sushi Fribourg,Caisse principal 3,752,Payout,Propriétaire,"Postfinance ",2080.00
13/05/2021 17:58,Esprit Sushi Fribourg,Caisse principal 3,752,Entrée,Propriétaire,Porte-monnaie,200.00
13/05/2021 17:57,Esprit Sushi Fribourg,SamsungA40,272,Payout,Propriétaire,"Caisse ",200.00
09/05/2021 18:09,Esprit Sushi Fribourg,Caisse principal 3,752,Entrée,Propriétaire,Porte-monnaie,550.00
09/05/2021 18:07,Esprit Sushi Fribourg,SamsungA40,269,Payout,Propriétaire,"Caisse ",550.00
07/05/2021 22:08,Esprit Sushi Fribourg,SamsungA40,267,Payout,Propriétaire,"Pourboire carte ",5.60
04/05/2021 16:11,Esprit Sushi Fribourg,SamsungA40,266,Payout,Propriétaire,"Postfinance ",400.00
29/04/2021 21:27,Esprit Sushi Fribourg,Caisse principal 3,751,Entrée,Propriétaire,Porte-monnaie,350.00
29/04/2021 21:08,Esprit Sushi Fribourg,SamsungA40,263,Payout,Propriétaire,"Caisse ",350.00
29/04/2021 19:52,Esprit Sushi Fribourg,Caisse principal 3,751,Payout,Propriétaire,Pourboire Carte,2.00
26/04/2021 16:43,Esprit Sushi Fribourg,Caisse principal 3,751,Payout,Propriétaire,"Postfinance ",550.00
25/04/2021 21:11,Esprit Sushi Fribourg,Caisse principal 3,751,Entrée,Propriétaire,Porte-monnaie,350.00
25/04/2021 21:10,Esprit Sushi Fribourg,SamsungA40,260,Payout,Propriétaire,"Caisse ",350.00
23/04/2021 00:05,Esprit Sushi Fribourg,Caisse principal 3,751,Payout,Propriétaire,"Postfinance ",750.00
22/04/2021 18:02,Esprit Sushi Fribourg,Caisse principal 3,751,Entrée,Propriétaire,Porte-monnaie,400.00
22/04/2021 18:01,Esprit Sushi Fribourg,SamsungA40,258,Payout,Propriétaire,"Caisse ",400.00
19/04/2021 12:44,Esprit Sushi Fribourg,Caisse principal 3,750,Payout,Propriétaire,"Postfinance ",280.00
17/04/2021 18:51,Esprit Sushi Fribourg,Caisse principal 3,750,Payout,Propriétaire,Pourboire Carte,1.50
13/04/2021 21:43,Esprit Sushi Fribourg,Caisse principal 3,748,Entrée,Propriétaire,"Erreur caisse porte-monnaie ",21.00
13/04/2021 21:43,Esprit Sushi Fribourg,SamsungA40,252,Payout,Propriétaire,"Erreur caisse  portemonnaie ",21.00
13/04/2021 17:24,Esprit Sushi Fribourg,SamsungA40,252,Payout,Propriétaire,"Postfinance ",400.00
11/04/2021 22:41,Esprit Sushi Fribourg,Caisse principal 3,747,Payout,Propriétaire,"Postfinance ",500.00
11/04/2021 22:40,Esprit Sushi Fribourg,Caisse principal 3,747,Entrée,Propriétaire,"Solde veille ",606.50
06/04/2021 23:15,Esprit Sushi Fribourg,SamsungA40,246,Payout,Propriétaire,"Erreur ",36.50
06/04/2021 23:07,Esprit Sushi Fribourg,SamsungA40,246,Entrée,Propriétaire,"Erreur attribution remboursement ",36.50
05/04/2021 20:30,Esprit Sushi Fribourg,Caisse principal 3,743,Payout,Propriétaire,"Postfinance ",390.00
05/04/2021 20:26,Esprit Sushi Fribourg,SamsungA40,245,Payout,Propriétaire,"Postfinance ",750.00
01/04/2021 23:53,Esprit Sushi Fribourg,Caisse principal 3,741,Payout,Propriétaire,Courses,50.00
31/03/2021 13:54,Esprit Sushi Fribourg,Caisse principal 3,741,Entrée,Propriétaire,"Monnaie ",60.00
30/03/2021 22:21,Esprit Sushi Fribourg,SamsungA40,242,Payout,Propriétaire,"Pourboire carte ",11.60
30/03/2021 16:14,Esprit Sushi Fribourg,SamsungA40,240,Payout,Propriétaire,Post,100.00
30/03/2021 16:14,Esprit Sushi Fribourg,Caisse principal 3,739,Payout,Propriétaire,"Postfinance ",920.00
28/03/2021 17:55,Esprit Sushi Fribourg,Caisse principal 3,739,Entrée,Propriétaire,Porte-monnaie,300.00
28/03/2021 17:55,Esprit Sushi Fribourg,SamsungA40,239,Payout,Propriétaire,"Caisse ",300.00
27/03/2021 22:40,Esprit Sushi Fribourg,Caisse principal 3,738,Payout,Propriétaire,"Courses ",20.00
27/03/2021 19:18,Esprit Sushi Fribourg,SamsungA40,238,Payout,Propriétaire,"Pourboire carte ",2.00
27/03/2021 17:42,Esprit Sushi Fribourg,Caisse principal 3,738,Entrée,Propriétaire,,935.10
27/03/2021 00:41,Esprit Sushi Fribourg,Caisse principal 3,737,Payout,Propriétaire,Courses,20.00
26/03/2021 21:57,Esprit Sushi Fribourg,SamsungA40,237,Payout,Propriétaire,Vers caisse,200.00
26/03/2021 21:57,Esprit Sushi Fribourg,Caisse principal 3,737,Entrée,Propriétaire,Porte-monnaie vere caisse,200.00
26/03/2021 21:56,Esprit Sushi Fribourg,Caisse principal 3,737,Entrée,Propriétaire,Porte-monnaie vert caisse,300.00
26/03/2021 21:54,Esprit Sushi Fribourg,SamsungA40,237,Payout,Propriétaire,Vers caisse,300.00
21/03/2021 22:32,Esprit Sushi Fribourg,Caisse principal 3,734,Payout,Propriétaire,"Postfinance ",1200.00
21/03/2021 21:17,Esprit Sushi Fribourg,Caisse principal 3,734,Entrée,Propriétaire,"Depuis porte-monnaie ",700.00
21/03/2021 21:14,Esprit Sushi Fribourg,SamsungA40,232,Payout,Propriétaire,Vers caisse,700.00
21/03/2021 20:35,Esprit Sushi Fribourg,Caisse principal 3,734,Entrée,Propriétaire,"Solde veille ",586.90
14/03/2021 23:49,Esprit Sushi Fribourg,Caisse principal 3,732,Payout,Propriétaire,"Postfinance ",1300.00
14/03/2021 23:48,Esprit Sushi Fribourg,Caisse principal 3,732,Entrée,Propriétaire,"De porte-monnaie ",350.00
14/03/2021 23:48,Esprit Sushi Fribourg,SamsungA40,226,Payout,Propriétaire,"Vers caisse ",350.00
13/03/2021 22:28,Esprit Sushi Fribourg,Caisse principal 3,732,Entrée,Propriétaire,Porte-monnaie,600.00
13/03/2021 22:27,Esprit Sushi Fribourg,SamsungA40,224,Payout,Propriétaire,"Caisse ",600.00
13/03/2021 18:40,Esprit Sushi Fribourg,SamsungA40,224,Payout,Propriétaire,"Pourboire carte ",1.00
09/03/2021 21:47,Esprit Sushi Fribourg,Caisse principal 3,732,Payout,Propriétaire,"Erreur Kouasmi ",75.50
09/03/2021 21:46,Esprit Sushi Fribourg,SamsungA40,220,Entrée,Propriétaire,Erreur kouasni affectation caisse,75.50
09/03/2021 15:47,Esprit Sushi Fribourg,SamsungA40,220,Payout,Propriétaire,"Postfinance ",500.00
07/03/2021 22:02,Esprit Sushi Fribourg,Caisse principal 3,732,Payout,Propriétaire,"Postfinance ",700.00
05/03/2021 17:49,Esprit Sushi Fribourg,Caisse principal 3,730,Entrée,Propriétaire,Porte-monnaie,300.00
05/03/2021 17:49,Esprit Sushi Fribourg,SamsungA40,217,Payout,Propriétaire,"Caisse ",300.00
28/02/2021 23:21,Esprit Sushi Fribourg,Caisse principal 3,726,Payout,Propriétaire,"Postfinance ",1800.00
28/02/2021 21:39,Esprit Sushi Fribourg,Caisse principal 3,726,Entrée,Propriétaire,Porte-monnaie,400.00
28/02/2021 21:39,Esprit Sushi Fribourg,SamsungA40,212,Payout,Propriétaire,"Caisse ",400.00
27/02/2021 22:37,Esprit Sushi Fribourg,Caisse principal 3,726,Entrée,Propriétaire,Porte-monnaie,400.00
27/02/2021 22:37,Esprit Sushi Fribourg,SamsungA40,211,Payout,Propriétaire,Caisse,400.00
27/02/2021 14:55,Esprit Sushi Fribourg,Caisse principal 3,726,Entrée,Propriétaire,"Depuis porte-monnaie ",400.00
25/02/2021 21:09,Esprit Sushi Fribourg,SamsungA40,209,Payout,Propriétaire,Vers caisse,400.00
23/02/2021 17:28,Esprit Sushi Fribourg,Caisse principal 3,726,Payout,Propriétaire,"Postfinance ",1100.00
23/02/2021 17:27,Esprit Sushi Fribourg,SamsungA40,208,Payout,Propriétaire,"Postfinance ",200.00
20/02/2021 22:18,Esprit Sushi Fribourg,Caisse principal 3,725,Entrée,Propriétaire,"Depuis porte-monnaie ",440.00
20/02/2021 22:17,Esprit Sushi Fribourg,SamsungA40,206,Payout,Propriétaire,Verre caisse,440.00
18/02/2021 21:42,Esprit Sushi Fribourg,Caisse principal 3,722,Entrée,Propriétaire,"Erreur remboursement Numa Courvoisier ",97.50
18/02/2021 21:42,Esprit Sushi Fribourg,SamsungA40,204,Payout,Propriétaire,Erreur remboursement Numa Corvoisier,97.50
17/02/2021 16:47,Esprit Sushi Fribourg,SamsungA40,202,Payout,Propriétaire,Postfinance,900.00
16/02/2021 23:32,Esprit Sushi Fribourg,Caisse principal 3,721,Payout,Propriétaire,"Postfinance ",1400.00
16/02/2021 23:30,Esprit Sushi Fribourg,Caisse principal 3,721,Entrée,Propriétaire,Porte-monnaie 2 roberto,520.90
16/02/2021 21:51,Esprit Sushi Fribourg,SamsungA40,202,Payout,Propriétaire,Erreur solde,6.00
14/02/2021 21:23,Esprit Sushi Fribourg,Iphone Roberto,2,Payout,Propriétaire,pourboire carte,0.10
14/02/2021 15:55,Esprit Sushi Fribourg,Iphone Roberto,2,Entrée,Propriétaire,porte-monnaie 1,20.00
14/02/2021 15:51,Esprit Sushi Fribourg,SamsungA40,201,Payout,Propriétaire,Portemonnaie 2,20.00
14/02/2021 15:43,Esprit Sushi Fribourg,Caisse principal 3,721,Payout,Propriétaire,Porte-monnaie livreur 2,10.00
14/02/2021 15:39,Esprit Sushi Fribourg,Caisse principal 3,721,Payout,Propriétaire,Porte-monnaie livreur 2,240.00
13/02/2021 21:53,Esprit Sushi Fribourg,Caisse principal 3,721,Payout,Propriétaire,Pourboire Carte,5.10
12/02/2021 23:52,Esprit Sushi Fribourg,Caisse principal 3,721,Entrée,Propriétaire,"Solde veille ",338.90
12/02/2021 20:21,Esprit Sushi Fribourg,SamsungA40,199,Payout,Propriétaire,"Pourboire carte ",4.50
12/02/2021 19:58,Esprit Sushi Fribourg,SamsungA40,199,Payout,Propriétaire,"Pourboire carte ",1.60
07/02/2021 22:57,Esprit Sushi Fribourg,SamsungA40,195,Payout,Propriétaire,Postfinance,190.00
07/02/2021 22:55,Esprit Sushi Fribourg,Caisse principal 3,720,Payout,Propriétaire,"Postfinance ",1020.00
06/02/2021 22:42,Esprit Sushi Fribourg,SamsungA40,193,Payout,Propriétaire,Vers caisse,700.00
06/02/2021 22:42,Esprit Sushi Fribourg,Caisse principal 3,720,Entrée,Propriétaire,"Depuis porte-monnaie ",700.00
01/02/2021 11:26,Esprit Sushi Fribourg,Caisse principal 3,719,Payout,Propriétaire,"Postfinance ",1350.00
01/02/2021 11:25,Esprit Sushi Fribourg,Caisse principal 3,719,Entrée,Propriétaire,"Depuis porte-monnaie ",200.00
31/01/2021 21:37,Esprit Sushi Fribourg,SamsungA40,190,Payout,Propriétaire,Sorti verre la caisse,200.00
30/01/2021 21:20,Esprit Sushi Fribourg,Caisse principal 3,719,Entrée,Propriétaire,Porte-monnaie,200.00
30/01/2021 21:19,Esprit Sushi Fribourg,SamsungA40,189,Payout,Propriétaire,"Caisse ",200.00
29/01/2021 22:04,Esprit Sushi Fribourg,Caisse principal 3,718,Entrée,Propriétaire,Porte-monnaie,600.00
29/01/2021 22:04,Esprit Sushi Fribourg,SamsungA40,188,Payout,Propriétaire,"Caisse ",600.00
28/01/2021 17:17,Esprit Sushi Fribourg,Caisse principal 3,718,Payout,Propriétaire,"Courses ",40.00
26/01/2021 16:06,Esprit Sushi Fribourg,Caisse principal 3,717,Payout,Propriétaire,"Postfinance ",820.00
26/01/2021 16:06,Esprit Sushi Fribourg,SamsungA40,183,Payout,Propriétaire,"Postfinance ",100.00
23/01/2021 21:54,Esprit Sushi Fribourg,SamsungA40,180,Payout,Propriétaire,Vers quesse,200.00
23/01/2021 21:54,Esprit Sushi Fribourg,Caisse principal 3,716,Entrée,Propriétaire,"Depuis porte-monnaie ",200.00
23/01/2021 16:58,Esprit Sushi Fribourg,Caisse principal 3,716,Payout,Propriétaire,"Courses ",20.00
22/01/2021 23:43,Esprit Sushi Fribourg,Caisse principal 3,715,Entrée,Propriétaire,Solde veille,397.70
22/01/2021 21:25,Esprit Sushi Fribourg,Caisse principal 3,715,Entrée,Propriétaire,Porte-monnaie,300.00
22/01/2021 21:24,Esprit Sushi Fribourg,SamsungA40,179,Payout,Propriétaire,Caisse,300.00
22/01/2021 16:15,Esprit Sushi Fribourg,SamsungA40,178,Payout,Propriétaire,Postfinance,210.00
21/01/2021 22:54,Esprit Sushi Fribourg,Caisse principal 3,714,Payout,Propriétaire,"Postfinance ",350.00
21/01/2021 18:05,Esprit Sushi Fribourg,SamsungA40,178,Payout,Propriétaire,Caisse,400.00
21/01/2021 18:05,Esprit Sushi Fribourg,Caisse principal 3,714,Entrée,Propriétaire,Porte-monnaie,400.00
19/01/2021 15:22,Esprit Sushi Fribourg,Caisse principal 3,714,Payout,Propriétaire,"Postfinance ",740.00
17/01/2021 21:31,Esprit Sushi Fribourg,Caisse principal 3,713,Entrée,Propriétaire,Porte-monnaie,300.00
17/01/2021 21:30,Esprit Sushi Fribourg,SamsungA40,171,Payout,Propriétaire,"Caisse ",300.00
17/01/2021 21:11,Esprit Sushi Fribourg,SamsungA40,171,Payout,Propriétaire,"Pourboire carte ",1.50
14/01/2021 15:55,Esprit Sushi Fribourg,SamsungA40,168,Payout,Propriétaire,"Postfinance ",140.00
14/01/2021 09:45,Esprit Sushi Fribourg,Caisse principal 3,711,Payout,Propriétaire,"Postfinance ",100.00
12/01/2021 17:10,Esprit Sushi Fribourg,SamsungA40,166,Payout,Propriétaire,"Postfinance ",1100.00
12/01/2021 17:09,Esprit Sushi Fribourg,Caisse principal 3,711,Payout,Propriétaire,"Postfinance ",950.00
08/01/2021 20:07,Esprit Sushi Fribourg,SamsungA40,162,Payout,Propriétaire,"Pourboire carte ",1.10
07/01/2021 21:15,Esprit Sushi Fribourg,Caisse principal 3,711,Entrée,Propriétaire,Porte-monnaie,400.00
07/01/2021 21:13,Esprit Sushi Fribourg,SamsungA40,161,Payout,Propriétaire,"Caisse ",400.00
07/01/2021 20:46,Esprit Sushi Fribourg,Caisse principal 3,711,Payout,Propriétaire,Pourboire Carte,0.50
07/01/2021 18:56,Esprit Sushi Fribourg,SamsungA40,161,Payout,Propriétaire,"Pourboire carte ",2.30
05/01/2021 15:31,Esprit Sushi Fribourg,Caisse principal 3,710,Entrée,Propriétaire,"Monnaie ",40.00
04/01/2021 13:43,Esprit Sushi Fribourg,Caisse principal 3,710,Payout,Propriétaire,"Postfinance ",1220.00
03/01/2021 22:23,Esprit Sushi Fribourg,SamsungA40,158,Payout,Propriétaire,"Caisse ",650.00
03/01/2021 22:21,Esprit Sushi Fribourg,Caisse principal 3,710,Entrée,Propriétaire,Porte-monnaie,650.00
03/01/2021 20:36,Esprit Sushi Fribourg,SamsungA40,158,Payout,Propriétaire,"Pourboire carte ",4.00
02/01/2021 23:58,Esprit Sushi Fribourg,Caisse principal 3,709,Entrée,Propriétaire,Solde 31.12.20,679.25
02/01/2021 20:15,Esprit Sushi Fribourg,SamsungA40,157,Payout,Propriétaire,"Pourboire carte ",0.50
02/01/2021 19:22,Esprit Sushi Fribourg,SamsungA40,157,Payout,Propriétaire,"Pourboire carte ",4.60
29/12/2020 16:40,Esprit Sushi Fribourg,Caisse principal 3,707,Payout,Propriétaire,"Postfinance ",250.00
29/12/2020 16:39,Esprit Sushi Fribourg,SamsungA40,155,Entrée,Propriétaire,"Monnaie ",0.05
29/12/2020 16:37,Esprit Sushi Fribourg,SamsungA40,155,Payout,Propriétaire,"Postfinance ",400.00
26/12/2020 16:18,Esprit Sushi Fribourg,Caisse principal 3,706,Payout,Propriétaire,"Postfinance ",500.00
26/12/2020 16:15,Esprit Sushi Fribourg,SamsungA40,153,Payout,Propriétaire,"Postfinance ",400.00
24/12/2020 13:46,Esprit Sushi Fribourg,SamsungA40,152,Payout,Propriétaire,Lavage voiture,4.00
23/12/2020 17:54,Esprit Sushi Fribourg,Caisse principal 3,705,Entrée,Propriétaire,"Solde veille ",526.85
22/12/2020 22:47,Esprit Sushi Fribourg,Caisse principal 3,704,Entrée,Propriétaire,Montant avant veille,526.85
22/12/2020 21:13,Esprit Sushi Fribourg,SamsungA40,150,Payout,Propriétaire,"Pourboire carte ",1.60
22/12/2020 16:55,Esprit Sushi Fribourg,SamsungA40,150,Payout,Propriétaire,"Postfinance ",500.00
19/12/2020 11:39,Esprit Sushi Fribourg,SamsungA40,148,Payout,Propriétaire,"Postfinance ",500.00
17/12/2020 19:38,Esprit Sushi Fribourg,SamsungA40,146,Payout,Propriétaire,"Pourboire carte ",3.00
15/12/2020 17:49,Esprit Sushi Fribourg,Caisse principal 3,702,Payout,Propriétaire,"Postfinance ",550.00
15/12/2020 17:49,Esprit Sushi Fribourg,SamsungA40,144,Payout,Propriétaire,"Postfinance ",400.00
13/12/2020 19:38,Esprit Sushi Fribourg,SamsungA40,143,Payout,Propriétaire,"Pourboire carte ",0.50
12/12/2020 21:59,Esprit Sushi Fribourg,SamsungA40,142,Entrée,Propriétaire,Monnaie,10.00
08/12/2020 21:13,Esprit Sushi Fribourg,SamsungA40,138,Payout,Propriétaire,"Caisse ",400.00
08/12/2020 21:13,Esprit Sushi Fribourg,Caisse principal 3,701,Entrée,Propriétaire,"Depuis porte-monnaie ",400.00
08/12/2020 18:01,Esprit Sushi Fribourg,SamsungA40,138,Payout,Propriétaire,"Postfinance ",920.00
06/12/2020 23:25,Esprit Sushi Fribourg,Caisse principal 3,699,Payout,Propriétaire,"Postfinance ",400.00
06/12/2020 21:46,Esprit Sushi Fribourg,SamsungA40,137,Payout,Propriétaire,Pourboire carte,2.50
02/12/2020 19:07,Esprit Sushi Fribourg,SamsungA40,133,Payout,Propriétaire,"Pourboire carte ",2.60
01/12/2020 14:40,Esprit Sushi Fribourg,SamsungA40,132,Payout,Propriétaire,"Postfinance ",50.00
01/12/2020 14:40,Esprit Sushi Fribourg,Caisse principal 3,696,Payout,Propriétaire,"Postfinance ",930.00
01/12/2020 14:39,Esprit Sushi Fribourg,Caisse principal 3,696,Entrée,Propriétaire,"Erreur ",1238.95
01/12/2020 14:39,Esprit Sushi Fribourg,Caisse principal 3,696,Payout,Propriétaire,,1238.95
28/11/2020 22:47,Esprit Sushi Fribourg,Caisse principal 3,695,Entrée,Propriétaire,"Depuis porte-monnaie ",400.00
28/11/2020 22:45,Esprit Sushi Fribourg,SamsungA40,130,Payout,Propriétaire,Vers caisse,400.00
27/11/2020 21:56,Esprit Sushi Fribourg,Caisse principal 3,694,Entrée,Propriétaire,"Depuis porte-monnaie ",350.00
27/11/2020 21:56,Esprit Sushi Fribourg,SamsungA40,128,Payout,Propriétaire,,350.00
26/11/2020 22:20,Esprit Sushi Fribourg,SamsungA40,127,Payout,Propriétaire,"Postfinance ",200.00
26/11/2020 22:19,Esprit Sushi Fribourg,Caisse principal 3,693,Payout,Propriétaire,"Postfinance ",300.00
22/11/2020 22:22,Esprit Sushi Fribourg,Caisse principal 3,690,Payout,Propriétaire,"Postfinance ",600.00
22/11/2020 22:09,Esprit Sushi Fribourg,Caisse principal 3,690,Entrée,Propriétaire,"Depuis porte-monnaie ",900.00
22/11/2020 22:09,Esprit Sushi Fribourg,Caisse principal 3,690,Payout,Propriétaire,"Depuis porte-monnaie ",450.00
22/11/2020 20:58,Esprit Sushi Fribourg,SamsungA40,123,Payout,Propriétaire,"Caisse ",450.00
21/11/2020 22:14,Esprit Sushi Fribourg,Caisse principal 3,689,Payout,Propriétaire,Courses,100.00
21/11/2020 18:46,Esprit Sushi Fribourg,SamsungA40,122,Payout,Propriétaire,"Pourboire carte ",2.00
20/11/2020 16:31,Esprit Sushi Fribourg,SamsungA40,120,Payout,Propriétaire,Courses,100.00
18/11/2020 13:40,Esprit Sushi Fribourg,SamsungA40,119,Entrée,Propriétaire,Monnaie,24.00
15/11/2020 22:14,Esprit Sushi Fribourg,Caisse principal 3,685,Payout,Propriétaire,"Postfinance ",300.00
15/11/2020 22:12,Esprit Sushi Fribourg,SamsungA40,116,Payout,Propriétaire,"Postfinance ",300.00
14/11/2020 16:48,Esprit Sushi Fribourg,SamsungA40,114,Payout,Propriétaire,"Postfinance ",300.00
12/11/2020 17:38,Esprit Sushi Fribourg,SamsungA40,112,Payout,Propriétaire,Posted finance,150.00
11/11/2020 22:37,Esprit Sushi Fribourg,Caisse principal 3,681,Payout,Propriétaire,"Postfinance ",150.00
10/11/2020 14:43,Esprit Sushi Fribourg,Caisse principal 3,680,Entrée,Propriétaire,Monnaie,20.00
08/11/2020 22:33,Esprit Sushi Fribourg,Caisse principal 3,679,Payout,Propriétaire,"Postfinance ",770.00
07/11/2020 22:44,Esprit Sushi Fribourg,SamsungA40,108,Payout,Propriétaire,"Vers caisse ",400.00
07/11/2020 22:42,Esprit Sushi Fribourg,Caisse principal 3,677,Entrée,Propriétaire,"Depuis porte-monnaie ",400.00
05/11/2020 23:20,Esprit Sushi Fribourg,Caisse principal 3,675,Payout,Propriétaire,"Courses ",20.00
04/11/2020 16:24,Esprit Sushi Fribourg,SamsungA40,104,Payout,Propriétaire,"Postfinance ",180.00
01/11/2020 22:29,Esprit Sushi Fribourg,SamsungA40,102,Payout,Propriétaire,"Postfinance ",250.00
01/11/2020 22:28,Esprit Sushi Fribourg,Caisse principal 3,672,Payout,Propriétaire,"Postfinance ",60.00
31/10/2020 20:39,Esprit Sushi Fribourg,Caisse principal 3,672,Payout,Propriétaire,"Postfinance ",500.00
31/10/2020 20:39,Esprit Sushi Fribourg,Caisse principal 3,672,Entrée,Propriétaire,"Solde veille ",692.50
30/10/2020 22:22,Esprit Sushi Fribourg,Caisse principal 3,671,Payout,Propriétaire,"Courses ",20.00
30/10/2020 21:07,Esprit Sushi Fribourg,SamsungA40,99,Payout,Propriétaire,"Pourboire carte ",4.50
29/10/2020 22:25,Esprit Sushi Fribourg,Caisse principal 3,670,Entrée,Propriétaire,"Depuis porte-monnaie ",300.00
29/10/2020 22:24,Esprit Sushi Fribourg,SamsungA40,98,Payout,Propriétaire,"Caisse ",300.00
29/10/2020 22:10,Esprit Sushi Fribourg,SamsungA40,98,Payout,Propriétaire,Pourboire carte,4.10
29/10/2020 16:07,Esprit Sushi Fribourg,Caisse principal 3,669,Entrée,Propriétaire,"Solde veille ",372.50
25/10/2020 22:59,Esprit Sushi Fribourg,SamsungA40,95,Payout,Propriétaire,"Postfinance ",390.00
25/10/2020 22:52,Esprit Sushi Fribourg,Caisse principal 3,667,Payout,Propriétaire,"Postfinance ",210.00
24/10/2020 15:33,Esprit Sushi Fribourg,Caisse principal 3,666,Entrée,Propriétaire,Solde debut,266.60
24/10/2020 15:29,Esprit Sushi Fribourg,Caisse principal 3,666,Entrée,Propriétaire,Monnaie,20.00
24/10/2020 15:26,Esprit Sushi Fribourg,Caisse principal 3,666,Payout,Propriétaire,"Postfinance ",60.00
23/10/2020 21:24,Esprit Sushi Fribourg,SamsungA40,93,Payout,Propriétaire,Erreur entree,8.00
20/10/2020 15:53,Esprit Sushi Fribourg,SamsungA40,91,Payout,Propriétaire,Pos,300.00
18/10/2020 23:22,Esprit Sushi Fribourg,Caisse principal 3,664,Payout,Propriétaire,"Postfinance ",200.00
17/10/2020 20:51,Esprit Sushi Fribourg,Caisse principal 3,664,Payout,Propriétaire,"Courses ",20.00
16/10/2020 16:32,Esprit Sushi Fribourg,Caisse principal 3,664,Payout,Propriétaire,"Courses ",100.00
13/10/2020 15:09,Esprit Sushi Fribourg,SamsungA40,84,Payout,Propriétaire,"Postfinance ",300.00
11/10/2020 21:23,Esprit Sushi Fribourg,SamsungA40,83,Payout,Propriétaire,Pourboir carte,4.00
11/10/2020 20:57,Esprit Sushi Fribourg,SamsungA40,83,Payout,Propriétaire,"Parisienne verte pour client ",8.00
08/10/2020 22:26,Esprit Sushi Fribourg,SamsungA40,80,Payout,Propriétaire,"Postfinance ",100.00
04/10/2020 21:43,Esprit Sushi Fribourg,SamsungA40,76,Payout,Propriétaire,"Postfinance ",600.00
04/10/2020 21:42,Esprit Sushi Fribourg,Caisse principal 3,661,Payout,Propriétaire,Courses,20.00
04/10/2020 21:42,Esprit Sushi Fribourg,SamsungA40,76,Entrée,Propriétaire,Postfinance,300.00
03/10/2020 17:58,Esprit Sushi Fribourg,SamsungA40,75,Payout,Propriétaire,"Postfinance ",200.00
03/10/2020 16:58,Esprit Sushi Fribourg,Caisse principal 3,661,Entrée,Propriétaire,"Monnaie ",10.00
02/10/2020 23:01,Esprit Sushi Fribourg,Caisse principal 3,660,Payout,Propriétaire,"Postfinance ",200.00
01/10/2020 22:57,Esprit Sushi Fribourg,Caisse principal 3,659,Payout,Propriétaire,"Courses ",20.00
01/10/2020 16:31,Esprit Sushi Fribourg,Caisse principal 3,659,Payout,Propriétaire,"Postfinance ",50.00
30/09/2020 23:04,Esprit Sushi Fribourg,SamsungA40,71,Payout,Propriétaire,"Postfinance ",200.00
30/09/2020 23:04,Esprit Sushi Fribourg,Caisse principal 3,658,Payout,Propriétaire,"Postfinance ",150.00
29/09/2020 16:30,Esprit Sushi Fribourg,SamsungA40,69,Payout,Propriétaire,"Postfinance ",450.00
27/09/2020 22:14,Esprit Sushi Fribourg,Caisse principal 3,656,Payout,Propriétaire,"Postfinance ",150.00
26/09/2020 17:11,Esprit Sushi Fribourg,Caisse principal 3,656,Payout,Propriétaire,"Courses ",50.00
25/09/2020 15:03,Esprit Sushi Fribourg,SamsungA40,66,Payout,Propriétaire,"Postfinance ",300.00
24/09/2020 23:07,Esprit Sushi Fribourg,Caisse principal 3,655,Payout,Propriétaire,"Postfinance ",200.00
22/09/2020 15:03,Esprit Sushi Fribourg,SamsungA40,63,Payout,Propriétaire,"Postfinance ",390.00
22/09/2020 14:55,Esprit Sushi Fribourg,Caisse principal 3,653,Payout,Propriétaire,"Postfinance ",220.00
19/09/2020 22:10,Esprit Sushi Fribourg,Caisse principal 3,653,Payout,Propriétaire,"Erreur d'attribution ",93.50
19/09/2020 22:09,Esprit Sushi Fribourg,SamsungA40,61,Entrée,Propriétaire,"Erreur attribution ",93.50
18/09/2020 17:52,Esprit Sushi Fribourg,SamsungA40,60,Payout,Propriétaire,"Postfinance ",350.00
14/09/2020 16:47,Esprit Sushi Fribourg,Caisse principal 3,652,Payout,Propriétaire,"Postfinance ",270.00
14/09/2020 16:46,Esprit Sushi Fribourg,SamsungA40,55,Payout,Propriétaire,"Postfinance ",540.00
13/09/2020 15:52,Esprit Sushi Fribourg,Caisse principal 3,652,Payout,Propriétaire,"Courses ",50.00
10/09/2020 20:07,Esprit Sushi Fribourg,SamsungA40,51,Payout,Propriétaire,"Masque station ",1.50
10/09/2020 17:16,Esprit Sushi Fribourg,Caisse principal 3,649,Entrée,Propriétaire,Solde veille,493.60
08/09/2020 22:19,Esprit Sushi Fribourg,Caisse principal 3,648,Payout,Propriétaire,"Courses ",60.00
07/09/2020 10:49,Esprit Sushi Fribourg,Caisse principal 3,648,Payout,Propriétaire,"Postfinance ",150.00
07/09/2020 10:46,Esprit Sushi Fribourg,SamsungA40,48,Payout,Propriétaire,"Postfinance ",500.00
05/09/2020 16:07,Esprit Sushi Fribourg,Caisse principal 3,646,Payout,Propriétaire,Courses,100.00
02/09/2020 19:15,Esprit Sushi Fribourg,Caisse principal 3,646,Entrée,Propriétaire,"Depuis porte monnaie ",50.00
02/09/2020 19:14,Esprit Sushi Fribourg,SamsungA40,43,Payout,Propriétaire,Vers caisse,50.00
31/08/2020 20:11,Esprit Sushi Fribourg,Caisse principal 3,644,Payout,Propriétaire,"Postfinance ",750.00
31/08/2020 20:09,Esprit Sushi Fribourg,SamsungA40,41,Payout,Propriétaire,Postfinance,340.00
30/08/2020 20:31,Esprit Sushi Fribourg,SamsungA40,40,Payout,Propriétaire,"Bonne main carte ",0.50
28/08/2020 22:16,Esprit Sushi Fribourg,Caisse principal 3,642,Entrée,Propriétaire,Porte-monnaie,500.00
28/08/2020 22:15,Esprit Sushi Fribourg,SamsungA40,38,Payout,Propriétaire,"Caisse ",500.00
25/08/2020 21:59,Esprit Sushi Fribourg,Caisse principal 3,639,Payout,Propriétaire,Pourboire carte,2.00
25/08/2020 16:14,Esprit Sushi Fribourg,SamsungA40,34,Payout,Propriétaire,Postfinance,550.00
21/08/2020 22:00,Esprit Sushi Fribourg,SamsungA40,30,Payout,Propriétaire,"Bonne main carte credit ",5.00
14/07/2020 12:36,Esprit Sushi Fribourg,Caisse principal 3,638,Payout,Propriétaire,"Postfinance ",2289.10
11/07/2020 21:21,Esprit Sushi Fribourg,Caisse principal 3,636,Entrée,Propriétaire,Porte-monnaie,400.00
11/07/2020 21:20,Esprit Sushi Fribourg,SamsungA40,27,Payout,Propriétaire,"Caisse ",400.00
08/07/2020 20:37,Esprit Sushi Fribourg,Caisse principal 3,633,Entrée,Propriétaire,Depuis porte-monnaie,300.00
08/07/2020 20:37,Esprit Sushi Fribourg,SamsungA40,24,Payout,Propriétaire,"Vers caisse ",300.00
08/07/2020 18:05,Esprit Sushi Fribourg,Caisse principal 3,633,Entrée,Propriétaire,Depuis porte-monnaie,140.00
08/07/2020 18:04,Esprit Sushi Fribourg,SamsungA40,24,Payout,Propriétaire,"Vers caisse ",140.00
06/07/2020 18:05,Esprit Sushi Fribourg,Caisse principal 3,632,Entrée,Propriétaire,Porte-monnaie,400.00
06/07/2020 18:03,Esprit Sushi Fribourg,SamsungA40,22,Payout,Propriétaire,"Caisse ",400.00
04/07/2020 18:25,Esprit Sushi Fribourg,SamsungA40,20,Payout,Propriétaire,"Vers caisse ",220.00
04/07/2020 18:24,Esprit Sushi Fribourg,Caisse principal 3,630,Entrée,Propriétaire,Depuis porte-monnaie,220.00
03/07/2020 22:03,Esprit Sushi Fribourg,SamsungA40,19,Payout,Propriétaire,"Bonne main carte ",3.20
02/07/2020 22:38,Esprit Sushi Fribourg,Caisse principal 3,628,Payout,Propriétaire,"Postfinance ",1600.00
30/06/2020 21:07,Esprit Sushi Fribourg,Caisse principal 3,626,Entrée,Propriétaire,Porte-monnaie,400.00
30/06/2020 21:07,Esprit Sushi Fribourg,SamsungA40,16,Payout,Propriétaire,"Caisse ",400.00
28/06/2020 21:44,Esprit Sushi Fribourg,Caisse principal 3,624,Entrée,Propriétaire,Depuis porte-monnaie,400.00
28/06/2020 17:54,Esprit Sushi Fribourg,SamsungA40,14,Payout,Propriétaire,"Caisse ",400.00
26/06/2020 18:12,Esprit Sushi Fribourg,Caisse principal 3,622,Entrée,Propriétaire,Depuis porte-monnaie,290.00
26/06/2020 18:11,Esprit Sushi Fribourg,SamsungA40,12,Payout,Propriétaire,"Vers caisse ",290.00
24/06/2020 18:12,Esprit Sushi Fribourg,Caisse principal 3,620,Entrée,Propriétaire,Depuis porte-monnaie,270.00
24/06/2020 18:11,Esprit Sushi Fribourg,SamsungA40,10,Payout,Propriétaire,"Vers caisse ",270.00
23/06/2020 23:54,Esprit Sushi Fribourg,Caisse principal 3,619,Payout,Propriétaire,"Postfinance ",650.00
23/06/2020 19:52,Esprit Sushi Fribourg,SamsungA40,9,Payout,Propriétaire,Pourboire carte,7.00
21/06/2020 18:06,Esprit Sushi Fribourg,Caisse principal 3,617,Entrée,Propriétaire,Porte-monnaie,400.00
21/06/2020 18:05,Esprit Sushi Fribourg,SamsungA40,7,Payout,Propriétaire,"Caisse ",400.00
20/06/2020 11:29,Esprit Sushi Fribourg,Caisse principal 3,615,Payout,Propriétaire,"Postfinance ",700.00
18/06/2020 21:29,Esprit Sushi Fribourg,SamsungA40,4,Payout,Propriétaire,"Bonne main carte ",2.10
18/06/2020 17:58,Esprit Sushi Fribourg,Caisse principal 3,614,Entrée,Propriétaire,Depuis porte-monnaie,100.00
18/06/2020 17:58,Esprit Sushi Fribourg,SamsungA40,4,Payout,Propriétaire,"Vers caisse ",100.00
18/06/2020 17:12,Esprit Sushi Fribourg,Caisse principal 3,614,Payout,Propriétaire,Courses,100.00
17/06/2020 18:04,Esprit Sushi Fribourg,Caisse principal 3,613,Entrée,Propriétaire,Depuis porte-monnaie,260.00
17/06/2020 18:04,Esprit Sushi Fribourg,SamsungA40,3,Payout,Propriétaire,"Vers caisse ",260.00
16/06/2020 17:57,Esprit Sushi Fribourg,Caisse principal 3,612,Entrée,Propriétaire,Depuis bourse,200.00
16/06/2020 17:56,Esprit Sushi Fribourg,SamsungA40,2,Payout,Propriétaire,"Vers caisse ",200.00
14/06/2020 22:08,Esprit Sushi Fribourg,Caisse principal 3,610,Entrée,Propriétaire,"Commande eat validé cash sur téléphone ",36.00
14/06/2020 13:33,Esprit Sushi Fribourg,Caisse principal 3,609,Payout,Propriétaire,"Postfinance ",1850.00
14/06/2020 13:30,Esprit Sushi Fribourg,Caisse principal 3,609,Payout,Propriétaire,"Courses ",50.00
13/06/2020 21:06,Esprit Sushi Fribourg,Caisse principal 3,609,Entrée,Propriétaire,Depuis bourse,260.00
13/06/2020 21:05,Esprit Sushi Fribourg,Terminal mobile,697,Payout,Propriétaire,Vers caisse,260.00
13/06/2020 18:05,Esprit Sushi Fribourg,Caisse principal 3,609,Entrée,Propriétaire,Depuis bourse,100.00
13/06/2020 18:05,Esprit Sushi Fribourg,Terminal mobile,697,Payout,Propriétaire,"Vers caisse ",100.00
13/06/2020 16:40,Esprit Sushi Fribourg,Caisse principal 3,609,Payout,Propriétaire,"Postfinance ",300.00
11/06/2020 22:14,Esprit Sushi Fribourg,Caisse principal 3,608,Entrée,Propriétaire,Porte-monnaie,600.00
11/06/2020 22:14,Esprit Sushi Fribourg,Terminal mobile,695,Payout,Propriétaire,"Caisse ",600.00
08/06/2020 21:42,Esprit Sushi Fribourg,Terminal mobile,692,Payout,Propriétaire,"Bonne main carte ",4.10
07/06/2020 21:23,Esprit Sushi Fribourg,Caisse principal 3,604,Entrée,Propriétaire,Porte-monnaie,400.00
07/06/2020 21:22,Esprit Sushi Fribourg,Terminal mobile,691,Payout,Propriétaire,"Caisse ",400.00
06/06/2020 13:34,Esprit Sushi Fribourg,Caisse principal 3,603,Payout,Propriétaire,"Postfinance ",650.00
05/06/2020 21:45,Esprit Sushi Fribourg,Caisse principal 3,602,Entrée,Propriétaire,Porte-monnaie,500.00
05/06/2020 21:44,Esprit Sushi Fribourg,Terminal mobile,689,Payout,Propriétaire,Caisse,500.00
03/06/2020 18:04,Esprit Sushi Fribourg,Caisse principal 3,601,Entrée,Propriétaire,Depuis bourse,170.00
03/06/2020 18:02,Esprit Sushi Fribourg,Terminal mobile,687,Payout,Propriétaire,"Vers caisse ",170.00
01/06/2020 09:24,Esprit Sushi Fribourg,Caisse principal 3,599,Payout,Propriétaire,"Postfinance ",1220.00
30/05/2020 22:43,Esprit Sushi Fribourg,Caisse principal 3,596,Payout,Propriétaire,Courses,50.00
30/05/2020 21:32,Esprit Sushi Fribourg,Terminal mobile,684,Payout,Propriétaire,"Caisse ",400.00
30/05/2020 21:31,Esprit Sushi Fribourg,Caisse principal 3,596,Entrée,Propriétaire,Porte-monnaie,400.00
30/05/2020 20:58,Esprit Sushi Fribourg,Terminal mobile,684,Payout,Propriétaire,"Pourboire carte ",2.80
30/05/2020 14:16,Esprit Sushi Fribourg,Caisse principal 3,596,Payout,Propriétaire,"Courses ",150.00
29/05/2020 19:12,Esprit Sushi Fribourg,Caisse principal 3,595,Payout,Propriétaire,Pourboire Carte,1.10
27/05/2020 21:39,Esprit Sushi Fribourg,Caisse principal 3,593,Entrée,Propriétaire,Depuis bourse,210.00
27/05/2020 21:39,Esprit Sushi Fribourg,Terminal mobile,681,Payout,Propriétaire,"Vers caisse ",210.00
27/05/2020 17:58,Esprit Sushi Fribourg,Terminal mobile,681,Payout,Propriétaire,"Pourboire carte ",2.50
26/05/2020 22:15,Esprit Sushi Fribourg,Terminal mobile,680,Payout,Propriétaire,Remboursement riz anna Okruzhnova,3.50
24/05/2020 21:13,Esprit Sushi Fribourg,Terminal mobile,679,Payout,Propriétaire,"Nettoyage voiture ",5.00
24/05/2020 19:32,Esprit Sushi Fribourg,Caisse principal 3,591,Entrée,Propriétaire,Depuis bourse,200.00
24/05/2020 19:32,Esprit Sushi Fribourg,Terminal mobile,679,Payout,Propriétaire,Vers caisse,200.00
23/05/2020 13:23,Esprit Sushi Fribourg,Caisse principal 3,588,Payout,Propriétaire,"Postfinance ",500.00
22/05/2020 20:19,Esprit Sushi Fribourg,Caisse principal 3,588,Entrée,Propriétaire,Depuis bourse,290.00
22/05/2020 20:18,Esprit Sushi Fribourg,Terminal mobile,677,Payout,Propriétaire,"Vers caisse ",290.00
22/05/2020 00:01,Esprit Sushi Fribourg,Caisse principal 3,587,Entrée,Propriétaire,Solde veille,579.70
20/05/2020 23:22,Esprit Sushi Fribourg,Caisse principal 3,586,Payout,Propriétaire,"Postfinance ",500.00
20/05/2020 20:23,Esprit Sushi Fribourg,Terminal mobile,675,Payout,Propriétaire,"Pourboire carte ",2.00
16/05/2020 13:20,Esprit Sushi Fribourg,Caisse principal 3,582,Payout,Propriétaire,"Postfinance ",800.00
12/05/2020 22:34,Esprit Sushi Fribourg,Caisse principal 3,579,Entrée,Propriétaire,Depuis porte-monnaie,330.10
12/05/2020 22:33,Esprit Sushi Fribourg,Terminal mobile,667,Payout,Propriétaire,Vers caisse,330.10
10/05/2020 00:24,Esprit Sushi Fribourg,Caisse principal 3,576,Payout,Propriétaire,"Postfinance ",2700.00
08/05/2020 23:19,Esprit Sushi Fribourg,Terminal mobile,663,Payout,Propriétaire,Pourboire carte,3.10
05/05/2020 17:56,Esprit Sushi Fribourg,Caisse principal 3,576,Entrée,Propriétaire,Porte-monnaie,700.00
05/05/2020 17:56,Esprit Sushi Fribourg,Terminal mobile,659,Payout,Propriétaire,"Caisse ",700.00
30/04/2020 22:00,Esprit Sushi Fribourg,Caisse principal 3,574,Entrée,Propriétaire,"Depuis porte-monnaie ",103.40
30/04/2020 22:00,Esprit Sushi Fribourg,Terminal mobile,655,Payout,Propriétaire,"Vers caisse ",103.40
29/04/2020 22:53,Esprit Sushi Fribourg,Terminal mobile,654,Payout,Propriétaire,"Pourboire carte ",1.50
28/04/2020 14:33,Esprit Sushi Fribourg,Terminal mobile,653,Payout,Propriétaire,"Postfinance ",300.00
27/04/2020 11:08,Esprit Sushi Fribourg,Caisse principal 3,573,Payout,Propriétaire,"Postfinance ",1300.00
26/04/2020 21:11,Esprit Sushi Fribourg,Terminal mobile,652,Payout,Propriétaire,"Pourboire carte ",2.00
25/04/2020 22:26,Esprit Sushi Fribourg,Terminal mobile,651,Payout,Propriétaire,"Pourboire ",4.50
25/04/2020 17:05,Esprit Sushi Fribourg,Terminal mobile,651,Payout,Propriétaire,"Facture farmacie ",5.95
24/04/2020 18:01,Esprit Sushi Fribourg,Caisse principal 3,573,Entrée,Propriétaire,,350.00
24/04/2020 18:01,Esprit Sushi Fribourg,Terminal mobile,650,Payout,Propriétaire,,350.00
23/04/2020 18:03,Esprit Sushi Fribourg,Terminal mobile,650,Payout,Propriétaire,"Essence ",38.60
21/04/2020 15:20,Esprit Sushi Fribourg,Terminal mobile,648,Payout,Propriétaire,"Postfinance ",200.00
20/04/2020 18:20,Esprit Sushi Fribourg,Caisse principal 3,572,Payout,Propriétaire,"Postfinance ",300.00
19/04/2020 00:20,Esprit Sushi Fribourg,Caisse principal 3,571,Payout,Propriétaire,"Postfinance ",1000.00
17/04/2020 17:55,Esprit Sushi Fribourg,Caisse principal 3,571,Entrée,Propriétaire,Porte-monnaie,500.00
17/04/2020 17:53,Esprit Sushi Fribourg,Terminal mobile,645,Payout,Propriétaire,"Caisse ",500.00
14/04/2020 15:53,Esprit Sushi Fribourg,Terminal mobile,642,Payout,Propriétaire,"Postfinance ",100.00
12/04/2020 23:41,Esprit Sushi Fribourg,Caisse principal 3,570,Payout,Propriétaire,"Postfinance ",1000.00
12/04/2020 19:14,Esprit Sushi Fribourg,Terminal mobile,641,Payout,Propriétaire,"Pourboire ",2.50
12/04/2020 18:03,Esprit Sushi Fribourg,Terminal mobile,641,Entrée,Propriétaire,"Erreur ",100.00
12/04/2020 18:03,Esprit Sushi Fribourg,Terminal mobile,641,Payout,Propriétaire,Caisse,550.00
12/04/2020 15:15,Esprit Sushi Fribourg,Caisse principal 3,570,Entrée,Propriétaire,Solde veille,1319.60
11/04/2020 23:50,Esprit Sushi Fribourg,Caisse principal 3,569,Entrée,Propriétaire,"De porte-monnaie ",450.00
08/04/2020 20:03,Esprit Sushi Fribourg,Terminal mobile,637,Payout,Propriétaire,,1.50
08/04/2020 10:28,Esprit Sushi Fribourg,Caisse principal 3,567,Payout,Propriétaire,"Postfinance ",900.00
08/04/2020 10:28,Esprit Sushi Fribourg,Caisse principal 3,567,Entrée,Propriétaire,"Solde dimanche ",1409.80
05/04/2020 20:13,Esprit Sushi Fribourg,Terminal mobile,635,Payout,Propriétaire,"Pourboire ",3.50
04/04/2020 22:40,Esprit Sushi Fribourg,Caisse principal 3,565,Entrée,Propriétaire,"De porte-monnaie ",550.00
04/04/2020 22:35,Esprit Sushi Fribourg,Terminal mobile,634,Payout,Propriétaire,Caisse,550.00
01/04/2020 23:01,Esprit Sushi Fribourg,Caisse principal 3,564,Payout,Propriétaire,"Pourboire Carte ",3.00
22/03/2020 00:37,Esprit Sushi Fribourg,Caisse principal 3,563,Payout,Propriétaire,"Postfinance ",200.00
22/03/2020 00:37,Esprit Sushi Fribourg,Caisse principal 3,563,Entrée,Propriétaire,"Monnaie ",10.00
20/03/2020 19:52,Esprit Sushi Fribourg,Terminal mobile,628,Payout,Propriétaire,"Pourboire carte ",1.60
19/03/2020 17:08,Esprit Sushi Fribourg,Caisse principal 3,561,Entrée,Propriétaire,"Erreur de retrait de la veille ",110.00
18/03/2020 23:18,Esprit Sushi Fribourg,Caisse principal 3,560,Payout,Propriétaire,"Postfinance ",1100.00
18/03/2020 19:22,Esprit Sushi Fribourg,Caisse principal 3,560,Payout,Propriétaire,Remboursement carte de fidélité pleine,10.00
17/03/2020 22:59,Esprit Sushi Fribourg,Caisse principal 3,559,Entrée,Propriétaire,"De porte-monnaie ",50.00
17/03/2020 22:58,Esprit Sushi Fribourg,Caisse principal 3,559,Entrée,Propriétaire,"De porte-monnaie ",500.00
17/03/2020 21:28,Esprit Sushi Fribourg,Terminal mobile,625,Payout,Propriétaire,Caisse,550.00
15/03/2020 13:36,Esprit Sushi Fribourg,Caisse principal 3,556,Payout,Propriétaire,"Courses ",50.00
14/03/2020 18:10,Esprit Sushi Fribourg,Terminal mobile,622,Payout,Propriétaire,"Pourboire ",1.10
14/03/2020 17:37,Esprit Sushi Fribourg,Caisse principal 3,556,Entrée,Propriétaire,"Depuis porte-monnaie ",300.00
14/03/2020 17:37,Esprit Sushi Fribourg,Terminal mobile,622,Payout,Propriétaire,Vers caisse,300.00
11/03/2020 22:22,Esprit Sushi Fribourg,Caisse principal 3,553,Payout,Propriétaire,"Postfinance ",500.00
11/03/2020 19:02,Esprit Sushi Fribourg,Terminal mobile,618,Payout,Propriétaire,"Pourboire carte ",2.10
09/03/2020 18:09,Esprit Sushi Fribourg,Terminal mobile,616,Payout,Propriétaire,,200.00
09/03/2020 18:08,Esprit Sushi Fribourg,Caisse principal 3,552,Entrée,Propriétaire,,200.00
08/03/2020 23:28,Esprit Sushi Fribourg,Caisse principal 3,551,Payout,Propriétaire,"Postfinance ",1100.00
07/03/2020 20:57,Esprit Sushi Fribourg,Caisse principal 3,551,Entrée,Propriétaire,Depuis porte-monnaie,300.00
07/03/2020 20:56,Esprit Sushi Fribourg,Terminal mobile,614,Payout,Propriétaire,Vers caisse,300.00
07/03/2020 17:18,Esprit Sushi Fribourg,Caisse principal 3,551,Entrée,Propriétaire,Depuis porte-monnaie,390.00
07/03/2020 17:17,Esprit Sushi Fribourg,Terminal mobile,614,Payout,Propriétaire,"Vers caisse ",390.00
07/03/2020 14:39,Esprit Sushi Fribourg,Caisse principal 3,551,Payout,Propriétaire,"Courses ",50.00
04/03/2020 21:58,Esprit Sushi Fribourg,Terminal mobile,612,Payout,Propriétaire,"Pourboire carte ",2.30
03/03/2020 16:10,Esprit Sushi Fribourg,Terminal mobile,611,Payout,Propriétaire,"Postfinance ",100.00
02/03/2020 22:40,Esprit Sushi Fribourg,Caisse principal 3,546,Payout,Propriétaire,"Postfinance ",300.00
02/03/2020 21:21,Esprit Sushi Fribourg,Terminal mobile,610,Payout,Propriétaire,"Pourboire carte ",2.60
02/03/2020 17:58,Esprit Sushi Fribourg,Terminal mobile,610,Payout,Propriétaire,,300.00
02/03/2020 17:57,Esprit Sushi Fribourg,Caisse principal 3,546,Entrée,Propriétaire,,300.00
02/03/2020 14:41,Esprit Sushi Fribourg,Caisse principal 3,545,Payout,Propriétaire,"Postfinance ",500.00
01/03/2020 18:12,Esprit Sushi Fribourg,Caisse principal 3,545,Entrée,Propriétaire,,200.00
01/03/2020 18:12,Esprit Sushi Fribourg,Terminal mobile,609,Payout,Propriétaire,,200.00
01/03/2020 15:09,Esprit Sushi Fribourg,Caisse principal 3,545,Payout,Propriétaire,"Courses ",60.00
27/02/2020 20:08,Esprit Sushi Fribourg,Terminal mobile,606,Payout,Propriétaire,Cigarettes,7.80
26/02/2020 23:10,Esprit Sushi Fribourg,Caisse principal 3,541,Payout,Propriétaire,"Postfinance ",100.00
25/02/2020 22:19,Esprit Sushi Fribourg,Caisse principal 3,540,Payout,Propriétaire,"Postfinance ",500.00
25/02/2020 21:05,Esprit Sushi Fribourg,Caisse principal 3,540,Entrée,Propriétaire,Depuis porte-monnaie,200.00
25/02/2020 21:04,Esprit Sushi Fribourg,Terminal mobile,604,Payout,Propriétaire,"Vers  caisse ",200.00
24/02/2020 20:09,Esprit Sushi Fribourg,Terminal mobile,603,Payout,Propriétaire,"Pourboire ",1.10
24/02/2020 18:00,Esprit Sushi Fribourg,Caisse principal 3,539,Entrée,Propriétaire,,130.00
24/02/2020 18:00,Esprit Sushi Fribourg,Terminal mobile,603,Payout,Propriétaire,,130.00
24/02/2020 15:25,Esprit Sushi Fribourg,Caisse principal 3,539,Payout,Propriétaire,"Postfinance ",850.00
22/02/2020 21:16,Esprit Sushi Fribourg,Terminal mobile,601,Payout,Propriétaire,"Pourboire carte ",2.00
22/02/2020 21:15,Esprit Sushi Fribourg,Caisse principal 3,537,Entrée,Propriétaire,"Depuis porte-monnaie ",400.00
22/02/2020 21:14,Esprit Sushi Fribourg,Terminal mobile,601,Payout,Propriétaire,Vers caisse,400.00
20/02/2020 17:29,Esprit Sushi Fribourg,Caisse principal 3,535,Entrée,Propriétaire,"Monnaie ",40.00
16/02/2020 22:22,Esprit Sushi Fribourg,Caisse principal 3,531,Payout,Propriétaire,"Postfinance ",1600.00
16/02/2020 21:41,Esprit Sushi Fribourg,Terminal mobile,595,Payout,Propriétaire,,255.00
16/02/2020 21:41,Esprit Sushi Fribourg,Caisse principal 3,531,Entrée,Propriétaire,,255.00
16/02/2020 21:41,Esprit Sushi Fribourg,Caisse principal 3,531,Entrée,Propriétaire,,400.00
16/02/2020 18:02,Esprit Sushi Fribourg,Terminal mobile,595,Payout,Propriétaire,"Caisse ",400.00
15/02/2020 00:45,Esprit Sushi Fribourg,Caisse principal 3,529,Payout,Propriétaire,Courses,100.00
14/02/2020 09:15,Esprit Sushi Fribourg,Caisse principal 3,529,Payout,Propriétaire,"Courses ",50.00
12/02/2020 22:38,Esprit Sushi Fribourg,Terminal mobile,591,Payout,Propriétaire,"Caisse ",400.00
12/02/2020 22:37,Esprit Sushi Fribourg,Caisse principal 3,527,Entrée,Propriétaire,"Depuis porte-monnaie ",400.00
11/02/2020 21:24,Esprit Sushi Fribourg,Caisse principal 3,526,Payout,Propriétaire,"Postfinance ",200.00
11/02/2020 18:58,Esprit Sushi Fribourg,Caisse principal 3,526,Entrée,Propriétaire,Solde veille,463.30
10/02/2020 21:56,Esprit Sushi Fribourg,Caisse principal 3,525,Payout,Propriétaire,"Postfinance ",640.00
10/02/2020 16:08,Esprit Sushi Fribourg,Terminal mobile,587,Entrée,Propriétaire,Oubli 30 franc,30.00
10/02/2020 16:05,Esprit Sushi Fribourg,Terminal mobile,586,Payout,Propriétaire,"Vers caisse ",500.00
10/02/2020 16:04,Esprit Sushi Fribourg,Caisse principal 3,525,Entrée,Propriétaire,"Depuis porte-monnaie ",500.00
10/02/2020 16:02,Esprit Sushi Fribourg,Caisse principal 3,525,Payout,Propriétaire,Courses,20.00
08/02/2020 21:15,Esprit Sushi Fribourg,Terminal mobile,584,Payout,Propriétaire,"Pourboire carte ",0.10
08/02/2020 19:02,Esprit Sushi Fribourg,Terminal mobile,584,Payout,Propriétaire,"Pourboire carte ",2.00
07/02/2020 23:14,Esprit Sushi Fribourg,Caisse principal 3,521,Payout,Propriétaire,Courses,100.00
07/02/2020 20:07,Esprit Sushi Fribourg,Terminal mobile,583,Payout,Propriétaire,"Pourboire carte ",4.10
07/02/2020 17:13,Esprit Sushi Fribourg,Caisse principal 3,521,Entrée,Propriétaire,"Monnaie ",30.00
07/02/2020 15:12,Esprit Sushi Fribourg,Caisse principal 3,520,Entrée,Propriétaire,Monnaie billet de 10,40.00
07/02/2020 15:10,Esprit Sushi Fribourg,Terminal mobile,583,Entrée,Propriétaire,"Monnaie ",50.00
05/02/2020 22:07,Esprit Sushi Fribourg,Caisse principal 3,519,Payout,Propriétaire,"Postfinance ",200.00
05/02/2020 15:36,Esprit Sushi Fribourg,Caisse principal 3,519,Entrée,Propriétaire,"Monnaie pour caisse ",45.00
05/02/2020 15:36,Esprit Sushi Fribourg,Terminal mobile,581,Payout,Propriétaire,"Monnaie pour caisse ",45.00
03/02/2020 20:27,Esprit Sushi Fribourg,Terminal mobile,579,Payout,Propriétaire,"Pourboire carte ",3.50
03/02/2020 16:12,Esprit Sushi Fribourg,Caisse principal 3,517,Entrée,Propriétaire,"Monnaie ",20.00
03/02/2020 15:38,Esprit Sushi Fribourg,Terminal mobile,579,Payout,Propriétaire,"Postfinance ",120.00
03/02/2020 15:34,Esprit Sushi Fribourg,Terminal mobile,578,Payout,Propriétaire,"Postfinance ",120.00
02/02/2020 23:44,Esprit Sushi Fribourg,Caisse principal 3,516,Payout,Propriétaire,"Postfinance ",200.00
02/02/2020 20:07,Esprit Sushi Fribourg,Terminal mobile,577,Payout,Propriétaire,"Pourboire carte ",2.00
01/02/2020 16:42,Esprit Sushi Fribourg,Caisse principal 3,515,Payout,Propriétaire,"Postfinance ",400.00
31/01/2020 23:30,Esprit Sushi Fribourg,Caisse principal 3,514,Payout,Propriétaire,"Courses ",20.00
31/01/2020 23:29,Esprit Sushi Fribourg,Caisse principal 3,514,Entrée,Propriétaire,"Depuis porte-monnaie ",500.00
31/01/2020 22:16,Esprit Sushi Fribourg,Terminal mobile,575,Payout,Propriétaire,"Caisse ",500.00
31/01/2020 21:18,Esprit Sushi Fribourg,Terminal mobile,575,Payout,Propriétaire,"Pourboire carte ",3.00
31/01/2020 15:56,Esprit Sushi Fribourg,Terminal mobile,575,Payout,Propriétaire,"Courses ",100.00
28/01/2020 23:00,Esprit Sushi Fribourg,Caisse principal 3,509,Payout,Propriétaire,,600.00
28/01/2020 21:42,Esprit Sushi Fribourg,Caisse principal 3,509,Entrée,Propriétaire,"Depuis porte-monnaie ",300.00
28/01/2020 21:41,Esprit Sushi Fribourg,Terminal mobile,572,Payout,Propriétaire,"Courses ",300.00
27/01/2020 17:55,Esprit Sushi Fribourg,Terminal mobile,571,Payout,Propriétaire,,200.00
27/01/2020 15:21,Esprit Sushi Fribourg,Caisse principal 3,508,Payout,Propriétaire,"Postfinance ",240.00
26/01/2020 12:54,Esprit Sushi Fribourg,Caisse principal 3,506,Payout,Propriétaire,"Postfinance ",500.00
26/01/2020 12:53,Esprit Sushi Fribourg,Terminal mobile,570,Payout,Propriétaire,"Postfinance ",500.00
24/01/2020 21:42,Esprit Sushi Fribourg,Terminal mobile,568,Payout,Propriétaire,"Pourboire carte ",2.10
21/01/2020 15:27,Esprit Sushi Fribourg,Terminal mobile,564,Payout,Propriétaire,"Postfinance ",700.00
20/01/2020 15:39,Esprit Sushi Fribourg,Terminal mobile,562,Payout,Propriétaire,"Courses ",200.00
19/01/2020 16:13,Esprit Sushi Fribourg,Caisse principal 3,500,Payout,Propriétaire,"Courses ",50.00
17/01/2020 14:50,Esprit Sushi Fribourg,Caisse principal 3,497,Payout,Propriétaire,Courses,120.00
17/01/2020 14:49,Esprit Sushi Fribourg,Caisse principal 3,497,Payout,Propriétaire,Courses,40.00
16/01/2020 16:03,Esprit Sushi Fribourg,Caisse principal 3,496,Payout,Propriétaire,Courses,60.00
15/01/2020 16:03,Esprit Sushi Fribourg,Caisse principal 3,496,Payout,Propriétaire,"Courses ",14.00
14/01/2020 21:29,Esprit Sushi Fribourg,Caisse principal 3,495,Entrée,Propriétaire,Erreur veille,67.40
12/01/2020 23:11,Esprit Sushi Fribourg,Caisse principal 3,493,Payout,Propriétaire,"Postfinance ",800.00
12/01/2020 17:58,Esprit Sushi Fribourg,Caisse principal 3,493,Entrée,Propriétaire,,400.00
12/01/2020 17:57,Esprit Sushi Fribourg,Terminal mobile,552,Payout,Propriétaire,,400.00
10/01/2020 22:40,Esprit Sushi Fribourg,Caisse principal 3,491,Payout,Propriétaire,"Course ",50.00
09/01/2020 17:24,Esprit Sushi Fribourg,Caisse principal 3,489,Payout,Propriétaire,Courses,30.00
06/01/2020 18:31,Esprit Sushi Fribourg,Terminal mobile,546,Payout,Propriétaire,,350.00
05/01/2020 23:47,Esprit Sushi Fribourg,Caisse principal 3,486,Payout,Propriétaire,"Postfinance ",620.00
05/01/2020 18:00,Esprit Sushi Fribourg,Terminal mobile,545,Payout,Propriétaire,,200.00
05/01/2020 18:00,Esprit Sushi Fribourg,Caisse principal 3,486,Entrée,Propriétaire,,200.00
04/01/2020 16:38,Esprit Sushi Fribourg,Caisse principal 3,485,Payout,Propriétaire,Courses migros,57.20
03/01/2020 18:03,Esprit Sushi Fribourg,Terminal mobile,543,Payout,Propriétaire,"Postfinance ",200.00
02/01/2020 22:47,Esprit Sushi Fribourg,Caisse principal 3,483,Payout,Propriétaire,"Postfinance ",800.00
02/01/2020 18:01,Esprit Sushi Fribourg,Caisse principal 3,483,Entrée,Propriétaire,Porte-monnaie,450.00
02/01/2020 18:00,Esprit Sushi Fribourg,Terminal mobile,542,Payout,Propriétaire,Caisse,450.00
02/01/2020 16:18,Esprit Sushi Fribourg,Caisse principal 3,483,Payout,Propriétaire,Courses,100.00
02/01/2020 16:18,Esprit Sushi Fribourg,Caisse principal 3,483,Entrée,Propriétaire,"Erreur attribution ",148.00
02/01/2020 16:11,Esprit Sushi Fribourg,Terminal mobile,541,Payout,Propriétaire,Erreur attribution,148.00
31/12/2019 11:30,Esprit Sushi Fribourg,Caisse principal 3,483,Payout,Propriétaire,Courses,50.00
30/12/2019 21:55,Esprit Sushi Fribourg,Terminal mobile,540,Payout,Propriétaire,"Pourboire ",1.50
30/12/2019 16:36,Esprit Sushi Fribourg,Caisse principal 3,482,Payout,Propriétaire,"Courses ",15.00
29/12/2019 17:57,Esprit Sushi Fribourg,Caisse principal 3,481,Entrée,Propriétaire,,200.00
29/12/2019 17:56,Esprit Sushi Fribourg,Terminal mobile,539,Payout,Propriétaire,,200.00
29/12/2019 15:55,Esprit Sushi Fribourg,Caisse principal 3,481,Payout,Propriétaire,"Courses ",90.00
28/12/2019 17:43,Esprit Sushi Fribourg,Caisse principal 3,480,Payout,Propriétaire,"Courses ",80.00
27/12/2019 22:12,Esprit Sushi Fribourg,Caisse principal 3,480,Payout,Propriétaire,"Pourboire ",1.50
26/12/2019 19:10,Esprit Sushi Fribourg,Terminal mobile,536,Payout,Propriétaire,"Pourboire carte ",1.50
26/12/2019 16:18,Esprit Sushi Fribourg,Caisse principal 3,478,Payout,Propriétaire,"Postfinance ",100.00
26/12/2019 16:16,Esprit Sushi Fribourg,Terminal mobile,536,Payout,Propriétaire,"Postfinance ",400.00
24/12/2019 18:58,Esprit Sushi Fribourg,Caisse principal 3,476,Payout,Propriétaire,"Postfinance de ",300.00
24/12/2019 12:05,Esprit Sushi Fribourg,Terminal mobile,535,Payout,Propriétaire,Pourboire carte Dario,4.10
23/12/2019 21:12,Esprit Sushi Fribourg,Caisse principal 3,475,Entrée,Propriétaire,"Oubli monnaie rechange ",20.00
23/12/2019 20:15,Esprit Sushi Fribourg,Terminal mobile,534,Entrée,Propriétaire,Correction comptage ouverture,470.50
22/12/2019 22:51,Esprit Sushi Fribourg,Caisse principal 3,474,Payout,Propriétaire,"Postfinance de ",1050.00
22/12/2019 18:04,Esprit Sushi Fribourg,Terminal mobile,533,Payout,Propriétaire,,200.00
22/12/2019 18:03,Esprit Sushi Fribourg,Caisse principal 3,474,Entrée,Propriétaire,,200.00
20/12/2019 22:23,Esprit Sushi Fribourg,Caisse principal 3,472,Entrée,Propriétaire,Porte-monnaie,450.00
20/12/2019 22:23,Esprit Sushi Fribourg,Terminal mobile,532,Payout,Propriétaire,Caisse,450.00
17/12/2019 21:28,Esprit Sushi Fribourg,Terminal mobile,529,Payout,Propriétaire,"Pourboire carte ",1.50
17/12/2019 20:22,Esprit Sushi Fribourg,Terminal mobile,529,Payout,Propriétaire,"Pourboire carte ",1.50
16/12/2019 15:46,Esprit Sushi Fribourg,Terminal mobile,528,Payout,Propriétaire,"Postfinance ",150.00
15/12/2019 23:43,Esprit Sushi Fribourg,Caisse principal 3,466,Payout,Propriétaire,"Postfinance ",555.00
15/12/2019 21:59,Esprit Sushi Fribourg,Terminal mobile,527,Payout,Propriétaire,"Pourboire carte ",2.00
15/12/2019 15:42,Esprit Sushi Fribourg,Caisse principal 3,466,Payout,Propriétaire,"Courses ",50.00
15/12/2019 15:42,Esprit Sushi Fribourg,Caisse principal 3,466,Entrée,Propriétaire,"Depuis porte-monnaie ",400.00
15/12/2019 15:39,Esprit Sushi Fribourg,Terminal mobile,527,Payout,Propriétaire,Vers caisse,400.00
14/12/2019 16:19,Esprit Sushi Fribourg,Caisse principal 3,464,Payout,Propriétaire,Courses,80.00
13/12/2019 21:33,Esprit Sushi Fribourg,Terminal mobile,525,Payout,Propriétaire,"Pourboire carte ",1.50
13/12/2019 21:33,Esprit Sushi Fribourg,Terminal mobile,525,Payout,Propriétaire,"Caisse ",20.00
12/12/2019 21:20,Esprit Sushi Fribourg,Terminal mobile,522,Payout,Propriétaire,Pourboire carte,1.00
10/12/2019 17:10,Esprit Sushi Fribourg,Terminal mobile,520,Payout,Propriétaire,"Postfinance ",300.00
09/12/2019 23:06,Esprit Sushi Fribourg,Caisse principal 3,460,Payout,Propriétaire,"Postfinance ",400.00
09/12/2019 17:59,Esprit Sushi Fribourg,Terminal mobile,519,Payout,Propriétaire,,300.00
09/12/2019 17:57,Esprit Sushi Fribourg,Caisse principal 3,460,Entrée,Propriétaire,,300.00
08/12/2019 17:50,Esprit Sushi Fribourg,Caisse principal 3,460,Entrée,Propriétaire,Service du vendredi 6 decembre,345.70
06/12/2019 23:16,Esprit Sushi Fribourg,Caisse principal 3,459,Payout,Propriétaire,Courses,50.00
05/12/2019 14:15,Esprit Sushi Fribourg,Caisse principal 3,457,Payout,Propriétaire,"Courses ",50.00
04/12/2019 17:09,Esprit Sushi Fribourg,Caisse principal 3,457,Payout,Propriétaire,"Courses ",20.00
02/12/2019 15:45,Esprit Sushi Fribourg,Terminal mobile,513,Payout,Propriétaire,"Postfinance ",100.00
01/12/2019 21:56,Esprit Sushi Fribourg,Caisse principal 3,454,Payout,Propriétaire,"Postfinance ",750.00
01/12/2019 18:03,Esprit Sushi Fribourg,Caisse principal 3,454,Entrée,Propriétaire,,500.00
01/12/2019 18:02,Esprit Sushi Fribourg,Terminal mobile,512,Payout,Propriétaire,,500.00
30/11/2019 22:01,Esprit Sushi Fribourg,Caisse principal 3,453,Payout,Propriétaire,Erreur validation commande,24.50
30/11/2019 22:01,Esprit Sushi Fribourg,Terminal mobile,511,Entrée,Propriétaire,Erreur validation commande,24.50
30/11/2019 14:27,Esprit Sushi Fribourg,Caisse principal 3,452,Payout,Propriétaire,Courses,110.00
29/11/2019 13:15,Esprit Sushi Fribourg,Caisse principal 3,449,Payout,Propriétaire,"Courses ",10.00
28/11/2019 09:54,Esprit Sushi Fribourg,Caisse principal 3,448,Payout,Propriétaire,"Postfinance ",750.00
27/11/2019 21:31,Esprit Sushi Fribourg,Terminal mobile,508,Payout,Propriétaire,"Caisse ",450.00
27/11/2019 21:31,Esprit Sushi Fribourg,Caisse principal 3,448,Entrée,Propriétaire,"De porte-monnaie ",450.00
27/11/2019 14:53,Esprit Sushi Fribourg,Caisse principal 3,448,Entrée,Propriétaire,,0.60
27/11/2019 14:53,Esprit Sushi Fribourg,Caisse principal 3,448,Payout,Propriétaire,,0.30
25/11/2019 18:00,Esprit Sushi Fribourg,Terminal mobile,505,Payout,Propriétaire,,40.00
25/11/2019 17:59,Esprit Sushi Fribourg,Caisse principal 3,446,Entrée,Propriétaire,,40.00
25/11/2019 16:07,Esprit Sushi Fribourg,Terminal mobile,505,Payout,Propriétaire,"Postfinance ",160.00
25/11/2019 16:07,Esprit Sushi Fribourg,Caisse principal 3,446,Payout,Propriétaire,"Postfinance ",600.00
24/11/2019 18:03,Esprit Sushi Fribourg,Terminal mobile,504,Payout,Propriétaire,,300.00
24/11/2019 18:02,Esprit Sushi Fribourg,Caisse principal 3,445,Entrée,Propriétaire,,300.00
23/11/2019 22:24,Esprit Sushi Fribourg,Caisse principal 3,444,Payout,Propriétaire,"Courses ",40.00
23/11/2019 00:31,Esprit Sushi Fribourg,Caisse principal 3,443,Payout,Propriétaire,"Courses ",20.00
18/11/2019 15:41,Esprit Sushi Fribourg,Terminal mobile,497,Payout,Propriétaire,"Postfinance ",240.00
17/11/2019 23:57,Esprit Sushi Fribourg,Caisse principal 3,439,Payout,Propriétaire,"Postfinance ",800.00
16/11/2019 19:19,Esprit Sushi Fribourg,Terminal mobile,495,Payout,Propriétaire,"Pourboire carte ",1.50
16/11/2019 18:45,Esprit Sushi Fribourg,Terminal mobile,495,Payout,Propriétaire,,600.00
16/11/2019 18:38,Esprit Sushi Fribourg,Caisse principal 3,438,Entrée,Propriétaire,,600.00
16/11/2019 15:36,Esprit Sushi Fribourg,Caisse principal 3,438,Payout,Propriétaire,"Courses ",170.00
15/11/2019 22:43,Esprit Sushi Fribourg,Caisse principal 3,437,Payout,Propriétaire,Courses,40.00
14/11/2019 22:13,Esprit Sushi Fribourg,Caisse principal 3,436,Payout,Propriétaire,"Courses ",20.00
14/11/2019 14:17,Esprit Sushi Fribourg,Caisse principal 3,436,Payout,Propriétaire,Courses,20.00
11/11/2019 12:21,Esprit Sushi Fribourg,Caisse principal 3,433,Payout,Propriétaire,"Postfinance ",790.00
10/11/2019 18:05,Esprit Sushi Fribourg,Terminal mobile,489,Payout,Propriétaire,,500.00
10/11/2019 18:05,Esprit Sushi Fribourg,Caisse principal 3,432,Entrée,Propriétaire,,500.00
10/11/2019 10:40,Esprit Sushi Fribourg,Caisse principal 3,431,Payout,Propriétaire,"Monnaie ",40.00
08/11/2019 22:20,Esprit Sushi Fribourg,Caisse principal 3,430,Entrée,Propriétaire,"Monnaie ",10.00
08/11/2019 22:20,Esprit Sushi Fribourg,Caisse principal 3,430,Payout,Propriétaire,"Courses ",100.00
08/11/2019 16:04,Esprit Sushi Fribourg,Caisse principal 3,429,Payout,Propriétaire,"Courses ",120.00
06/11/2019 16:43,Esprit Sushi Fribourg,Caisse principal 3,428,Entrée,Propriétaire,Solde veille,412.10
04/11/2019 15:45,Esprit Sushi Fribourg,Caisse principal 3,426,Payout,Propriétaire,"Postfinance ",600.00
04/11/2019 15:44,Esprit Sushi Fribourg,Terminal mobile,481,Payout,Propriétaire,"Postfinance ",400.00
03/11/2019 18:18,Esprit Sushi Fribourg,Terminal mobile,481,Payout,Propriétaire,,450.00
03/11/2019 18:18,Esprit Sushi Fribourg,Caisse principal 3,425,Entrée,Propriétaire,,450.00
03/11/2019 14:21,Esprit Sushi Fribourg,Terminal mobile,480,Payout,Propriétaire,,50.00
31/10/2019 15:05,Esprit Sushi Fribourg,Caisse principal 3,421,Payout,Propriétaire,"Bon y ",100.00
30/10/2019 21:22,Esprit Sushi Fribourg,Caisse principal 3,421,Payout,Propriétaire,Courses,20.00
30/10/2019 21:08,Esprit Sushi Fribourg,Terminal mobile,476,Payout,Propriétaire,"Pourboire carte ",3.60
29/10/2019 21:07,Esprit Sushi Fribourg,Terminal mobile,475,Payout,Propriétaire,Erreur comptage ouverture,100.00
28/10/2019 18:41,Esprit Sushi Fribourg,Caisse principal 3,419,Entrée,Propriétaire,Monnaie,40.00
28/10/2019 15:47,Esprit Sushi Fribourg,Caisse principal 3,419,Payout,Propriétaire,Postfinance,180.00
28/10/2019 15:47,Esprit Sushi Fribourg,Terminal mobile,474,Payout,Propriétaire,"Postfinance ",600.00
27/10/2019 15:40,Esprit Sushi Fribourg,Terminal mobile,473,Payout,Propriétaire,"Courses ",50.00
25/10/2019 14:07,Esprit Sushi Fribourg,Caisse principal 3,416,Payout,Propriétaire,Courses,20.00
24/10/2019 15:42,Esprit Sushi Fribourg,Caisse principal 3,415,Payout,Propriétaire,Courses,40.00
23/10/2019 22:20,Esprit Sushi Fribourg,Caisse principal 3,414,Payout,Propriétaire,"Monnaie ",10.00
23/10/2019 22:17,Esprit Sushi Fribourg,Caisse principal 3,414,Payout,Propriétaire,"Courses ",50.00
23/10/2019 16:25,Esprit Sushi Fribourg,Caisse principal 3,414,Payout,Propriétaire,"Monnaie pour porte-monnaie ",20.00
23/10/2019 16:25,Esprit Sushi Fribourg,Terminal mobile,467,Entrée,Propriétaire,Monnaie,20.00
23/10/2019 15:31,Esprit Sushi Fribourg,Terminal mobile,467,Payout,Propriétaire,"Postfinance ",300.00
22/10/2019 14:30,Esprit Sushi Fribourg,Terminal mobile,465,Payout,Propriétaire,"Postfinance ",300.00
21/10/2019 22:18,Esprit Sushi Fribourg,Caisse principal 3,412,Payout,Propriétaire,"Postfinance ",250.00
20/10/2019 18:03,Esprit Sushi Fribourg,Caisse principal 3,411,Entrée,Propriétaire,Euro du porte monnaie,50.00
20/10/2019 18:02,Esprit Sushi Fribourg,Terminal mobile,463,Payout,Propriétaire,Euros vers caisse,50.00
20/10/2019 17:30,Esprit Sushi Fribourg,Caisse principal 3,411,Payout,Propriétaire,Sortie caisse,20.00
18/10/2019 22:54,Esprit Sushi Fribourg,Caisse principal 3,409,Payout,Propriétaire,"Postfinance ",300.00
18/10/2019 22:51,Esprit Sushi Fribourg,Terminal mobile,462,Payout,Propriétaire,"Postfinance ",500.00
16/10/2019 19:36,Esprit Sushi Fribourg,Caisse principal 3,407,Entrée,Propriétaire,Solde veille,518.90
16/10/2019 19:36,Esprit Sushi Fribourg,Caisse principal 3,407,Entrée,Propriétaire,"Erreur avant de ",545.70
16/10/2019 19:36,Esprit Sushi Fribourg,Caisse principal 3,407,Payout,Propriétaire,,545.70
14/10/2019 22:55,Esprit Sushi Fribourg,Caisse principal 3,405,Payout,Propriétaire,"Postfinance ",100.00
14/10/2019 18:01,Esprit Sushi Fribourg,Caisse principal 3,405,Entrée,Propriétaire,,100.00
14/10/2019 18:01,Esprit Sushi Fribourg,Terminal mobile,458,Payout,Propriétaire,,100.00
13/10/2019 22:37,Esprit Sushi Fribourg,Caisse principal 3,404,Payout,Propriétaire,"Postfinance ",400.00
13/10/2019 17:59,Esprit Sushi Fribourg,Caisse principal 3,404,Entrée,Propriétaire,,300.00
13/10/2019 17:59,Esprit Sushi Fribourg,Terminal mobile,457,Payout,Propriétaire,,300.00
12/10/2019 09:25,Esprit Sushi Fribourg,Terminal mobile,455,Payout,Propriétaire,"Postfinance ",340.00
10/10/2019 21:28,Esprit Sushi Fribourg,Terminal mobile,453,Entrée,Propriétaire,Erreur,1.00
07/10/2019 21:38,Esprit Sushi Fribourg,Terminal mobile,450,Payout,Propriétaire,Essence,43.20
07/10/2019 18:09,Esprit Sushi Fribourg,Terminal mobile,450,Payout,Propriétaire,,300.00
06/10/2019 23:33,Esprit Sushi Fribourg,Caisse principal 3,398,Payout,Propriétaire,"Postfinance ",900.00
06/10/2019 21:52,Esprit Sushi Fribourg,Caisse principal 3,397,Entrée,Propriétaire,"Depuis porte-monnaie ",300.00
05/10/2019 23:03,Esprit Sushi Fribourg,Caisse principal 3,396,Payout,Propriétaire,,6.80
05/10/2019 23:02,Esprit Sushi Fribourg,Caisse principal 3,396,Entrée,Propriétaire,,3.00
05/10/2019 23:02,Esprit Sushi Fribourg,Caisse principal 3,396,Payout,Propriétaire,Pourboire carte,3.00
05/10/2019 18:07,Esprit Sushi Fribourg,Terminal mobile,448,Payout,Propriétaire,,300.00
05/10/2019 18:06,Esprit Sushi Fribourg,Caisse principal 3,396,Entrée,Propriétaire,,300.00
04/10/2019 12:54,Esprit Sushi Fribourg,Terminal mobile,446,Payout,Propriétaire,"Postfinance ",200.00
04/10/2019 12:53,Esprit Sushi Fribourg,Caisse principal 3,394,Payout,Propriétaire,"Postfinance ",400.00
02/10/2019 22:31,Esprit Sushi Fribourg,Terminal mobile,444,Payout,Propriétaire,"Postfinance ",200.00
02/10/2019 22:06,Esprit Sushi Fribourg,Caisse principal 3,392,Entrée,Propriétaire,"De porte-monnaie ",200.00
30/09/2019 18:04,Esprit Sushi Fribourg,Terminal mobile,442,Payout,Propriétaire,,200.00
29/09/2019 22:03,Esprit Sushi Fribourg,Caisse principal 3,389,Payout,Propriétaire,"Postfinance ",700.00
29/09/2019 21:34,Esprit Sushi Fribourg,Caisse principal 3,389,Entrée,Propriétaire,"De porte-monnaie ",200.00
29/09/2019 21:33,Esprit Sushi Fribourg,Caisse principal 3,389,Payout,Propriétaire,"Erreur argent rentré ",80.00
29/09/2019 14:30,Esprit Sushi Fribourg,Caisse principal 3,389,Entrée,Propriétaire,Oubli,20.00
29/09/2019 14:29,Esprit Sushi Fribourg,Caisse principal 3,389,Entrée,Propriétaire,"From porte-monnaie ",420.00
28/09/2019 22:03,Esprit Sushi Fribourg,Terminal mobile,440,Payout,Propriétaire,"Caisse ",400.00
27/09/2019 14:27,Esprit Sushi Fribourg,Caisse principal 3,387,Payout,Propriétaire,"Postfinance ",100.00
27/09/2019 14:22,Esprit Sushi Fribourg,Terminal mobile,435,Payout,Propriétaire,"Postfinance ",100.00
25/09/2019 15:46,Esprit Sushi Fribourg,Caisse principal 3,385,Entrée,Propriétaire,Erreur retrait veille,2.00
25/09/2019 10:14,Esprit Sushi Fribourg,Caisse principal 3,384,Payout,Propriétaire,"Courses ",222.00
24/09/2019 18:20,Esprit Sushi Fribourg,Caisse principal 3,383,Entrée,Propriétaire,,100.00
24/09/2019 18:19,Esprit Sushi Fribourg,Terminal mobile,432,Payout,Propriétaire,,100.00
23/09/2019 14:54,Esprit Sushi Fribourg,Caisse principal 3,382,Payout,Propriétaire,"Postfinance ",300.00
23/09/2019 14:54,Esprit Sushi Fribourg,Terminal mobile,430,Payout,Propriétaire,"Postfinance ",200.00
22/09/2019 09:50,Esprit Sushi Fribourg,Caisse principal 3,382,Entrée,Propriétaire,"Monnaie et ",5.00
21/09/2019 13:10,Esprit Sushi Fribourg,Terminal mobile,427,Entrée,Propriétaire,"Monnaie ",20.00
21/09/2019 13:06,Esprit Sushi Fribourg,Terminal mobile,427,Entrée,Propriétaire,"Monnaie ",20.00
21/09/2019 13:05,Esprit Sushi Fribourg,Terminal mobile,427,Payout,Propriétaire,"Postfinance ",180.00
20/09/2019 22:07,Esprit Sushi Fribourg,Caisse principal 3,381,Payout,Propriétaire,Courses,80.00
20/09/2019 20:23,Esprit Sushi Fribourg,Terminal mobile,426,Payout,Propriétaire,"Pourboire carte ",1.00
20/09/2019 16:07,Esprit Sushi Fribourg,Terminal mobile,426,Payout,Propriétaire,"Monnaie pour caisse ",100.00
20/09/2019 16:06,Esprit Sushi Fribourg,Caisse principal 3,380,Entrée,Propriétaire,Monnaies from pm,100.00
19/09/2019 15:46,Esprit Sushi Fribourg,Caisse principal 3,380,Payout,Propriétaire,"Courses ",240.00
19/09/2019 15:45,Esprit Sushi Fribourg,Terminal mobile,424,Payout,Propriétaire,"Courses ",160.00
16/09/2019 15:30,Esprit Sushi Fribourg,Caisse principal 3,376,Payout,Propriétaire,"Courses ",100.00
16/09/2019 15:29,Esprit Sushi Fribourg,Terminal mobile,420,Payout,Propriétaire,"Postfinance ",440.00
15/09/2019 22:29,Esprit Sushi Fribourg,Caisse principal 3,376,Payout,Propriétaire,"Pourboire carte ",3.00
14/09/2019 14:01,Esprit Sushi Fribourg,Terminal mobile,418,Payout,Propriétaire,"Courses ",50.00
14/09/2019 13:15,Esprit Sushi Fribourg,Caisse principal 3,374,Payout,Propriétaire,Courses,100.00
13/09/2019 22:06,Esprit Sushi Fribourg,Caisse principal 3,374,Payout,Propriétaire,"Erreur attribution paiement ",20.00
13/09/2019 21:29,Esprit Sushi Fribourg,Terminal mobile,417,Payout,Propriétaire,Pourboire carte,1.50
13/09/2019 19:36,Esprit Sushi Fribourg,Caisse principal 3,374,Entrée,Propriétaire,Erreur cash et pas par carte,20.00
13/09/2019 16:20,Esprit Sushi Fribourg,Caisse principal 3,374,Payout,Propriétaire,Courses,100.00
11/09/2019 21:54,Esprit Sushi Fribourg,Caisse principal 3,373,Payout,Propriétaire,"Courses ",80.00
10/09/2019 15:49,Esprit Sushi Fribourg,Caisse principal 3,372,Payout,Propriétaire,"Courses ",10.00
09/09/2019 14:37,Esprit Sushi Fribourg,Caisse principal 3,371,Payout,Propriétaire,,200.00
09/09/2019 14:34,Esprit Sushi Fribourg,Terminal mobile,413,Payout,Propriétaire,"Postfinance ",600.00
08/09/2019 21:20,Esprit Sushi Fribourg,Terminal mobile,412,Payout,Propriétaire,Oubli carte de fidelité pleine kvelashvili,10.00
06/09/2019 15:56,Esprit Sushi Fribourg,Caisse principal 3,368,Payout,Propriétaire,"Postfinance de ",440.00
04/09/2019 18:03,Esprit Sushi Fribourg,Terminal mobile,408,Payout,Propriétaire,,200.00
04/09/2019 18:02,Esprit Sushi Fribourg,Caisse principal 3,366,Entrée,Propriétaire,,200.00
04/09/2019 14:40,Esprit Sushi Fribourg,Caisse principal 3,366,Payout,Propriétaire,"Postfinance ",200.00
03/09/2019 18:10,Esprit Sushi Fribourg,Caisse principal 3,366,Entrée,Propriétaire,,100.00
03/09/2019 18:10,Esprit Sushi Fribourg,Terminal mobile,406,Payout,Propriétaire,,100.00
02/09/2019 14:14,Esprit Sushi Fribourg,Caisse principal 3,365,Entrée,Propriétaire,"Monnaie ",9.00
02/09/2019 14:11,Esprit Sushi Fribourg,Terminal mobile,405,Payout,Propriétaire,Courses,200.00
02/09/2019 14:10,Esprit Sushi Fribourg,Caisse principal 3,365,Payout,Propriétaire,"Courses ",200.00
01/09/2019 17:27,Esprit Sushi Fribourg,Caisse principal 3,363,Payout,Propriétaire,Cours3s,75.00
30/08/2019 22:38,Esprit Sushi Fribourg,Caisse principal 3,361,Payout,Propriétaire,"Postfinance ",200.00
30/08/2019 22:38,Esprit Sushi Fribourg,Terminal mobile,403,Payout,Propriétaire,"Postfinance ",400.00
30/08/2019 22:01,Esprit Sushi Fribourg,Terminal mobile,402,Payout,Propriétaire,"Remboursement ",34.50
30/08/2019 22:01,Esprit Sushi Fribourg,Caisse principal 3,361,Entrée,Propriétaire,"Remboursement on y arrive ",69.00
30/08/2019 22:00,Esprit Sushi Fribourg,Caisse principal 3,361,Payout,Propriétaire,"Erreur remboursement par portefeuille ",34.50
28/08/2019 21:58,Esprit Sushi Fribourg,Caisse principal 3,359,Payout,Propriétaire,"Postfinance ",400.00
28/08/2019 21:57,Esprit Sushi Fribourg,Terminal mobile,400,Payout,Propriétaire,"Postfinance ",300.00
28/08/2019 15:27,Esprit Sushi Fribourg,Caisse principal 3,358,Payout,Propriétaire,"Courses ",15.00
27/08/2019 21:37,Esprit Sushi Fribourg,Caisse principal 3,357,Entrée,Propriétaire,"Monney ",20.00
27/08/2019 21:37,Esprit Sushi Fribourg,Caisse principal 3,357,Payout,Propriétaire,"Monnaie ",10.00
27/08/2019 21:37,Esprit Sushi Fribourg,Terminal mobile,398,Payout,Propriétaire,,10.00
27/08/2019 18:08,Esprit Sushi Fribourg,Caisse principal 3,357,Entrée,Propriétaire,,100.00
27/08/2019 18:07,Esprit Sushi Fribourg,Terminal mobile,398,Payout,Propriétaire,,100.00
26/08/2019 14:31,Esprit Sushi Fribourg,Terminal mobile,397,Payout,Propriétaire,"Postfinance ",200.00
25/08/2019 19:01,Esprit Sushi Fribourg,Caisse principal 3,355,Payout,Propriétaire,"Pourboire Carte ",0.50
25/08/2019 11:13,Esprit Sushi Fribourg,Terminal mobile,396,Payout,Propriétaire,"Postfinance ",600.00
24/08/2019 22:57,Esprit Sushi Fribourg,Caisse principal 3,354,Payout,Propriétaire,Courses,50.00
23/08/2019 22:20,Esprit Sushi Fribourg,Caisse principal 3,354,Payout,Propriétaire,"Courses ",60.00
23/08/2019 14:47,Esprit Sushi Fribourg,Caisse principal 3,354,Payout,Propriétaire,"Lessive ",20.00
22/08/2019 22:23,Esprit Sushi Fribourg,Caisse principal 3,353,Payout,Propriétaire,"Course ",10.00
22/08/2019 20:23,Esprit Sushi Fribourg,Terminal mobile,393,Payout,Propriétaire,"Lavage ",5.00
22/08/2019 14:02,Esprit Sushi Fribourg,Caisse principal 3,352,Payout,Propriétaire,"Postfinance ",260.00
22/08/2019 14:01,Esprit Sushi Fribourg,Terminal mobile,392,Payout,Propriétaire,"Postfinance ",140.00
21/08/2019 18:10,Esprit Sushi Fribourg,Terminal mobile,391,Payout,Propriétaire,,200.00
21/08/2019 18:10,Esprit Sushi Fribourg,Caisse principal 3,351,Entrée,Propriétaire,,200.00
19/08/2019 21:39,Esprit Sushi Fribourg,Terminal mobile,389,Payout,Propriétaire,"Erreur comptage début ",2.00
19/08/2019 21:38,Esprit Sushi Fribourg,Terminal mobile,389,Payout,Propriétaire,Erreur comptage,8.00
19/08/2019 15:34,Esprit Sushi Fribourg,Caisse principal 3,349,Entrée,Propriétaire,"Monnaie ",90.00
19/08/2019 15:31,Esprit Sushi Fribourg,Terminal mobile,389,Entrée,Propriétaire,"Monnaie ",50.00
14/07/2019 23:40,Esprit Sushi Fribourg,Terminal mobile,388,Payout,Propriétaire,"Postfinance ",550.00
14/07/2019 23:38,Esprit Sushi Fribourg,Caisse principal 3,348,Payout,Propriétaire,"Postfinance ",400.00
13/07/2019 19:10,Esprit Sushi Fribourg,Caisse principal 3,346,Entrée,Propriétaire,"Porte-monnaie ",200.00
13/07/2019 19:10,Esprit Sushi Fribourg,Terminal mobile,386,Payout,Propriétaire,Caisae,200.00
12/07/2019 23:06,Esprit Sushi Fribourg,Caisse principal 3,345,Payout,Propriétaire,Courses,20.00
12/07/2019 11:24,Esprit Sushi Fribourg,Caisse principal 3,344,Payout,Propriétaire,"Postfinance ",500.00
12/07/2019 11:24,Esprit Sushi Fribourg,Terminal mobile,384,Payout,Propriétaire,Caisse,300.00
11/07/2019 21:47,Esprit Sushi Fribourg,Caisse principal 3,343,Entrée,Propriétaire,Depuis porte monnaie,300.00
09/07/2019 15:12,Esprit Sushi Fribourg,Terminal mobile,380,Payout,Propriétaire,"Postfinance ",150.00
08/07/2019 15:03,Esprit Sushi Fribourg,Caisse principal 3,340,Payout,Propriétaire,"Postfinance ",1000.00
08/07/2019 15:03,Esprit Sushi Fribourg,Terminal mobile,378,Payout,Propriétaire,"Postfinance ",400.00
07/07/2019 21:44,Esprit Sushi Fribourg,Terminal mobile,377,Entrée,Propriétaire,"Erreur : par espèces ",10.00
07/07/2019 20:48,Esprit Sushi Fribourg,Caisse principal 3,339,Payout,Propriétaire,Erreur : par carte pas cash,20.00
06/07/2019 22:41,Esprit Sushi Fribourg,Caisse principal 3,338,Entrée,Propriétaire,Depuis porte monnaie,660.00
06/07/2019 22:37,Esprit Sushi Fribourg,Terminal mobile,376,Payout,Propriétaire,Vers caisse,660.00
05/07/2019 22:46,Esprit Sushi Fribourg,Caisse principal 3,337,Payout,Propriétaire,Courses,50.00
04/07/2019 21:55,Esprit Sushi Fribourg,Caisse principal 3,336,Payout,Propriétaire,Courses,50.00
04/07/2019 18:00,Esprit Sushi Fribourg,Terminal mobile,374,Payout,Propriétaire,"Postfinance ",400.00
01/07/2019 18:00,Esprit Sushi Fribourg,Terminal mobile,371,Payout,Propriétaire,"Postfinance ",340.00
30/06/2019 23:09,Esprit Sushi Fribourg,Terminal mobile,370,Payout,Propriétaire,Parking + coop,5.20
30/06/2019 15:35,Esprit Sushi Fribourg,Caisse principal 3,331,Payout,Propriétaire,Courses,50.00
29/06/2019 15:52,Esprit Sushi Fribourg,Caisse principal 3,330,Payout,Propriétaire,Courses,40.00
28/06/2019 21:47,Esprit Sushi Fribourg,Terminal mobile,368,Payout,Propriétaire,Pourboire,1.50
28/06/2019 16:21,Esprit Sushi Fribourg,Caisse principal 3,328,Payout,Propriétaire,Courses,50.00
27/06/2019 16:36,Esprit Sushi Fribourg,Caisse principal 3,328,Payout,Propriétaire,"Courses ",10.00
26/06/2019 13:56,Esprit Sushi Fribourg,Caisse principal 3,326,Payout,Propriétaire,Postfinance,300.00
26/06/2019 13:56,Esprit Sushi Fribourg,Caisse principal 3,326,Entrée,Propriétaire,Caisse,300.00
26/06/2019 13:54,Esprit Sushi Fribourg,Caisse principal 3,326,Payout,Propriétaire,"Postfinance ",100.00
25/06/2019 22:16,Esprit Sushi Fribourg,Terminal mobile,365,Payout,Propriétaire,"Caisse ",300.00
25/06/2019 14:47,Esprit Sushi Fribourg,Caisse principal 3,326,Payout,Propriétaire,Courses,20.00
24/06/2019 17:56,Esprit Sushi Fribourg,Terminal mobile,364,Payout,Propriétaire,Postfinance,500.00
23/06/2019 22:34,Esprit Sushi Fribourg,Caisse principal 3,324,Payout,Propriétaire,Erreur pas cash mais par carte,8.20
22/06/2019 14:58,Esprit Sushi Fribourg,Terminal mobile,361,Payout,Propriétaire,"Courses ",100.00
21/06/2019 14:57,Esprit Sushi Fribourg,Caisse principal 3,322,Payout,Propriétaire,"Courses ",50.00
20/06/2019 22:10,Esprit Sushi Fribourg,Caisse principal 3,321,Payout,Propriétaire,Course,40.00
20/06/2019 16:25,Esprit Sushi Fribourg,Caisse principal 3,321,Payout,Propriétaire,Annif,100.00
19/06/2019 16:28,Esprit Sushi Fribourg,Caisse principal 3,320,Payout,Propriétaire,"Courses ",40.00
18/06/2019 19:45,Esprit Sushi Fribourg,Terminal mobile,357,Payout,Propriétaire,"Essence ",40.00
18/06/2019 11:43,Esprit Sushi Fribourg,Caisse principal 3,318,Payout,Propriétaire,Courses,100.00
17/06/2019 21:18,Esprit Sushi Fribourg,Caisse principal 3,317,Entrée,Propriétaire,Depuis porte monnaie,100.00
17/06/2019 21:15,Esprit Sushi Fribourg,Terminal mobile,356,Payout,Propriétaire,Vers caisse,100.00
17/06/2019 21:14,Esprit Sushi Fribourg,Terminal mobile,356,Payout,Propriétaire,Pourboire carte,1.10
17/06/2019 14:18,Esprit Sushi Fribourg,Caisse principal 3,317,Payout,Propriétaire,"Postfinance ",700.00
17/06/2019 14:17,Esprit Sushi Fribourg,Terminal mobile,356,Payout,Propriétaire,"Caisse ",400.00
16/06/2019 22:28,Esprit Sushi Fribourg,Caisse principal 3,316,Entrée,Propriétaire,"Porte-monnaie ",400.00
15/06/2019 13:48,Esprit Sushi Fribourg,Caisse principal 3,314,Payout,Propriétaire,"Postfinance ",420.00
14/06/2019 22:15,Esprit Sushi Fribourg,Caisse principal 3,313,Payout,Propriétaire,Courses,40.00
14/06/2019 22:15,Esprit Sushi Fribourg,Caisse principal 3,313,Entrée,Propriétaire,"Porte-monnaie ",200.00
14/06/2019 22:15,Esprit Sushi Fribourg,Terminal mobile,354,Payout,Propriétaire,"Caisse ",200.00
14/06/2019 14:29,Esprit Sushi Fribourg,Caisse principal 3,313,Payout,Propriétaire,Courses,40.00
13/06/2019 21:14,Esprit Sushi Fribourg,Caisse principal 3,312,Payout,Propriétaire,Courses,20.00
11/06/2019 15:39,Esprit Sushi Fribourg,Caisse principal 3,310,Payout,Propriétaire,"Postfinance ",200.00
10/06/2019 21:25,Esprit Sushi Fribourg,Caisse principal 3,309,Entrée,Propriétaire,Depuis porte-monnaie,200.00
10/06/2019 21:24,Esprit Sushi Fribourg,Terminal mobile,347,Payout,Propriétaire,Vers caisse,200.00
10/06/2019 15:43,Esprit Sushi Fribourg,Terminal mobile,346,Payout,Propriétaire,"Postfinance ",400.00
10/06/2019 15:41,Esprit Sushi Fribourg,Caisse principal 3,308,Payout,Propriétaire,"Postfinance ",300.00
08/06/2019 12:50,Esprit Sushi Fribourg,Terminal mobile,343,Payout,Propriétaire,"Postfinance ",400.00
08/06/2019 12:49,Esprit Sushi Fribourg,Caisse principal 3,306,Entrée,Propriétaire,"Monnaie ",200.00
05/06/2019 23:03,Esprit Sushi Fribourg,Caisse principal 3,304,Payout,Propriétaire,Courses,200.00
05/06/2019 21:28,Esprit Sushi Fribourg,Terminal mobile,340,Payout,Propriétaire,"Pourboire carte ",2.00
05/06/2019 19:36,Esprit Sushi Fribourg,Terminal mobile,340,Payout,Propriétaire,"Erreur comptage Dario ",18.00
05/06/2019 18:17,Esprit Sushi Fribourg,Terminal mobile,340,Payout,Propriétaire,Vers postfinance,100.00
03/06/2019 16:02,Esprit Sushi Fribourg,Terminal mobile,338,Payout,Propriétaire,"Postfinance ",400.00
03/06/2019 15:45,Esprit Sushi Fribourg,Caisse principal 3,303,Entrée,Propriétaire,Monnaie,54.00
03/06/2019 15:45,Esprit Sushi Fribourg,Caisse principal 3,303,Payout,Propriétaire,"Postfinance ",200.00
01/06/2019 21:41,Esprit Sushi Fribourg,Terminal mobile,336,Payout,Propriétaire,"Pourboire carte ",1.90
01/06/2019 15:01,Esprit Sushi Fribourg,Caisse principal 3,301,Payout,Propriétaire,"Postfinance ",300.00
01/06/2019 14:58,Esprit Sushi Fribourg,Terminal mobile,335,Payout,Propriétaire,,220.00
01/06/2019 14:45,Esprit Sushi Fribourg,Caisse principal 3,301,Payout,Propriétaire,Courses,50.00
31/05/2019 15:58,Esprit Sushi Fribourg,Terminal mobile,334,Payout,Propriétaire,"Courses ",40.00
30/05/2019 22:26,Esprit Sushi Fribourg,Caisse principal 3,300,Payout,Propriétaire,Courses,10.00
30/05/2019 20:31,Esprit Sushi Fribourg,Caisse principal 3,300,Payout,Propriétaire,"Frais de Livraison rembourse Laura prato ",1.00
30/05/2019 14:36,Esprit Sushi Fribourg,Caisse principal 3,300,Payout,Propriétaire,"Courses ",100.00
28/05/2019 16:25,Esprit Sushi Fribourg,Caisse principal 3,298,Payout,Propriétaire,"Postfinance ",60.00
28/05/2019 14:33,Esprit Sushi Fribourg,Terminal mobile,330,Payout,Propriétaire,"Postfinance ",40.00
27/05/2019 16:04,Esprit Sushi Fribourg,Terminal mobile,329,Payout,Propriétaire,"Postfinance ",300.00
27/05/2019 16:01,Esprit Sushi Fribourg,Caisse principal 3,297,Payout,Propriétaire,"Postfinance ",200.00
25/05/2019 14:17,Esprit Sushi Fribourg,Caisse principal 3,294,Payout,Propriétaire,Courses,120.00
24/05/2019 18:22,Esprit Sushi Fribourg,Terminal mobile,326,Payout,Propriétaire,Sortie porte monnaie,100.00
24/05/2019 14:02,Esprit Sushi Fribourg,Caisse principal 3,293,Payout,Propriétaire,"Postfinance ",800.00
23/05/2019 21:47,Esprit Sushi Fribourg,Terminal mobile,325,Payout,Propriétaire,Perdu ?,5.00
23/05/2019 18:06,Esprit Sushi Fribourg,Terminal mobile,325,Payout,Propriétaire,Caisse,500.00
23/05/2019 16:01,Esprit Sushi Fribourg,Caisse principal 3,292,Entrée,Propriétaire,"Porte-monnaie ",400.00
23/05/2019 16:00,Esprit Sushi Fribourg,Caisse principal 3,292,Payout,Propriétaire,Courses,24.00
22/05/2019 22:31,Esprit Sushi Fribourg,Caisse principal 3,291,Payout,Propriétaire,Courses,40.00
22/05/2019 18:00,Esprit Sushi Fribourg,Caisse principal 3,291,Entrée,Propriétaire,"Porte-monnaie ",300.00
22/05/2019 17:58,Esprit Sushi Fribourg,Terminal mobile,324,Payout,Propriétaire,Caisse,300.00
22/05/2019 14:58,Esprit Sushi Fribourg,Caisse principal 3,291,Payout,Propriétaire,Courses,50.00
19/05/2019 22:06,Esprit Sushi Fribourg,Caisse principal 3,288,Payout,Propriétaire,"Postfinance ",600.00
19/05/2019 18:03,Esprit Sushi Fribourg,Terminal mobile,321,Payout,Propriétaire,To the caisse,300.00
19/05/2019 18:03,Esprit Sushi Fribourg,Caisse principal 3,288,Entrée,Propriétaire,"From The porte-monnaie ",300.00
17/05/2019 13:34,Esprit Sushi Fribourg,Caisse principal 3,286,Payout,Propriétaire,"Postfinance ",800.00
16/05/2019 22:15,Esprit Sushi Fribourg,Terminal mobile,318,Payout,Propriétaire,Caisse,600.00
16/05/2019 22:15,Esprit Sushi Fribourg,Caisse principal 3,285,Entrée,Propriétaire,"De porte-monnaie à ",600.00
14/05/2019 18:36,Esprit Sushi Fribourg,Terminal mobile,316,Payout,Propriétaire,"Pourboire carte ",0.50
13/05/2019 22:57,Esprit Sushi Fribourg,Caisse principal 3,282,Payout,Propriétaire,"Postfinance ",1000.00
13/05/2019 22:18,Esprit Sushi Fribourg,Caisse principal 3,282,Entrée,Propriétaire,Depuis porte-monnaie,290.00
13/05/2019 22:16,Esprit Sushi Fribourg,Terminal mobile,315,Payout,Propriétaire,Vers caisse,290.00
13/05/2019 18:27,Esprit Sushi Fribourg,Caisse principal 3,282,Entrée,Propriétaire,Depuis porte-monnaie,300.00
13/05/2019 18:26,Esprit Sushi Fribourg,Terminal mobile,315,Payout,Propriétaire,Vers caisse,300.00
11/05/2019 14:47,Esprit Sushi Fribourg,Caisse principal 3,278,Entrée,Propriétaire,"Monnaie ",30.00
10/05/2019 23:39,Esprit Sushi Fribourg,Caisse principal 3,277,Payout,Propriétaire,"Postfinance ",1000.00
10/05/2019 22:05,Esprit Sushi Fribourg,Terminal mobile,311,Payout,Propriétaire,"Pourboire ",2.00
10/05/2019 14:13,Esprit Sushi Fribourg,Caisse principal 3,276,Payout,Propriétaire,"Courses ",20.00
10/05/2019 14:13,Esprit Sushi Fribourg,Caisse principal 3,276,Entrée,Propriétaire,"Porte-monnaie ",400.00
09/05/2019 17:56,Esprit Sushi Fribourg,Terminal mobile,310,Payout,Propriétaire,"Caisse ",400.00
06/05/2019 18:09,Esprit Sushi Fribourg,Terminal mobile,307,Payout,Propriétaire,Poste finance,500.00
06/05/2019 16:36,Esprit Sushi Fribourg,Caisse principal 3,273,Payout,Propriétaire,"Postfinance ",650.00
04/05/2019 21:33,Esprit Sushi Fribourg,Caisse principal 3,271,Payout,Propriétaire,Pourboire,1.00
04/05/2019 12:12,Esprit Sushi Fribourg,Caisse principal 3,270,Entrée,Propriétaire,"Monnaie ",10.00
02/05/2019 21:25,Esprit Sushi Fribourg,Terminal mobile,303,Payout,Propriétaire,"Pourboire ",2.00
02/05/2019 15:21,Esprit Sushi Fribourg,Caisse principal 3,268,Payout,Propriétaire,"Courses et ",20.00
01/05/2019 21:13,Esprit Sushi Fribourg,Caisse principal 3,267,Entrée,Propriétaire,"Depuis porte-monnaie ",200.00
01/05/2019 21:12,Esprit Sushi Fribourg,Terminal mobile,302,Payout,Propriétaire,"Vers caisse ",200.00
30/04/2019 21:29,Esprit Sushi Fribourg,Terminal mobile,301,Payout,Propriétaire,"Pourboire carte ",0.50
29/04/2019 23:12,Esprit Sushi Fribourg,Caisse principal 3,265,Payout,Propriétaire,"Postfinance ",920.00
28/04/2019 22:12,Esprit Sushi Fribourg,Caisse principal 3,264,Entrée,Propriétaire,Depuis porte-monnaie,170.00
28/04/2019 22:12,Esprit Sushi Fribourg,Terminal mobile,299,Payout,Propriétaire,Vers caisse,170.00
28/04/2019 21:40,Esprit Sushi Fribourg,Terminal mobile,299,Payout,Propriétaire,Vers caisse,400.00
28/04/2019 21:39,Esprit Sushi Fribourg,Caisse principal 3,264,Entrée,Propriétaire,Porte monnaie,400.00
27/04/2019 12:51,Esprit Sushi Fribourg,Caisse principal 3,262,Payout,Propriétaire,"Courses ",100.00
27/04/2019 12:49,Esprit Sushi Fribourg,Terminal mobile,297,Payout,Propriétaire,"Postfinance ",300.00
26/04/2019 18:00,Esprit Sushi Fribourg,Terminal mobile,296,Payout,Propriétaire,Retrait,100.00
26/04/2019 13:47,Esprit Sushi Fribourg,Caisse principal 3,261,Payout,Propriétaire,"Postfinance ",220.00
25/04/2019 16:53,Esprit Sushi Fribourg,Terminal mobile,295,Payout,Propriétaire,"Vers caisse ",150.00
25/04/2019 16:50,Esprit Sushi Fribourg,Caisse principal 3,261,Entrée,Propriétaire,"De porte-monnaie ",100.00
23/04/2019 22:32,Esprit Sushi Fribourg,Caisse principal 3,258,Payout,Propriétaire,"Postfinance ",200.00
23/04/2019 18:06,Esprit Sushi Fribourg,Caisse principal 3,258,Entrée,Propriétaire,"Depuis porte-monnaie ",100.00
23/04/2019 18:06,Esprit Sushi Fribourg,Terminal mobile,293,Payout,Propriétaire,"Vers caisse ",100.00
22/04/2019 21:12,Esprit Sushi Fribourg,Caisse principal 3,257,Payout,Propriétaire,Sortie,200.00
22/04/2019 18:15,Esprit Sushi Fribourg,Terminal mobile,292,Payout,Propriétaire,Sortie d argent,200.00
20/04/2019 00:28,Esprit Sushi Fribourg,Caisse principal 3,253,Payout,Propriétaire,"Postfinance ",1000.00
19/04/2019 22:50,Esprit Sushi Fribourg,Caisse principal 3,252,Entrée,Propriétaire,"Transfert depuis porte-monnaie ",800.00
19/04/2019 22:47,Esprit Sushi Fribourg,Terminal mobile,289,Payout,Propriétaire,Transfert caisse,800.00
19/04/2019 15:15,Esprit Sushi Fribourg,Caisse principal 3,252,Payout,Propriétaire,"Courses ",50.00
18/04/2019 14:42,Esprit Sushi Fribourg,Caisse principal 3,250,Payout,Propriétaire,Courses,20.00
16/04/2019 22:03,Esprit Sushi Fribourg,Terminal mobile,286,Payout,Propriétaire,"Pourboire carte ",3.50
15/04/2019 18:23,Esprit Sushi Fribourg,Terminal mobile,284,Payout,Propriétaire,"Postfinance ",1050.00
15/04/2019 14:07,Esprit Sushi Fribourg,Caisse principal 3,247,Payout,Propriétaire,Postfinance,250.00
14/04/2019 21:52,Esprit Sushi Fribourg,Caisse principal 3,246,Payout,Propriétaire,"Erreur validation tabl. (3 eat) ",163.50
14/04/2019 21:51,Esprit Sushi Fribourg,Terminal mobile,284,Entrée,Propriétaire,Erreur validation sur tabl. (3 eat),163.50
14/04/2019 13:55,Esprit Sushi Fribourg,Caisse principal 3,246,Payout,Propriétaire,"Courses ",20.00
12/04/2019 22:00,Esprit Sushi Fribourg,Caisse principal 3,244,Payout,Propriétaire,Courses,50.00
12/04/2019 21:20,Esprit Sushi Fribourg,Terminal mobile,282,Payout,Propriétaire,Pourboire,1.50
11/04/2019 18:00,Esprit Sushi Fribourg,Terminal mobile,281,Payout,Propriétaire,"Postfinance ",600.00
11/04/2019 16:17,Esprit Sushi Fribourg,Caisse principal 3,243,Payout,Propriétaire,Postfinance,507.00
09/04/2019 18:06,Esprit Sushi Fribourg,Terminal mobile,279,Payout,Propriétaire,Caisse,200.00
09/04/2019 18:06,Esprit Sushi Fribourg,Caisse principal 3,241,Entrée,Propriétaire,"Porte-monnaie ",200.00
08/04/2019 16:43,Esprit Sushi Fribourg,Terminal mobile,278,Payout,Propriétaire,"Postfinance ",400.00
07/04/2019 21:39,Esprit Sushi Fribourg,Caisse principal 3,239,Payout,Propriétaire,"Postfinance ",700.00
07/04/2019 17:56,Esprit Sushi Fribourg,Terminal mobile,277,Payout,Propriétaire,Caisse,400.00
07/04/2019 17:56,Esprit Sushi Fribourg,Caisse principal 3,239,Entrée,Propriétaire,"Porte-monnaie ",400.00
04/04/2019 22:20,Esprit Sushi Fribourg,Caisse principal 3,236,Payout,Propriétaire,"Postfinance ",120.00
04/04/2019 14:41,Esprit Sushi Fribourg,Terminal mobile,272,Payout,Propriétaire,"Postfinance ",300.00
03/04/2019 21:29,Esprit Sushi Fribourg,Terminal mobile,272,Payout,Propriétaire,Pourboire carte bancaire,1.10
03/04/2019 21:19,Esprit Sushi Fribourg,Terminal mobile,272,Payout,Propriétaire,Erreur comptage,20.00
01/04/2019 18:05,Esprit Sushi Fribourg,Terminal mobile,270,Payout,Propriétaire,Vers postfinance,300.00
01/04/2019 14:50,Esprit Sushi Fribourg,Caisse principal 3,233,Payout,Propriétaire,"Postfinance ",800.00
31/03/2019 14:05,Esprit Sushi Fribourg,Caisse principal 3,232,Payout,Propriétaire,Courses,140.00
30/03/2019 21:42,Esprit Sushi Fribourg,Terminal mobile,268,Payout,Propriétaire,Caisse,600.00
30/03/2019 14:29,Esprit Sushi Fribourg,Caisse principal 3,231,Payout,Propriétaire,"Courses ",20.00
27/03/2019 18:25,Esprit Sushi Fribourg,Terminal mobile,264,Payout,Propriétaire,"Postfinance ",400.00
27/03/2019 18:25,Esprit Sushi Fribourg,Terminal mobile,264,Entrée,Propriétaire,Erreur comptage,400.00
27/03/2019 11:51,Esprit Sushi Fribourg,Caisse principal 3,227,Payout,Propriétaire,"Postfinance ",200.00
25/03/2019 18:13,Esprit Sushi Fribourg,Terminal mobile,262,Payout,Propriétaire,"Vers caisse ",300.00
24/03/2019 22:45,Esprit Sushi Fribourg,Caisse principal 3,225,Payout,Propriétaire,"Postfinance ",1200.00
24/03/2019 22:43,Esprit Sushi Fribourg,Caisse principal 3,225,Entrée,Propriétaire,"De porte-monnaie ",300.00
24/03/2019 18:50,Esprit Sushi Fribourg,Caisse principal 3,225,Entrée,Propriétaire,Correction lavage,6.00
24/03/2019 18:49,Esprit Sushi Fribourg,Caisse principal 3,225,Payout,Propriétaire,Lavage,2.00
24/03/2019 18:23,Esprit Sushi Fribourg,Caisse principal 3,225,Payout,Propriétaire,Lavage voiture,6.00
24/03/2019 18:09,Esprit Sushi Fribourg,Terminal mobile,261,Payout,Propriétaire,"Caisse ",200.00
24/03/2019 18:08,Esprit Sushi Fribourg,Caisse principal 3,225,Entrée,Propriétaire,Portemonnaie,200.00
23/03/2019 22:10,Esprit Sushi Fribourg,Caisse principal 3,224,Payout,Propriétaire,"Montant de part erreur ",470.00
23/03/2019 15:02,Esprit Sushi Fribourg,Terminal mobile,260,Payout,Propriétaire,Vers caisse,300.00
23/03/2019 15:01,Esprit Sushi Fribourg,Caisse principal 3,223,Entrée,Propriétaire,"De porte-monnaie ",300.00
22/03/2019 14:31,Esprit Sushi Fribourg,Caisse principal 3,221,Payout,Propriétaire,"Postfinance ",800.00
20/03/2019 14:38,Esprit Sushi Fribourg,Caisse principal 3,219,Payout,Propriétaire,Courses,20.00
19/03/2019 20:40,Esprit Sushi Fribourg,Terminal mobile,256,Payout,Propriétaire,Essence,39.25
18/03/2019 16:18,Esprit Sushi Fribourg,Terminal mobile,255,Payout,Propriétaire,"Vers caisse ",400.00
18/03/2019 14:44,Esprit Sushi Fribourg,Caisse principal 3,218,Entrée,Propriétaire,"From porte-monnaie ",400.00
17/03/2019 18:20,Esprit Sushi Fribourg,Terminal mobile,254,Entrée,Propriétaire,Erreur comptage,20.00
17/03/2019 13:34,Esprit Sushi Fribourg,Caisse principal 3,217,Payout,Propriétaire,"Postfinance ",200.00
17/03/2019 13:33,Esprit Sushi Fribourg,Terminal mobile,254,Payout,Propriétaire,"Postfinance ",200.00
16/03/2019 16:01,Esprit Sushi Fribourg,Caisse principal 3,216,Payout,Propriétaire,"Postfinance ",900.00
15/03/2019 22:22,Esprit Sushi Fribourg,Caisse principal 3,215,Entrée,Propriétaire,"From porte-monnaie ",500.00
15/03/2019 21:22,Esprit Sushi Fribourg,Terminal mobile,252,Payout,Propriétaire,Pourboire,1.10
15/03/2019 18:01,Esprit Sushi Fribourg,Terminal mobile,252,Payout,Propriétaire,"Caisse ",500.00
12/03/2019 14:35,Esprit Sushi Fribourg,Caisse principal 3,211,Payout,Propriétaire,"Postfinance ",1300.00
11/03/2019 18:21,Esprit Sushi Fribourg,Caisse principal 3,211,Entrée,Propriétaire,Depot porte-monnaie,900.00
11/03/2019 18:21,Esprit Sushi Fribourg,Terminal mobile,248,Payout,Propriétaire,Dépôt caisse,900.00
10/03/2019 20:54,Esprit Sushi Fribourg,Terminal mobile,247,Payout,Propriétaire,"Remboursement carte fidélité ",10.00
09/03/2019 12:34,Esprit Sushi Fribourg,Caisse principal 3,207,Payout,Propriétaire,"Postfinance ",200.00
08/03/2019 21:01,Esprit Sushi Fribourg,Caisse principal 3,206,Payout,Propriétaire,Pourboire,1.00
08/03/2019 13:44,Esprit Sushi Fribourg,Terminal mobile,244,Payout,Propriétaire,"Postfinance ",200.00
05/03/2019 22:24,Esprit Sushi Fribourg,Caisse principal 3,203,Payout,Propriétaire,"Postfinance ",400.00
05/03/2019 22:22,Esprit Sushi Fribourg,Terminal mobile,241,Payout,Propriétaire,"Postfinance ",300.00
05/03/2019 18:08,Esprit Sushi Fribourg,Terminal mobile,241,Payout,Propriétaire,"Caisse ",300.00
05/03/2019 18:07,Esprit Sushi Fribourg,Caisse principal 3,203,Entrée,Propriétaire,"Porte-monnaie ",300.00
03/03/2019 11:50,Esprit Sushi Fribourg,Caisse principal 3,200,Payout,Propriétaire,"Courses ",50.00
03/03/2019 11:50,Esprit Sushi Fribourg,Terminal mobile,238,Payout,Propriétaire,"Postfinance ",200.00
02/03/2019 15:51,Esprit Sushi Fribourg,Terminal mobile,236,Payout,Propriétaire,"Postfinance ",400.00
02/03/2019 15:50,Esprit Sushi Fribourg,Caisse principal 3,200,Payout,Propriétaire,Sortie,200.00
28/02/2019 21:37,Esprit Sushi Fribourg,Terminal mobile,234,Payout,Propriétaire,Pourboire,0.10
26/02/2019 20:19,Esprit Sushi Fribourg,Terminal mobile,232,Payout,Propriétaire,"Pourboire ",2.00
26/02/2019 19:10,Esprit Sushi Fribourg,Terminal mobile,232,Payout,Propriétaire,"Pourboire ",4.10
25/02/2019 14:28,Esprit Sushi Fribourg,Terminal mobile,230,Payout,Propriétaire,"Postfinance ",300.00
25/02/2019 14:25,Esprit Sushi Fribourg,Caisse principal 3,194,Payout,Propriétaire,"Postfinance ",400.00
24/02/2019 18:08,Esprit Sushi Fribourg,Terminal mobile,229,Payout,Propriétaire,"Caisse ",200.00
24/02/2019 18:07,Esprit Sushi Fribourg,Caisse principal 3,193,Entrée,Propriétaire,Porte monnaie,200.00
23/02/2019 18:03,Esprit Sushi Fribourg,Terminal mobile,228,Payout,Propriétaire,"Caisse ",100.00
23/02/2019 13:42,Esprit Sushi Fribourg,Caisse principal 3,191,Payout,Propriétaire,"Postfinance ",600.00
22/02/2019 15:01,Esprit Sushi Fribourg,Caisse principal 3,191,Payout,Propriétaire,"Courses ",60.00
21/02/2019 21:52,Esprit Sushi Fribourg,Terminal mobile,226,Payout,Propriétaire,Caisse,250.00
21/02/2019 21:52,Esprit Sushi Fribourg,Caisse principal 3,190,Entrée,Propriétaire,"From porte-monnaie ",250.00
19/02/2019 07:53,Esprit Sushi Fribourg,Terminal mobile,223,Payout,Propriétaire,"Postfinance ",600.00
16/02/2019 18:04,Esprit Sushi Fribourg,Terminal mobile,222,Payout,Propriétaire,"Post ",200.00
16/02/2019 11:27,Esprit Sushi Fribourg,Caisse principal 3,185,Payout,Propriétaire,"Postfinance ",1800.00
15/02/2019 18:06,Esprit Sushi Fribourg,Terminal mobile,221,Payout,Propriétaire,"Caisse ",700.00
15/02/2019 18:05,Esprit Sushi Fribourg,Caisse principal 3,184,Entrée,Propriétaire,"Porte-monnaie ",700.00
14/02/2019 22:19,Esprit Sushi Fribourg,Terminal mobile,220,Entrée,Propriétaire,Erreur depuis caisse,58.00
14/02/2019 22:19,Esprit Sushi Fribourg,Caisse principal 3,183,Payout,Propriétaire,"Erreur vers porte-monnaie ",58.00
14/02/2019 13:17,Esprit Sushi Fribourg,Terminal mobile,220,Entrée,Propriétaire,Monnaie de la veille,505.20
13/02/2019 23:23,Esprit Sushi Fribourg,Caisse principal 3,182,Entrée,Propriétaire,Monnaie,60.00
12/02/2019 20:48,Esprit Sushi Fribourg,Terminal mobile,218,Payout,Propriétaire,Pourboire,1.10
11/02/2019 23:02,Esprit Sushi Fribourg,Caisse principal 3,180,Payout,Propriétaire,"Postfinance ",800.00
11/02/2019 17:55,Esprit Sushi Fribourg,Caisse principal 3,180,Entrée,Propriétaire,Depot porte-monnaie,200.00
11/02/2019 17:55,Esprit Sushi Fribourg,Terminal mobile,217,Payout,Propriétaire,"Dépôt caisse principale ",200.00
10/02/2019 21:35,Esprit Sushi Fribourg,Caisse principal 3,178,Payout,Propriétaire,Retour cash du bon cadeau,6.00
09/02/2019 18:08,Esprit Sushi Fribourg,Terminal mobile,215,Payout,Propriétaire,"Caisse ",400.00
09/02/2019 18:07,Esprit Sushi Fribourg,Caisse principal 3,177,Entrée,Propriétaire,"Porte-monnaie ",400.00
09/02/2019 14:36,Esprit Sushi Fribourg,Caisse principal 3,177,Payout,Propriétaire,"Postfinance ",200.00
08/02/2019 17:25,Esprit Sushi Fribourg,Caisse principal 3,176,Payout,Propriétaire,"Courses ",200.00
08/02/2019 17:25,Esprit Sushi Fribourg,Caisse principal 3,176,Entrée,Propriétaire,Courses,100.00
08/02/2019 16:07,Esprit Sushi Fribourg,Caisse principal 3,176,Payout,Propriétaire,"Courses ",50.00
07/02/2019 18:07,Esprit Sushi Fribourg,Caisse principal 3,175,Entrée,Propriétaire,"Porte-monnaie ",200.00
07/02/2019 18:06,Esprit Sushi Fribourg,Terminal mobile,213,Payout,Propriétaire,"Caisse ",200.00
06/02/2019 22:16,Esprit Sushi Fribourg,Caisse principal 3,174,Payout,Propriétaire,"Postfinance ",300.00
06/02/2019 18:02,Esprit Sushi Fribourg,Terminal mobile,212,Payout,Propriétaire,Caisse,50.00
06/02/2019 18:02,Esprit Sushi Fribourg,Caisse principal 3,174,Entrée,Propriétaire,"Monnaie ",50.00
06/02/2019 18:01,Esprit Sushi Fribourg,Caisse principal 3,174,Entrée,Propriétaire,Monnaie,80.00
05/02/2019 20:38,Esprit Sushi Fribourg,Caisse principal 3,174,Entrée,Propriétaire,Monnaie erreur precedente entre pas sortie,40.00
05/02/2019 20:38,Esprit Sushi Fribourg,Caisse principal 3,174,Payout,Propriétaire,Monnaie,20.00
05/02/2019 19:20,Esprit Sushi Fribourg,Caisse principal 3,174,Entrée,Propriétaire,Monnaie,30.00
05/02/2019 15:10,Esprit Sushi Fribourg,Caisse principal 3,174,Entrée,Propriétaire,Monnaie,14.00
05/02/2019 15:10,Esprit Sushi Fribourg,Caisse principal 3,174,Payout,Propriétaire,"Postfinance ",200.00
03/02/2019 18:04,Esprit Sushi Fribourg,Terminal mobile,209,Payout,Propriétaire,Vers postfinance,700.00
03/02/2019 14:16,Esprit Sushi Fribourg,Caisse principal 3,172,Payout,Propriétaire,"Postfinance ",400.00
02/02/2019 21:38,Esprit Sushi Fribourg,Caisse principal 3,171,Payout,Propriétaire,Pourboire Carte bancaire,2.50
01/02/2019 18:05,Esprit Sushi Fribourg,Caisse principal 3,168,Entrée,Propriétaire,"Porte monnaie ",200.00
01/02/2019 18:04,Esprit Sushi Fribourg,Terminal mobile,207,Payout,Propriétaire,"Caisse ",200.00
01/02/2019 16:08,Esprit Sushi Fribourg,Caisse principal 3,168,Payout,Propriétaire,Courses,40.00
30/01/2019 13:15,Esprit Sushi Fribourg,Caisse principal 3,166,Payout,Propriétaire,"Postfinance ",1100.00
29/01/2019 21:35,Esprit Sushi Fribourg,Terminal mobile,204,Payout,Propriétaire,Transfert caisse,600.00
29/01/2019 21:34,Esprit Sushi Fribourg,Caisse principal 3,165,Entrée,Propriétaire,Transfert porte-monnaie,600.00
29/01/2019 15:41,Esprit Sushi Fribourg,Caisse principal 3,164,Payout,Propriétaire,"Courses ",300.00
28/01/2019 22:08,Esprit Sushi Fribourg,Terminal mobile,203,Payout,Propriétaire,"Essence ",34.30
28/01/2019 18:16,Esprit Sushi Fribourg,Caisse principal 3,164,Entrée,Propriétaire,Depot porte-monnaie,620.00
28/01/2019 18:15,Esprit Sushi Fribourg,Terminal mobile,203,Payout,Propriétaire,"Dépôt caisse principale ",620.00
28/01/2019 16:18,Esprit Sushi Fribourg,Caisse principal 3,163,Payout,Propriétaire,Courses,170.00
27/01/2019 21:09,Esprit Sushi Fribourg,Terminal mobile,202,Payout,Propriétaire,"Pourboire ",3.00
26/01/2019 23:00,Esprit Sushi Fribourg,Caisse principal 3,162,Payout,Propriétaire,Migros,2.30
24/01/2019 21:59,Esprit Sushi Fribourg,Caisse principal 3,159,Payout,Propriétaire,Courses,20.00
24/01/2019 18:03,Esprit Sushi Fribourg,Terminal mobile,199,Payout,Propriétaire,Postfinance,300.00
24/01/2019 16:41,Esprit Sushi Fribourg,Caisse principal 3,159,Payout,Propriétaire,"Courses ",6.00
23/01/2019 21:45,Esprit Sushi Fribourg,Terminal mobile,198,Payout,Propriétaire,"Pourboire ",2.50
22/01/2019 16:00,Esprit Sushi Fribourg,Caisse principal 3,156,Payout,Propriétaire,"Courses ",20.00
21/01/2019 15:57,Esprit Sushi Fribourg,Caisse principal 3,156,Payout,Propriétaire,"Postfinance ",100.00
19/01/2019 16:19,Esprit Sushi Fribourg,Caisse principal 3,154,Payout,Propriétaire,Courses,20.00
18/01/2019 22:15,Esprit Sushi Fribourg,Caisse principal 3,153,Payout,Propriétaire,Courses,20.00
18/01/2019 19:51,Esprit Sushi Fribourg,Terminal mobile,193,Payout,Propriétaire,"Postfinance ",200.00
18/01/2019 19:51,Esprit Sushi Fribourg,Terminal mobile,193,Entrée,Propriétaire,Correction erreur comptage,200.00
18/01/2019 18:27,Esprit Sushi Fribourg,Terminal mobile,193,Payout,Propriétaire,Pourboire carte,1.00
18/01/2019 13:37,Esprit Sushi Fribourg,Caisse principal 3,153,Payout,Propriétaire,"Postfinance ",800.00
16/01/2019 16:17,Esprit Sushi Fribourg,Caisse principal 3,151,Entrée,Propriétaire,"de porte-monnaie ",600.00
14/01/2019 16:22,Esprit Sushi Fribourg,Caisse principal 3,149,Payout,Propriétaire,"postfinance ",700.00
12/01/2019 18:04,Esprit Sushi Fribourg,Terminal mobile,187,Payout,Propriétaire,caisse,500.00
12/01/2019 18:04,Esprit Sushi Fribourg,Caisse principal 3,147,Entrée,Propriétaire,"porte-monnaie ",500.00
10/01/2019 18:04,Esprit Sushi Fribourg,Terminal mobile,185,Payout,Propriétaire,Postfinance,300.00
09/01/2019 22:16,Esprit Sushi Fribourg,Caisse principal 3,144,Payout,Propriétaire,"postfinance ",800.00
09/01/2019 21:22,Esprit Sushi Fribourg,Terminal mobile,183,Payout,Propriétaire,"pourboire ",1.50
06/01/2019 22:38,Esprit Sushi Fribourg,Caisse principal 3,141,Entrée,Propriétaire,Depuis portemonnaie,525.00
06/01/2019 22:37,Esprit Sushi Fribourg,Terminal mobile,180,Payout,Propriétaire,Vers caisse,525.00
06/01/2019 22:35,Esprit Sushi Fribourg,Terminal mobile,180,Entrée,Propriétaire,Erreur Calcul,15.00
02/01/2019 18:02,Esprit Sushi Fribourg,Terminal mobile,176,Payout,Propriétaire,postfinance,200.00
02/01/2019 14:44,Esprit Sushi Fribourg,Caisse principal 3,137,Payout,Propriétaire,"postfinance ",350.00
31/12/2018 17:26,Esprit Sushi Fribourg,Caisse principal 3,137,Entrée,Propriétaire,"oubli d'indiquer le montant de la caisse ",625.10
31/12/2018 15:10,Esprit Sushi Fribourg,Terminal mobile,175,Payout,Propriétaire,pourboire carte bancaire,2.00
30/12/2018 21:46,Esprit Sushi Fribourg,Terminal mobile,174,Payout,Propriétaire,Achat mayo + 2 avocats,7.30
30/12/2018 21:45,Esprit Sushi Fribourg,Terminal mobile,174,Payout,Propriétaire,Pourboire carte bancaire,3.00
30/12/2018 18:09,Esprit Sushi Fribourg,Terminal mobile,174,Payout,Propriétaire,,300.00
29/12/2018 22:05,Esprit Sushi Fribourg,Terminal mobile,173,Payout,Propriétaire,"pourboire ",1.50
29/12/2018 19:54,Esprit Sushi Fribourg,Terminal mobile,173,Payout,Propriétaire,pourboire,1.10
29/12/2018 15:09,Esprit Sushi Fribourg,Caisse principal 3,135,Payout,Propriétaire,"postfinance ",200.00
28/12/2018 18:39,Esprit Sushi Fribourg,Caisse principal 3,134,Payout,Propriétaire,montant rendu contre un bon cadeau,4.00
28/12/2018 14:36,Esprit Sushi Fribourg,Caisse principal 3,134,Payout,Propriétaire,"postfinance ",100.00
26/12/2018 20:35,Esprit Sushi Fribourg,Terminal mobile,170,Payout,Propriétaire,"pourboire ",5.00
26/12/2018 14:13,Esprit Sushi Fribourg,Terminal mobile,170,Payout,Propriétaire,"postfinance ",450.00
24/12/2018 20:47,Esprit Sushi Fribourg,Caisse principal 3,130,Payout,Propriétaire,"postfinance ",900.00
24/12/2018 13:09,Esprit Sushi Fribourg,Terminal mobile,169,Payout,Propriétaire,courses,17.90
24/12/2018 13:08,Esprit Sushi Fribourg,Terminal mobile,169,Payout,Propriétaire,"courses ",19.80
24/12/2018 12:06,Esprit Sushi Fribourg,Caisse principal 3,130,Entrée,Propriétaire,,500.00
24/12/2018 12:06,Esprit Sushi Fribourg,Terminal mobile,169,Payout,Propriétaire,,500.00
22/12/2018 18:11,Esprit Sushi Fribourg,Terminal mobile,166,Payout,Propriétaire,,300.00
22/12/2018 16:26,Esprit Sushi Fribourg,Caisse principal 3,129,Payout,Propriétaire,"postfinance ",300.00
20/12/2018 18:01,Esprit Sushi Fribourg,Caisse principal 3,128,Payout,Propriétaire,erreur de compte,120.00
18/12/2018 22:08,Esprit Sushi Fribourg,Caisse principal 3,126,Payout,Propriétaire,"postfinance ",800.00
18/12/2018 14:52,Esprit Sushi Fribourg,Caisse principal 3,126,Entrée,Propriétaire,"depuis porte-monnaie ",300.00
18/12/2018 14:50,Esprit Sushi Fribourg,Terminal mobile,161,Payout,Propriétaire,vers caisse,300.00
16/12/2018 18:20,Esprit Sushi Fribourg,Caisse principal 3,124,Entrée,Propriétaire,"depot porte-monnaie ",350.00
16/12/2018 18:20,Esprit Sushi Fribourg,Terminal mobile,159,Payout,Propriétaire,"dépôt caisse ",350.00
16/12/2018 11:37,Esprit Sushi Fribourg,Caisse principal 3,123,Payout,Propriétaire,"postfinance ",500.00
15/12/2018 15:49,Esprit Sushi Fribourg,Caisse principal 3,122,Payout,Propriétaire,coursrs,30.00
13/12/2018 20:10,Esprit Sushi Fribourg,Terminal mobile,156,Payout,Propriétaire,pourboire,2.50
13/12/2018 18:11,Esprit Sushi Fribourg,Terminal mobile,156,Payout,Propriétaire,caisse,200.00
13/12/2018 18:11,Esprit Sushi Fribourg,Caisse principal 3,119,Entrée,Propriétaire,porte monnaie,200.00
10/12/2018 18:06,Esprit Sushi Fribourg,Terminal mobile,153,Payout,Propriétaire,"dépôt ",500.00
10/12/2018 15:25,Esprit Sushi Fribourg,Caisse principal 3,118,Payout,Propriétaire,"postfinance ",200.00
08/12/2018 21:49,Esprit Sushi Fribourg,Terminal mobile,151,Payout,Propriétaire,Essence,20.00
08/12/2018 11:18,Esprit Sushi Fribourg,Caisse principal 3,116,Entrée,Propriétaire,"monnaie ",5.00
07/12/2018 22:36,Esprit Sushi Fribourg,Caisse principal 3,114,Payout,Propriétaire,"postfinance ",850.00
07/12/2018 22:35,Esprit Sushi Fribourg,Caisse principal 3,114,Entrée,Propriétaire,"depuis porte-monnaie ",350.00
07/12/2018 22:35,Esprit Sushi Fribourg,Terminal mobile,150,Payout,Propriétaire,"vers caisse ",350.00
07/12/2018 17:11,Esprit Sushi Fribourg,Caisse principal 3,113,Payout,Propriétaire,"courses ",20.00
06/12/2018 18:09,Esprit Sushi Fribourg,Terminal mobile,148,Payout,Propriétaire,"caisse ",100.00
06/12/2018 18:09,Esprit Sushi Fribourg,Caisse principal 3,112,Entrée,Propriétaire,porte monnaie,100.00
05/12/2018 21:14,Esprit Sushi Fribourg,Terminal mobile,147,Payout,Propriétaire,"pourboir ",1.00
03/12/2018 22:34,Esprit Sushi Fribourg,Caisse principal 3,109,Payout,Propriétaire,"postfinance ",600.00
03/12/2018 14:18,Esprit Sushi Fribourg,Caisse principal 3,109,Entrée,Propriétaire,"porte-monnaie ",350.00
03/12/2018 14:18,Esprit Sushi Fribourg,Terminal mobile,145,Payout,Propriétaire,caisse,350.00
02/12/2018 21:14,Esprit Sushi Fribourg,Terminal mobile,144,Payout,Propriétaire,Pourboire carte bancaire,1.50
02/12/2018 14:05,Esprit Sushi Fribourg,Caisse principal 3,108,Payout,Propriétaire,"postfinance ",990.00
02/12/2018 14:02,Esprit Sushi Fribourg,Caisse principal 3,108,Payout,Propriétaire,"courses ",200.00
30/11/2018 18:07,Esprit Sushi Fribourg,Caisse principal 3,107,Entrée,Propriétaire,"depot porte-monnaie livreur ",500.00
30/11/2018 18:04,Esprit Sushi Fribourg,Terminal mobile,143,Payout,Propriétaire,"dépôt caisse ",500.00
26/11/2018 21:42,Esprit Sushi Fribourg,Terminal mobile,139,Payout,Propriétaire,"Pourboire ",1.00
26/11/2018 16:53,Esprit Sushi Fribourg,Caisse principal 3,103,Payout,Propriétaire,"postfinance ",600.00
26/11/2018 16:53,Esprit Sushi Fribourg,Terminal mobile,139,Payout,Propriétaire,"postfinance ",210.00
25/11/2018 18:25,Esprit Sushi Fribourg,Caisse principal 3,102,Entrée,Propriétaire,"depot porte-monnaie livreur ",300.00
25/11/2018 18:24,Esprit Sushi Fribourg,Terminal mobile,138,Payout,Propriétaire,"dépôt caisse ",300.00
25/11/2018 10:05,Esprit Sushi Fribourg,Terminal mobile,137,Payout,Propriétaire,,40.00
24/11/2018 15:25,Esprit Sushi Fribourg,Terminal mobile,136,Payout,Propriétaire,"courses ",20.00
24/11/2018 15:21,Esprit Sushi Fribourg,Caisse principal 3,101,Payout,Propriétaire,courses,50.00
22/11/2018 16:38,Esprit Sushi Fribourg,Caisse principal 3,99,Payout,Propriétaire,"postfinance ",2010.00
20/11/2018 19:59,Esprit Sushi Fribourg,Terminal mobile,132,Payout,Propriétaire,"pourboir ",1.00
19/11/2018 21:08,Esprit Sushi Fribourg,Terminal mobile,131,Entrée,Propriétaire,"erreur début de service ",36.10
19/11/2018 18:11,Esprit Sushi Fribourg,Caisse principal 3,99,Entrée,Propriétaire,depot porte-monnaie livreur,200.00
19/11/2018 18:04,Esprit Sushi Fribourg,Terminal mobile,131,Payout,Propriétaire,"dépôt caisse ",200.00
18/11/2018 21:43,Esprit Sushi Fribourg,Terminal mobile,130,Payout,Propriétaire,"Pourboire carte bancaire ",2.50
17/11/2018 15:40,Esprit Sushi Fribourg,Caisse principal 3,97,Payout,Propriétaire,courses,100.00
16/11/2018 20:35,Esprit Sushi Fribourg,Caisse principal 3,96,Entrée,Propriétaire,"De porte-monnaie ",600.00
16/11/2018 20:34,Esprit Sushi Fribourg,Terminal mobile,127,Payout,Propriétaire,vers caisse,600.00
12/11/2018 18:10,Esprit Sushi Fribourg,Terminal mobile,123,Payout,Propriétaire,"achat Migros ",0.75
11/11/2018 22:09,Esprit Sushi Fribourg,Terminal mobile,122,Payout,Propriétaire,vers caisse,500.00
11/11/2018 22:04,Esprit Sushi Fribourg,Caisse principal 3,94,Entrée,Propriétaire,"Depuis porte-monnaie ",500.00
10/11/2018 15:40,Esprit Sushi Fribourg,Caisse principal 3,93,Payout,Propriétaire,"postfinance ",1200.00
09/11/2018 23:07,Esprit Sushi Fribourg,Caisse principal 3,92,Entrée,Propriétaire,from purse,420.00
09/11/2018 22:30,Esprit Sushi Fribourg,Terminal mobile,120,Payout,Propriétaire,"dépôt caisse ",420.00
08/11/2018 18:09,Esprit Sushi Fribourg,Terminal mobile,119,Payout,Propriétaire,caisse,400.00
08/11/2018 18:09,Esprit Sushi Fribourg,Caisse principal 3,91,Entrée,Propriétaire,"porte monnaie ",400.00
07/11/2018 21:35,Esprit Sushi Fribourg,Terminal mobile,118,Payout,Propriétaire,Pourboire carte bancaire,2.10
06/11/2018 22:15,Esprit Sushi Fribourg,Terminal mobile,116,Payout,Propriétaire,erreur eat payé khuu,29.50
05/11/2018 18:01,Esprit Sushi Fribourg,Terminal mobile,115,Payout,Propriétaire,Postfinance,200.00
05/11/2018 17:13,Esprit Sushi Fribourg,Caisse principal 3,89,Payout,Propriétaire,"postfinance ",1740.00
04/11/2018 15:36,Esprit Sushi Fribourg,Caisse principal 3,88,Entrée,Propriétaire,"de porte-monnaie ",500.00
04/11/2018 15:35,Esprit Sushi Fribourg,Terminal mobile,114,Payout,Propriétaire,vers caisse,500.00
03/11/2018 18:09,Esprit Sushi Fribourg,Terminal mobile,113,Payout,Propriétaire,,500.00
03/11/2018 18:09,Esprit Sushi Fribourg,Caisse principal 3,87,Entrée,Propriétaire,,500.00
03/11/2018 16:31,Esprit Sushi Fribourg,Caisse principal 3,87,Payout,Propriétaire,achats migros,49.20
01/11/2018 18:11,Esprit Sushi Fribourg,Terminal mobile,111,Payout,Propriétaire,caisse,200.00
01/11/2018 18:10,Esprit Sushi Fribourg,Caisse principal 3,85,Entrée,Propriétaire,porte monnaie,200.00
30/10/2018 21:27,Esprit Sushi Fribourg,Terminal mobile,109,Payout,Propriétaire,"Pourboire ",2.00
30/10/2018 18:26,Esprit Sushi Fribourg,Terminal mobile,109,Payout,Propriétaire,"achat cuisine ",4.30
29/10/2018 16:45,Esprit Sushi Fribourg,Terminal mobile,108,Payout,Propriétaire,"postfinance ",350.00
29/10/2018 16:44,Esprit Sushi Fribourg,Caisse principal 3,83,Payout,Propriétaire,"postfinance ",200.00
28/10/2018 12:27,Esprit Sushi Fribourg,Caisse principal 3,82,Payout,Propriétaire,courses,50.00
27/10/2018 16:18,Esprit Sushi Fribourg,Terminal mobile,106,Payout,Propriétaire,"postfinance ",260.00
27/10/2018 16:10,Esprit Sushi Fribourg,Caisse principal 3,81,Payout,Propriétaire,"postfinance ",300.00
26/10/2018 10:14,Esprit Sushi Fribourg,Caisse principal 3,80,Payout,Propriétaire,"postfinance ",80.00
25/10/2018 15:58,Esprit Sushi Fribourg,Terminal mobile,104,Payout,Propriétaire,"postfinance ",200.00
24/10/2018 16:48,Esprit Sushi Fribourg,Terminal mobile,103,Payout,Propriétaire,"course ",90.00
22/10/2018 22:30,Esprit Sushi Fribourg,Caisse principal 3,76,Payout,Propriétaire,,800.00
22/10/2018 22:30,Esprit Sushi Fribourg,Caisse principal 3,76,Payout,Propriétaire,,180.00
22/10/2018 18:07,Esprit Sushi Fribourg,Caisse principal 3,76,Entrée,Propriétaire,"depot caisse livreur ",350.00
22/10/2018 18:05,Esprit Sushi Fribourg,Terminal mobile,101,Payout,Propriétaire,"dépôt caisse ",100.00
22/10/2018 18:04,Esprit Sushi Fribourg,Terminal mobile,101,Payout,Propriétaire,"dépôt caisse ",250.00
21/10/2018 18:09,Esprit Sushi Fribourg,Caisse principal 3,75,Entrée,Propriétaire,porte monnaie,100.00
21/10/2018 18:08,Esprit Sushi Fribourg,Terminal mobile,100,Payout,Propriétaire,caisse,100.00
20/10/2018 21:07,Esprit Sushi Fribourg,Terminal mobile,99,Payout,Propriétaire,Pourboire par carte,5.00
19/10/2018 15:02,Esprit Sushi Fribourg,Caisse principal 3,74,Entrée,Propriétaire,"from porte-monnaie ",250.00
18/10/2018 18:00,Esprit Sushi Fribourg,Terminal mobile,97,Payout,Propriétaire,"déplacer caisse ",250.00
17/10/2018 22:30,Esprit Sushi Fribourg,Terminal mobile,97,Payout,Propriétaire,pourboir,2.00
17/10/2018 16:25,Esprit Sushi Fribourg,Caisse principal 3,74,Payout,Propriétaire,"postfinance ",300.00
17/10/2018 16:24,Esprit Sushi Fribourg,Terminal mobile,97,Payout,Propriétaire,"postfinance ",500.00
16/10/2018 21:43,Esprit Sushi Fribourg,Terminal mobile,96,Entrée,Propriétaire,oublié 15.10.18,1.00
16/10/2018 15:59,Esprit Sushi Fribourg,Terminal mobile,96,Entrée,Propriétaire,monnaie d'hier,570.65
15/10/2018 20:43,Esprit Sushi Fribourg,Caisse principal 3,74,Entrée,Propriétaire,"montant valide sur iPhone ",63.10
15/10/2018 14:53,Esprit Sushi Fribourg,Caisse principal 3,74,Payout,Propriétaire,"postfinance ",200.00
14/10/2018 19:45,Esprit Sushi Fribourg,Terminal mobile,94,Payout,Propriétaire,Erreur-Carte,74.00
13/10/2018 21:47,Esprit Sushi Fribourg,Terminal mobile,93,Entrée,Propriétaire,"erreur comptage au début ",10.00
13/10/2018 20:26,Esprit Sushi Fribourg,Terminal mobile,93,Payout,Propriétaire,essence,46.05
12/10/2018 22:00,Esprit Sushi Fribourg,Caisse principal 3,73,Payout,Propriétaire,"postfinance ",440.00
12/10/2018 21:25,Esprit Sushi Fribourg,Caisse principal 3,73,Entrée,Propriétaire,"monnaie ",200.00
12/10/2018 17:59,Esprit Sushi Fribourg,Terminal mobile,92,Entrée,Propriétaire,,410.70
12/10/2018 15:13,Esprit Sushi Fribourg,Caisse principal 3,73,Payout,Propriétaire,courses,20.00
10/10/2018 20:40,Esprit Sushi Fribourg,Terminal mobile,90,Payout,Propriétaire,"pourboire ",2.00
10/10/2018 14:46,Esprit Sushi Fribourg,Terminal mobile,89,Entrée,Propriétaire,monnaie,35.00
10/10/2018 14:45,Esprit Sushi Fribourg,Caisse principal 3,71,Entrée,Propriétaire,"monnaie ",35.00
10/10/2018 14:44,Esprit Sushi Fribourg,Caisse principal 3,70,Payout,Propriétaire,"postfinance ",900.00
10/10/2018 14:44,Esprit Sushi Fribourg,Caisse principal 3,70,Entrée,Propriétaire,"ajout portefeuille ",820.00
10/10/2018 14:44,Esprit Sushi Fribourg,Caisse principal 3,70,Payout,Propriétaire,"transfert portefeuille ",410.00
09/10/2018 21:07,Esprit Sushi Fribourg,Terminal mobile,89,Payout,Propriétaire,"caisse ",410.00
09/10/2018 21:07,Esprit Sushi Fribourg,Terminal mobile,89,Payout,Propriétaire,"correction ",410.00
09/10/2018 21:06,Esprit Sushi Fribourg,Terminal mobile,89,Entrée,Propriétaire,"caisse ",410.00
08/10/2018 15:54,Esprit Sushi Fribourg,Caisse principal 3,70,Payout,Propriétaire,"erreur validation livraison sur tablette ",75.00
07/10/2018 21:55,Esprit Sushi Fribourg,Terminal mobile,87,Entrée,Propriétaire,,75.00
06/10/2018 21:06,Esprit Sushi Fribourg,Terminal mobile,86,Payout,Propriétaire,"pourboire carte ",2.10
06/10/2018 14:21,Esprit Sushi Fribourg,Terminal mobile,86,Payout,Propriétaire,"postfinance ",260.00
06/10/2018 14:14,Esprit Sushi Fribourg,Caisse principal 3,69,Payout,Propriétaire,"postfinance ",540.00
05/10/2018 18:11,Esprit Sushi Fribourg,Terminal mobile,85,Payout,Propriétaire,,150.00
05/10/2018 18:10,Esprit Sushi Fribourg,Caisse principal 3,69,Entrée,Propriétaire,,150.00
03/10/2018 20:36,Esprit Sushi Fribourg,Terminal mobile,83,Payout,Propriétaire,"essence ",39.30
03/10/2018 14:28,Esprit Sushi Fribourg,Caisse principal 3,67,Payout,Propriétaire,"courses ",50.00
02/10/2018 22:21,Esprit Sushi Fribourg,Terminal mobile,82,Payout,Propriétaire,oubli boisson voumars,4.50
02/10/2018 08:51,Esprit Sushi Fribourg,Caisse principal 3,67,Payout,Propriétaire,"postfinance ",220.00
02/10/2018 08:50,Esprit Sushi Fribourg,Terminal mobile,82,Payout,Propriétaire,"postefinance ",180.00
30/09/2018 10:28,Esprit Sushi Fribourg,Terminal mobile,81,Payout,Propriétaire,"postfinance ",200.00
30/09/2018 10:24,Esprit Sushi Fribourg,Caisse principal 3,66,Payout,Propriétaire,"postfinance ",440.00
29/09/2018 21:38,Esprit Sushi Fribourg,Terminal mobile,80,Payout,Propriétaire,"pourboire carte ",1.50
29/09/2018 15:09,Esprit Sushi Fribourg,Caisse principal 3,65,Payout,Propriétaire,courses,50.00
28/09/2018 22:11,Esprit Sushi Fribourg,Terminal mobile,80,Entrée,Propriétaire,comma de valide carte mais en cash,60.90
28/09/2018 11:36,Esprit Sushi Fribourg,Terminal mobile,80,Payout,Propriétaire,"postefinance ",100.00
28/09/2018 11:35,Esprit Sushi Fribourg,Caisse principal 3,64,Payout,Propriétaire,"postfinance ",400.00
27/09/2018 18:42,Esprit Sushi Fribourg,Terminal mobile,79,Payout,Propriétaire,caisse,100.00
27/09/2018 18:42,Esprit Sushi Fribourg,Caisse principal 3,63,Entrée,Propriétaire,porte monnaie,100.00
27/09/2018 12:11,Esprit Sushi Fribourg,Terminal mobile,79,Payout,Propriétaire,"postefinance ",250.00
25/09/2018 11:57,Esprit Sushi Fribourg,Terminal mobile,77,Payout,Propriétaire,"postefinance ",200.00
24/09/2018 16:04,Esprit Sushi Fribourg,Caisse principal 3,60,Payout,Propriétaire,"postfinance ",100.00
24/09/2018 16:04,Esprit Sushi Fribourg,Terminal mobile,76,Payout,Propriétaire,"postfinance ",500.00
22/09/2018 15:39,Esprit Sushi Fribourg,Terminal mobile,74,Payout,Propriétaire,"postefinance ",350.00
22/09/2018 15:38,Esprit Sushi Fribourg,Caisse principal 3,59,Payout,Propriétaire,"postfinance ",500.00
21/09/2018 20:10,Esprit Sushi Fribourg,Terminal mobile,73,Payout,Propriétaire,pourboire carte,1.50
21/09/2018 18:23,Esprit Sushi Fribourg,Terminal mobile,73,Payout,Propriétaire,caisse,300.00
21/09/2018 18:23,Esprit Sushi Fribourg,Caisse principal 3,58,Entrée,Propriétaire,porte monnaie,300.00
19/09/2018 11:06,Esprit Sushi Fribourg,Caisse principal 3,57,Payout,Propriétaire,courses,20.00
17/09/2018 13:27,Esprit Sushi Fribourg,Caisse principal 3,55,Payout,Propriétaire,"postfinance ",100.00
17/09/2018 13:27,Esprit Sushi Fribourg,Terminal mobile,69,Payout,Propriétaire,"postefinance ",400.00
16/09/2018 13:22,Esprit Sushi Fribourg,Terminal mobile,68,Payout,Propriétaire,"postefinance ",200.00
16/09/2018 13:21,Esprit Sushi Fribourg,Caisse principal 3,54,Payout,Propriétaire,Postfinance,200.00
15/09/2018 22:54,Esprit Sushi Fribourg,Terminal mobile,67,Entrée,Propriétaire,Luca rio cash,26.50
15/09/2018 22:47,Esprit Sushi Fribourg,Caisse principal 3,53,Payout,Propriétaire,luca rio porte monnaie cash,26.50
14/09/2018 07:00,Esprit Sushi Fribourg,Caisse principal 3,52,Payout,Propriétaire,Postfinance,50.00
14/09/2018 06:57,Esprit Sushi Fribourg,Terminal mobile,65,Payout,Propriétaire,,150.00
13/09/2018 21:02,Esprit Sushi Fribourg,Terminal mobile,64,Payout,Propriétaire,essence,39.85
13/09/2018 14:15,Esprit Sushi Fribourg,Caisse principal 3,51,Payout,Propriétaire,Postfinance,350.00
13/09/2018 14:10,Esprit Sushi Fribourg,Terminal mobile,64,Payout,Propriétaire,"postefinance ",300.00
12/09/2018 15:18,Esprit Sushi Fribourg,Caisse principal 3,50,Payout,Propriétaire,courses,50.00
11/09/2018 13:40,Esprit Sushi Fribourg,Caisse principal 3,49,Payout,Propriétaire,courses,5.00
10/09/2018 13:33,Esprit Sushi Fribourg,Caisse principal 3,48,Payout,Propriétaire,Postfinance,300.00
09/09/2018 18:12,Esprit Sushi Fribourg,Caisse principal 3,48,Entrée,Propriétaire,de porte monnaie,300.00
09/09/2018 18:11,Esprit Sushi Fribourg,Terminal mobile,60,Payout,Propriétaire,retrait,300.00
07/09/2018 12:17,Esprit Sushi Fribourg,Terminal mobile,58,Payout,Propriétaire,"postefinance ",310.00
07/09/2018 12:10,Esprit Sushi Fribourg,Caisse principal 3,47,Payout,Propriétaire,Postfinance,200.00
05/09/2018 21:51,Esprit Sushi Fribourg,Terminal mobile,56,Payout,Propriétaire,nettoyages,6.00
04/09/2018 16:14,Esprit Sushi Fribourg,Caisse principal 3,44,Payout,Propriétaire,Postfinance,100.00
03/09/2018 19:28,Esprit Sushi Fribourg,Terminal mobile,54,Entrée,Propriétaire,courses prodega Caroline,8.10
03/09/2018 19:15,Esprit Sushi Fribourg,Caisse principal 3,43,Payout,Propriétaire,remboursement gyozas,20.00
03/09/2018 14:37,Esprit Sushi Fribourg,Terminal mobile,54,Payout,Propriétaire,"postefinance ",300.00
03/09/2018 14:30,Esprit Sushi Fribourg,Caisse principal 3,43,Payout,Propriétaire,Postfinance,100.00
01/09/2018 21:24,Esprit Sushi Fribourg,Caisse principal 3,41,Payout,Propriétaire,postfinance,349.90
31/08/2018 14:27,Esprit Sushi Fribourg,Caisse principal 3,40,Payout,Propriétaire,courses,20.00
30/08/2018 15:06,Esprit Sushi Fribourg,Caisse principal 3,39,Payout,Propriétaire,courses,70.00
29/08/2018 18:45,Esprit Sushi Fribourg,Terminal mobile,49,Payout,Propriétaire,essence,41.00
29/08/2018 18:45,Esprit Sushi Fribourg,Terminal mobile,49,Payout,Propriétaire,saumon,192.45
29/08/2018 14:36,Esprit Sushi Fribourg,Caisse principal 3,38,Payout,Propriétaire,courses,100.00
26/08/2018 09:16,Esprit Sushi Fribourg,Caisse principal 3,35,Payout,Propriétaire,Postfinance,1200.00
24/08/2018 13:23,Esprit Sushi Fribourg,Caisse principal 3,33,Entrée,Propriétaire,,1153.80
23/08/2018 21:42,Esprit Sushi Fribourg,Terminal mobile,44,Payout,Propriétaire,pourboire,1.00
23/08/2018 16:41,Esprit Sushi Fribourg,Caisse principal 3,32,Entrée,Propriétaire,,1042.30
22/08/2018 22:13,Esprit Sushi Fribourg,Caisse principale 2,8,Payout,Propriétaire,"pourboire carte ",0.50
21/08/2018 17:18,Esprit Sushi Fribourg,Caisse principale 2,7,Payout,Propriétaire,courses,20.00
20/08/2018 22:02,Esprit Sushi Fribourg,Terminal mobile,40,Payout,Propriétaire,pourboire carte,0.20
15/07/2018 20:12,Esprit Sushi Fribourg,Terminal mobile,39,Payout,Propriétaire,pourboire carte,2.50
14/07/2018 13:25,Esprit Sushi Fribourg,Caisse principal 3,31,Payout,Propriétaire,,700.00
14/07/2018 13:24,Esprit Sushi Fribourg,Terminal mobile,38,Payout,Propriétaire,,300.00
12/07/2018 20:29,Esprit Sushi Fribourg,Terminal mobile,36,Payout,Propriétaire,,3.40
12/07/2018 18:08,Esprit Sushi Fribourg,Caisse principal 3,31,Entrée,Propriétaire,,400.00
12/07/2018 18:07,Esprit Sushi Fribourg,Terminal mobile,36,Payout,Propriétaire,,400.00
12/07/2018 15:03,Esprit Sushi Fribourg,Caisse principal 3,31,Payout,Propriétaire,"lessive ",20.00
09/07/2018 15:32,Esprit Sushi Fribourg,Caisse principal 3,29,Payout,Propriétaire,"courses ",20.00
08/07/2018 12:35,Esprit Sushi Fribourg,Terminal mobile,32,Payout,Propriétaire,"postefinance ",840.00
08/07/2018 12:29,Esprit Sushi Fribourg,Caisse principal 3,28,Payout,Propriétaire,"postfinance ",440.00
04/07/2018 15:32,Esprit Sushi Fribourg,Caisse principal 3,23,Payout,Propriétaire,,200.00
01/07/2018 16:35,Esprit Sushi Fribourg,Terminal mobile,25,Payout,Propriétaire,"postefinance ",300.00
30/06/2018 17:03,Esprit Sushi Fribourg,Caisse principal 3,19,Payout,Propriétaire,courses,30.00
29/06/2018 13:55,Esprit Sushi Fribourg,Terminal mobile,23,Payout,Propriétaire,"postefinance ",300.00
29/06/2018 13:48,Esprit Sushi Fribourg,Caisse principal 3,18,Payout,Propriétaire,"postfinance ",400.00
28/06/2018 11:08,Esprit Sushi Fribourg,Caisse principal 3,18,Payout,Propriétaire,"postfinance ",200.00
28/06/2018 11:07,Esprit Sushi Fribourg,Terminal mobile,22,Payout,Propriétaire,"postefinance ",411.00
27/06/2018 13:46,Esprit Sushi Fribourg,Caisse principal 3,17,Payout,Propriétaire,prodega,200.00
27/06/2018 13:45,Esprit Sushi Fribourg,Caisse principal 3,17,Entrée,Propriétaire,prodega,100.00
26/06/2018 18:08,Esprit Sushi Fribourg,Terminal mobile,20,Payout,Propriétaire,,200.00
25/06/2018 14:26,Esprit Sushi Fribourg,Terminal mobile,19,Payout,Propriétaire,"postefinance ",500.00
25/06/2018 14:21,Esprit Sushi Fribourg,Caisse principal 3,16,Payout,Propriétaire,postfinance,400.00
22/06/2018 15:18,Esprit Sushi Fribourg,Terminal mobile,16,Payout,Propriétaire,0,440.00
22/06/2018 11:39,Esprit Sushi Fribourg,Caisse principal 3,13,Payout,Propriétaire,postfinance,400.00
19/06/2018 12:48,Esprit Sushi Fribourg,Terminal mobile,13,Payout,Propriétaire,postfinance,300.00
19/06/2018 12:48,Esprit Sushi Fribourg,Caisse principal 3,10,Payout,Propriétaire,postfinance,1100.00
18/06/2018 18:25,Esprit Sushi Fribourg,Caisse principal 3,9,Entrée,Propriétaire,du porte monnaie,400.00
18/06/2018 18:25,Esprit Sushi Fribourg,Terminal mobile,12,Payout,Propriétaire,vers caisse,400.00
15/06/2018 22:11,Esprit Sushi Fribourg,Caisse principal 3,6,Payout,Propriétaire,"remboursement erreur boisson ",1.80
15/06/2018 21:57,Esprit Sushi Fribourg,Terminal mobile,9,Payout,Propriétaire,essence,41.30
14/06/2018 11:44,Esprit Sushi Fribourg,Terminal mobile,8,Payout,Propriétaire,10×20+2×50+4×100+200,900.00
14/06/2018 11:42,Esprit Sushi Fribourg,Caisse principal 3,5,Payout,Propriétaire,10 *20 + 3*100,500.00
