Magasin,PDV,Numéro d'équipe,Heure d'ouverture de quart de travail,Ouverture du service,Heure de fermeture de quart de travail,Le service est fermé,Espèces de départ,Règlement en espèces,Remboursements en espèces,Montant paiement entrant,Montant paiement sortant,Montant en espèces prévu,Montant en espèces réel,Différence
Esprit Sushi Fribourg,SamsungA40,621,23/10/2022 17:52,Propriétaire,23/10/2022 21:02,Propriétaire,516.30,0.00,0.00,0.00,0.00,516.30,516.30,0.00
Esprit Sushi Fribourg,SamsungA40,620,22/10/2022 18:03,Propriétaire,22/10/2022 21:35,Propriétaire,516.30,0.00,0.00,0.00,0.00,516.30,516.30,0.00
Esprit Sushi Fribourg,SamsungA40,619,21/10/2022 18:04,Propriétaire,21/10/2022 21:42,Propriétaire,432.80,83.50,0.00,0.00,0.00,516.30,516.30,0.00
Esprit Sushi Fribourg,SamsungA40,618,15/10/2022 18:05,Propriétaire,15/10/2022 21:34,Propriétaire,400.30,32.50,0.00,0.00,0.00,432.80,432.80,0.00
Esprit Sushi Fribourg,SamsungA40,617,14/10/2022 16:26,Propriétaire,14/10/2022 21:40,Propriétaire,547.80,117.50,0.00,0.00,265.00,400.30,400.30,0.00
Esprit Sushi Fribourg,SamsungA40,616,08/10/2022 18:38,Propriétaire,08/10/2022 21:09,Propriétaire,443.90,103.90,0.00,0.00,0.00,547.80,547.80,0.00
Esprit Sushi Fribourg,SamsungA40,615,07/10/2022 18:02,Propriétaire,07/10/2022 21:30,Propriétaire,407.40,36.50,0.00,0.00,0.00,443.90,443.90,0.00
Esprit Sushi Fribourg,SamsungA40,614,02/10/2022 17:57,Propriétaire,02/10/2022 21:56,Propriétaire,317.90,89.50,0.00,0.00,0.00,407.40,407.40,0.00
Esprit Sushi Fribourg,SamsungA40,613,01/10/2022 22:13,Propriétaire,01/10/2022 22:14,Propriétaire,296.90,21.00,0.00,0.00,0.00,317.90,317.90,0.00
Esprit Sushi Fribourg,SamsungA40,612,01/10/2022 18:04,Propriétaire,01/10/2022 21:13,Propriétaire,296.90,0.00,0.00,0.00,0.00,296.90,296.90,0.00
Esprit Sushi Fribourg,SamsungA40,611,30/09/2022 17:43,Propriétaire,30/09/2022 21:15,Propriétaire,346.90,0.00,0.00,0.00,50.00,296.90,296.90,0.00
Esprit Sushi Fribourg,SamsungA40,610,25/09/2022 18:42,Propriétaire,25/09/2022 21:23,Propriétaire,301.40,45.50,0.00,0.00,0.00,346.90,346.90,0.00
Esprit Sushi Fribourg,SamsungA40,609,24/09/2022 17:59,Propriétaire,24/09/2022 21:45,Propriétaire,301.40,0.00,0.00,0.00,0.00,301.40,301.40,0.00
Esprit Sushi Fribourg,SamsungA40,608,23/09/2022 17:15,Propriétaire,23/09/2022 21:28,Propriétaire,451.40,0.00,0.00,0.00,150.00,301.40,301.40,0.00
Esprit Sushi Fribourg,SamsungA40,607,18/09/2022 20:02,Propriétaire,18/09/2022 21:29,Propriétaire,451.40,0.00,0.00,0.00,0.00,451.40,451.40,0.00
Esprit Sushi Fribourg,SamsungA40,606,17/09/2022 18:00,Propriétaire,17/09/2022 21:31,Propriétaire,415.90,35.50,0.00,0.00,0.00,451.40,451.40,0.00
Esprit Sushi Fribourg,SamsungA40,605,16/09/2022 17:26,Propriétaire,16/09/2022 21:30,Propriétaire,384.70,131.20,0.00,0.00,100.00,415.90,415.90,0.00
Esprit Sushi Fribourg,SamsungA40,604,11/09/2022 18:56,Propriétaire,11/09/2022 21:25,Propriétaire,384.70,0.00,0.00,0.00,0.00,384.70,384.70,0.00
Esprit Sushi Fribourg,SamsungA40,603,10/09/2022 18:01,Propriétaire,10/09/2022 22:09,Propriétaire,182.70,102.00,0.00,100.00,0.00,384.70,384.70,0.00
Esprit Sushi Fribourg,SamsungA40,602,09/09/2022 16:47,Propriétaire,09/09/2022 21:29,Propriétaire,452.70,0.00,0.00,0.00,170.00,282.70,282.70,0.00
Esprit Sushi Fribourg,SamsungA40,601,04/09/2022 19:00,Propriétaire,04/09/2022 21:30,Propriétaire,406.70,46.00,0.00,0.00,0.00,452.70,452.70,0.00
Esprit Sushi Fribourg,SamsungA40,600,02/09/2022 18:13,Propriétaire,02/09/2022 22:00,Propriétaire,372.70,34.00,0.00,0.00,0.00,406.70,406.70,0.00
Esprit Sushi Fribourg,SamsungA40,599,28/08/2022 18:01,Propriétaire,28/08/2022 21:31,Propriétaire,552.70,20.00,0.00,0.00,0.00,572.70,572.70,0.00
Esprit Sushi Fribourg,SamsungA40,598,27/08/2022 18:42,Propriétaire,27/08/2022 21:32,Propriétaire,363.30,189.40,0.00,0.00,0.00,552.70,552.70,0.00
Esprit Sushi Fribourg,SamsungA40,597,26/08/2022 18:07,Propriétaire,26/08/2022 21:35,Propriétaire,363.30,0.00,0.00,0.00,0.00,363.30,363.30,0.00
Esprit Sushi Fribourg,SamsungA40,596,21/08/2022 17:54,Propriétaire,21/08/2022 21:32,Propriétaire,363.30,0.00,0.00,0.00,0.00,363.30,363.30,0.00
Esprit Sushi Fribourg,SamsungA40,595,20/08/2022 17:57,Propriétaire,20/08/2022 22:18,Propriétaire,313.00,50.30,0.00,0.00,0.00,363.30,363.30,0.00
Esprit Sushi Fribourg,SamsungA40,594,19/08/2022 18:00,Propriétaire,19/08/2022 21:30,Propriétaire,279.00,34.00,0.00,0.00,0.00,313.00,313.00,0.00
Esprit Sushi Fribourg,SamsungA40,593,06/07/2022 18:36,Propriétaire,06/07/2022 21:27,Propriétaire,288.50,0.00,0.00,0.00,3.00,285.50,285.50,0.00
Esprit Sushi Fribourg,SamsungA40,592,05/07/2022 18:40,Propriétaire,05/07/2022 21:29,Propriétaire,288.50,0.00,0.00,0.00,0.00,288.50,288.50,0.00
Esprit Sushi Fribourg,SamsungA40,591,04/07/2022 18:34,Propriétaire,04/07/2022 21:28,Propriétaire,408.50,0.00,0.00,0.00,120.00,288.50,288.50,0.00
Esprit Sushi Fribourg,SamsungA40,590,03/07/2022 18:13,Propriétaire,03/07/2022 21:32,Propriétaire,393.50,45.00,0.00,0.00,30.00,408.50,408.50,0.00
Esprit Sushi Fribourg,SamsungA40,589,02/07/2022 20:57,Propriétaire,02/07/2022 20:59,Propriétaire,393.50,0.00,0.00,0.00,0.00,393.50,393.50,0.00
Esprit Sushi Fribourg,SamsungA40,588,01/07/2022 17:58,Propriétaire,01/07/2022 21:28,Propriétaire,282.60,110.90,0.00,0.00,0.00,393.50,393.50,0.00
Esprit Sushi Fribourg,SamsungA40,587,30/06/2022 18:46,Propriétaire,30/06/2022 21:25,Propriétaire,282.60,0.00,0.00,0.00,0.00,282.60,282.60,0.00
Esprit Sushi Fribourg,SamsungA40,586,29/06/2022 21:33,Propriétaire,30/06/2022 18:45,Propriétaire,0.00,0.00,0.00,0.00,0.00,0.00,0.00,0.00
Esprit Sushi Fribourg,SamsungA40,585,29/06/2022 18:41,Propriétaire,29/06/2022 21:33,Propriétaire,282.60,0.00,0.00,0.00,0.00,282.60,282.60,0.00
Esprit Sushi Fribourg,SamsungA40,584,28/06/2022 17:50,Propriétaire,28/06/2022 21:00,Propriétaire,282.60,0.00,0.00,0.00,0.00,282.60,282.60,0.00
Esprit Sushi Fribourg,SamsungA40,583,28/06/2022 16:25,Propriétaire,28/06/2022 17:49,Propriétaire,482.60,0.00,0.00,0.00,200.00,282.60,282.60,0.00
Esprit Sushi Fribourg,SamsungA40,582,26/06/2022 18:30,Propriétaire,26/06/2022 21:34,Propriétaire,318.10,164.50,0.00,0.00,0.00,482.60,482.60,0.00
Esprit Sushi Fribourg,SamsungA40,581,25/06/2022 18:35,Propriétaire,25/06/2022 21:48,Propriétaire,318.10,0.00,0.00,0.00,0.00,318.10,318.10,0.00
Esprit Sushi Fribourg,SamsungA40,580,24/06/2022 18:36,Propriétaire,24/06/2022 21:46,Propriétaire,318.10,0.00,0.00,0.00,0.00,318.10,318.10,0.00
Esprit Sushi Fribourg,SamsungA40,579,23/06/2022 18:23,Propriétaire,23/06/2022 21:14,Propriétaire,267.60,0.00,0.00,0.00,0.00,267.60,267.60,0.00
Esprit Sushi Fribourg,SamsungA40,578,22/06/2022 17:34,Propriétaire,22/06/2022 21:07,Propriétaire,267.60,0.00,0.00,0.00,0.00,267.60,267.60,0.00
Esprit Sushi Fribourg,SamsungA40,577,21/06/2022 18:13,Propriétaire,21/06/2022 21:03,Propriétaire,337.60,0.00,0.00,0.00,70.00,267.60,267.60,0.00
Esprit Sushi Fribourg,SamsungA40,576,19/06/2022 18:26,Propriétaire,19/06/2022 21:24,Propriétaire,337.60,0.00,0.00,0.00,0.00,337.60,337.60,0.00
Esprit Sushi Fribourg,SamsungA40,575,18/06/2022 20:14,Propriétaire,18/06/2022 21:32,Propriétaire,302.10,35.50,0.00,0.00,0.00,337.60,337.60,0.00
Esprit Sushi Fribourg,SamsungA40,574,17/06/2022 18:27,Propriétaire,17/06/2022 21:31,Propriétaire,572.10,0.00,0.00,0.00,270.00,302.10,302.10,0.00
Esprit Sushi Fribourg,SamsungA40,573,16/06/2022 18:27,Propriétaire,16/06/2022 21:47,Propriétaire,460.20,201.50,85.50,0.00,4.10,572.10,572.10,0.00
Esprit Sushi Fribourg,SamsungA40,572,11/06/2022 18:34,Propriétaire,15/06/2022 21:05,Propriétaire,401.90,308.30,0.00,0.00,250.00,460.20,460.20,0.00
Esprit Sushi Fribourg,SamsungA40,571,11/06/2022 18:33,Propriétaire,11/06/2022 18:34,Propriétaire,400.90,0.00,0.00,0.00,0.00,400.90,400.90,0.00
Esprit Sushi Fribourg,SamsungA40,570,09/06/2022 18:18,Propriétaire,10/06/2022 21:51,Propriétaire,515.40,136.50,0.00,0.00,250.00,401.90,401.90,0.00
Esprit Sushi Fribourg,SamsungA40,569,07/06/2022 18:20,Propriétaire,08/06/2022 21:29,Propriétaire,492.40,23.00,0.00,0.00,0.00,515.40,515.40,0.00
Esprit Sushi Fribourg,SamsungA40,568,05/06/2022 19:00,Propriétaire,05/06/2022 22:23,Propriétaire,340.10,152.30,0.00,0.00,0.00,492.40,492.40,0.00
Esprit Sushi Fribourg,SamsungA40,567,04/06/2022 18:18,Propriétaire,04/06/2022 21:02,Propriétaire,340.10,0.00,0.00,0.00,0.00,340.10,340.10,0.00
Esprit Sushi Fribourg,SamsungA40,566,03/06/2022 18:40,Propriétaire,03/06/2022 21:29,Propriétaire,257.00,83.10,0.00,0.00,0.00,340.10,340.10,0.00
Esprit Sushi Fribourg,SamsungA40,565,03/06/2022 18:40,Propriétaire,03/06/2022 18:40,Propriétaire,0.00,0.00,0.00,0.00,0.00,0.00,0.00,0.00
Esprit Sushi Fribourg,SamsungA40,564,03/06/2022 18:40,Propriétaire,03/06/2022 18:40,Propriétaire,0.00,0.00,0.00,0.00,0.00,0.00,0.00,0.00
Esprit Sushi Fribourg,SamsungA40,563,03/06/2022 18:39,Propriétaire,03/06/2022 18:40,Propriétaire,0.00,0.00,0.00,0.00,0.00,0.00,257.00,257.00
Esprit Sushi Fribourg,SamsungA40,562,03/06/2022 18:39,Propriétaire,03/06/2022 18:39,Propriétaire,0.00,0.00,0.00,0.00,0.00,0.00,257.00,257.00
Esprit Sushi Fribourg,SamsungA40,561,03/06/2022 18:31,Propriétaire,03/06/2022 18:39,Propriétaire,357.00,0.00,0.00,0.00,0.00,357.00,357.00,0.00
Esprit Sushi Fribourg,SamsungA40,560,02/06/2022 18:07,Propriétaire,02/06/2022 21:28,Propriétaire,357.00,0.00,0.00,0.00,0.00,357.00,357.00,0.00
Esprit Sushi Fribourg,SamsungA40,559,01/06/2022 18:17,Propriétaire,01/06/2022 21:34,Propriétaire,288.00,69.00,0.00,0.00,0.00,357.00,357.00,0.00
Esprit Sushi Fribourg,SamsungA40,558,31/05/2022 18:30,Propriétaire,31/05/2022 21:32,Propriétaire,288.00,0.00,0.00,0.00,0.00,288.00,288.00,0.00
Esprit Sushi Fribourg,SamsungA40,557,27/05/2022 16:47,Propriétaire,27/05/2022 21:08,Propriétaire,648.00,0.00,0.00,0.00,360.00,288.00,288.00,0.00
Esprit Sushi Fribourg,SamsungA40,556,26/05/2022 18:19,Propriétaire,26/05/2022 21:48,Propriétaire,648.00,0.00,0.00,0.00,0.00,648.00,648.00,0.00
Esprit Sushi Fribourg,SamsungA40,555,25/05/2022 18:25,Propriétaire,25/05/2022 21:33,Propriétaire,562.00,86.00,0.00,0.00,0.00,648.00,648.00,0.00
Esprit Sushi Fribourg,SamsungA40,554,24/05/2022 21:11,Propriétaire,24/05/2022 21:16,Propriétaire,502.00,60.00,0.00,0.00,0.00,562.00,562.00,0.00
Esprit Sushi Fribourg,SamsungA40,553,22/05/2022 18:14,Propriétaire,22/05/2022 21:31,Propriétaire,377.00,125.00,0.00,0.00,0.00,502.00,502.00,0.00
Esprit Sushi Fribourg,SamsungA40,552,21/05/2022 17:44,Propriétaire,21/05/2022 20:32,Propriétaire,377.00,0.00,0.00,0.00,0.00,377.00,377.00,0.00
Esprit Sushi Fribourg,SamsungA40,551,20/05/2022 17:58,Propriétaire,20/05/2022 21:29,Propriétaire,377.00,0.00,0.00,0.00,0.00,377.00,377.00,0.00
Esprit Sushi Fribourg,Caisse principal 3,782,26/04/2022 19:30,Propriétaire,20/05/2022 11:58,Propriétaire,346.55,876.75,0.00,300.00,1200.00,323.30,323.30,0.00
Esprit Sushi Fribourg,SamsungA40,550,19/05/2022 18:08,Propriétaire,19/05/2022 21:30,Propriétaire,332.00,45.00,0.00,0.00,0.00,377.00,377.00,0.00
Esprit Sushi Fribourg,SamsungA40,549,18/05/2022 18:14,Propriétaire,18/05/2022 21:42,Propriétaire,632.05,0.00,0.00,0.00,300.00,332.05,332.05,0.00
Esprit Sushi Fribourg,SamsungA40,548,18/05/2022 18:13,Propriétaire,18/05/2022 18:14,Propriétaire,0.00,0.00,0.00,0.00,0.00,0.00,632.05,632.05
Esprit Sushi Fribourg,SamsungA40,547,17/05/2022 18:18,Propriétaire,17/05/2022 22:14,Propriétaire,562.55,69.50,0.00,0.00,0.00,632.05,632.05,0.00
Esprit Sushi Fribourg,SamsungA40,546,15/05/2022 18:23,Propriétaire,15/05/2022 21:30,Propriétaire,562.45,0.00,0.00,0.00,0.00,562.45,562.45,0.00
Esprit Sushi Fribourg,SamsungA40,545,14/05/2022 17:44,Propriétaire,14/05/2022 20:37,Propriétaire,562.45,0.00,0.00,0.00,0.00,562.45,562.45,0.00
Esprit Sushi Fribourg,SamsungA40,544,13/05/2022 20:26,Propriétaire,13/05/2022 21:28,Propriétaire,477.05,85.40,0.00,0.00,0.00,562.45,562.45,0.00
Esprit Sushi Fribourg,SamsungA40,543,12/05/2022 18:05,Propriétaire,12/05/2022 21:02,Propriétaire,477.05,0.00,0.00,0.00,1.00,476.05,476.05,0.00
Esprit Sushi Fribourg,SamsungA40,542,11/05/2022 18:01,Propriétaire,11/05/2022 20:32,Propriétaire,477.05,0.00,0.00,0.00,0.00,477.05,477.05,0.00
Esprit Sushi Fribourg,SamsungA40,541,10/05/2022 21:01,Propriétaire,10/05/2022 21:36,Propriétaire,477.05,0.00,0.00,0.00,0.00,477.05,477.05,0.00
Esprit Sushi Fribourg,SamsungA40,540,08/05/2022 18:06,Propriétaire,08/05/2022 21:39,Propriétaire,349.75,127.30,0.00,0.00,0.00,477.05,477.05,0.00
Esprit Sushi Fribourg,SamsungA40,539,07/05/2022 18:02,Propriétaire,07/05/2022 21:28,Propriétaire,349.75,0.00,0.00,0.00,0.00,349.75,349.75,0.00
Esprit Sushi Fribourg,SamsungA40,538,07/05/2022 18:01,Propriétaire,07/05/2022 18:02,Propriétaire,344.75,0.00,0.00,0.00,0.00,344.75,344.75,0.00
Esprit Sushi Fribourg,SamsungA40,537,06/05/2022 17:50,Propriétaire,06/05/2022 21:30,Propriétaire,306.25,45.50,0.00,0.00,2.00,349.75,349.75,0.00
Esprit Sushi Fribourg,SamsungA40,536,05/05/2022 19:39,Propriétaire,05/05/2022 21:29,Propriétaire,306.25,0.00,0.00,0.00,0.00,306.25,306.25,0.00
Esprit Sushi Fribourg,SamsungA40,535,04/05/2022 17:37,Propriétaire,04/05/2022 20:31,Propriétaire,633.25,23.00,0.00,0.00,350.00,306.25,306.25,0.00
Esprit Sushi Fribourg,SamsungA40,534,03/05/2022 17:50,Propriétaire,03/05/2022 21:29,Propriétaire,588.25,45.00,0.00,0.00,0.00,633.25,633.25,0.00
Esprit Sushi Fribourg,SamsungA40,533,01/05/2022 18:15,Propriétaire,01/05/2022 21:32,Propriétaire,588.25,0.00,0.00,0.00,0.00,588.25,588.25,0.00
Esprit Sushi Fribourg,SamsungA40,532,30/04/2022 18:05,Propriétaire,30/04/2022 21:17,Propriétaire,515.80,72.45,0.00,0.00,0.00,588.25,588.25,0.00
Esprit Sushi Fribourg,SamsungA40,531,29/04/2022 21:18,Propriétaire,29/04/2022 21:34,Propriétaire,477.80,38.00,0.00,0.00,0.00,515.80,515.80,0.00
Esprit Sushi Fribourg,SamsungA40,530,28/04/2022 18:05,Propriétaire,28/04/2022 21:29,Propriétaire,477.80,0.00,0.00,0.00,0.00,477.80,477.80,0.00
Esprit Sushi Fribourg,SamsungA40,529,27/04/2022 17:38,Propriétaire,27/04/2022 21:39,Propriétaire,393.90,83.90,0.00,0.00,0.00,477.80,477.80,0.00
Esprit Sushi Fribourg,SamsungA40,528,26/04/2022 17:46,Propriétaire,26/04/2022 21:30,Propriétaire,802.20,91.70,0.00,0.00,500.00,393.90,393.90,0.00
Esprit Sushi Fribourg,Caisse principal 3,781,05/04/2022 16:31,Propriétaire,18/04/2022 14:25,Propriétaire,344.15,652.40,0.00,0.00,650.00,346.55,346.55,0.00
Esprit Sushi Fribourg,SamsungA40,527,15/04/2022 18:10,Propriétaire,15/04/2022 21:35,Propriétaire,758.70,43.50,0.00,0.00,0.00,802.20,802.20,0.00
Esprit Sushi Fribourg,SamsungA40,526,14/04/2022 18:09,Propriétaire,14/04/2022 21:58,Propriétaire,612.80,145.90,0.00,0.00,0.00,758.70,758.70,0.00
Esprit Sushi Fribourg,SamsungA40,525,12/04/2022 17:55,Propriétaire,13/04/2022 21:09,Propriétaire,589.80,23.00,0.00,0.00,0.00,612.80,612.80,0.00
Esprit Sushi Fribourg,SamsungA40,524,09/04/2022 18:06,Propriétaire,10/04/2022 21:47,Propriétaire,475.30,114.50,0.00,0.00,0.00,589.80,589.80,0.00
Esprit Sushi Fribourg,SamsungA40,523,08/04/2022 18:03,Propriétaire,08/04/2022 21:00,Propriétaire,475.30,0.00,0.00,0.00,0.00,475.30,475.30,0.00
Esprit Sushi Fribourg,SamsungA40,522,07/04/2022 17:49,Propriétaire,07/04/2022 21:32,Propriétaire,334.80,140.50,0.00,0.00,0.00,475.30,475.30,0.00
Esprit Sushi Fribourg,SamsungA40,521,05/04/2022 16:30,Propriétaire,05/04/2022 21:53,Propriétaire,785.80,49.00,0.00,0.00,500.00,334.80,334.80,0.00
Esprit Sushi Fribourg,Caisse principal 3,780,25/03/2022 20:06,Propriétaire,03/04/2022 21:33,Propriétaire,388.35,617.30,0.00,40.00,701.50,344.15,344.15,0.00
Esprit Sushi Fribourg,SamsungA40,520,03/04/2022 21:14,Propriétaire,03/04/2022 22:02,Propriétaire,740.80,49.00,0.00,0.00,4.00,785.80,785.80,0.00
Esprit Sushi Fribourg,SamsungA40,519,02/04/2022 17:51,Propriétaire,02/04/2022 21:33,Propriétaire,580.80,160.00,0.00,0.00,0.00,740.80,740.80,0.00
Esprit Sushi Fribourg,SamsungA40,518,01/04/2022 18:03,Propriétaire,01/04/2022 22:06,Propriétaire,502.80,78.00,0.00,0.00,0.00,580.80,580.80,0.00
Esprit Sushi Fribourg,SamsungA40,517,30/03/2022 21:01,Propriétaire,31/03/2022 21:53,Propriétaire,431.30,111.50,0.00,0.00,40.00,502.80,502.80,0.00
Esprit Sushi Fribourg,SamsungA40,516,29/03/2022 15:33,Propriétaire,29/03/2022 21:56,Propriétaire,585.40,45.90,0.00,0.00,200.00,431.30,431.30,0.00
Esprit Sushi Fribourg,SamsungA40,515,27/03/2022 17:46,Propriétaire,27/03/2022 22:20,Propriétaire,513.90,71.50,0.00,0.00,0.00,585.40,585.40,0.00
Esprit Sushi Fribourg,SamsungA40,514,26/03/2022 21:28,Propriétaire,27/03/2022 16:46,Propriétaire,0.00,0.00,0.00,0.00,0.00,0.00,0.00,0.00
Esprit Sushi Fribourg,SamsungA40,513,26/03/2022 18:06,Propriétaire,26/03/2022 21:28,Propriétaire,517.40,0.00,0.00,0.00,3.50,513.90,513.90,0.00
Esprit Sushi Fribourg,SamsungA40,512,25/03/2022 17:41,Propriétaire,25/03/2022 21:40,Propriétaire,406.50,110.90,0.00,0.00,0.00,517.40,517.40,0.00
Esprit Sushi Fribourg,Caisse principal 3,779,16/02/2022 18:16,Propriétaire,25/03/2022 08:07,Propriétaire,357.05,1519.30,8.00,1970.00,3450.00,388.35,388.35,0.00
Esprit Sushi Fribourg,SamsungA40,511,24/03/2022 18:14,Propriétaire,24/03/2022 21:41,Propriétaire,983.50,23.00,0.00,0.00,600.00,406.50,406.50,0.00
Esprit Sushi Fribourg,SamsungA40,510,23/03/2022 17:54,Propriétaire,23/03/2022 21:31,Propriétaire,959.00,24.50,0.00,0.00,0.00,983.50,983.50,0.00
Esprit Sushi Fribourg,SamsungA40,509,20/03/2022 20:28,Propriétaire,20/03/2022 21:34,Propriétaire,808.40,150.60,0.00,0.00,0.00,959.00,959.00,0.00
Esprit Sushi Fribourg,SamsungA40,508,18/03/2022 18:04,Propriétaire,18/03/2022 21:00,Propriétaire,716.95,91.45,0.00,0.00,0.00,808.40,808.40,0.00
Esprit Sushi Fribourg,SamsungA40,507,17/03/2022 17:47,Propriétaire,17/03/2022 21:34,Propriétaire,539.95,177.00,0.00,0.00,0.00,716.95,716.95,0.00
Esprit Sushi Fribourg,SamsungA40,506,16/03/2022 18:18,Propriétaire,16/03/2022 21:18,Propriétaire,399.05,140.90,0.00,0.00,0.00,539.95,539.95,0.00
Esprit Sushi Fribourg,SamsungA40,505,15/03/2022 18:11,Propriétaire,15/03/2022 21:55,Propriétaire,376.85,22.20,0.00,0.00,0.00,399.05,399.05,0.00
Esprit Sushi Fribourg,SamsungA40,504,13/03/2022 18:10,Propriétaire,13/03/2022 21:34,Propriétaire,776.65,0.00,0.00,0.00,400.00,376.65,376.65,0.00
Esprit Sushi Fribourg,SamsungA40,503,12/03/2022 18:05,Propriétaire,12/03/2022 21:29,Propriétaire,730.65,46.00,0.00,0.00,0.00,776.65,776.65,0.00
Esprit Sushi Fribourg,SamsungA40,502,11/03/2022 17:50,Propriétaire,11/03/2022 22:04,Propriétaire,684.65,46.00,0.00,0.00,0.00,730.65,730.65,0.00
Esprit Sushi Fribourg,SamsungA40,501,10/03/2022 17:50,Propriétaire,10/03/2022 21:43,Propriétaire,661.15,23.50,0.00,0.00,0.00,684.65,684.65,0.00
Esprit Sushi Fribourg,SamsungA40,500,09/03/2022 19:46,Propriétaire,09/03/2022 21:32,Propriétaire,526.75,134.40,0.00,0.00,0.00,661.15,661.15,0.00
Esprit Sushi Fribourg,SamsungA40,499,08/03/2022 18:09,Propriétaire,08/03/2022 21:24,Propriétaire,505.75,21.00,0.00,0.00,0.00,526.75,526.75,0.00
Esprit Sushi Fribourg,SamsungA40,498,06/03/2022 17:48,Propriétaire,06/03/2022 21:56,Propriétaire,420.65,85.00,0.00,0.00,0.00,505.65,505.65,0.00
Esprit Sushi Fribourg,SamsungA40,497,05/03/2022 19:59,Propriétaire,05/03/2022 21:55,Propriétaire,364.75,55.90,0.00,0.00,0.00,420.65,420.65,0.00
Esprit Sushi Fribourg,SamsungA40,496,04/03/2022 17:59,Propriétaire,04/03/2022 21:32,Propriétaire,540.75,44.00,0.00,0.00,220.00,364.75,364.75,0.00
Esprit Sushi Fribourg,SamsungA40,495,03/03/2022 18:09,Propriétaire,03/03/2022 21:30,Propriétaire,497.75,43.00,0.00,400.00,400.00,540.75,540.75,0.00
Esprit Sushi Fribourg,SamsungA40,494,02/03/2022 17:54,Propriétaire,02/03/2022 21:29,Propriétaire,755.35,142.40,0.00,0.00,0.00,897.75,897.75,0.00
Esprit Sushi Fribourg,SamsungA40,493,01/03/2022 18:04,Propriétaire,01/03/2022 21:13,Propriétaire,681.85,73.50,0.00,0.00,0.00,755.35,755.35,0.00
Esprit Sushi Fribourg,SamsungA40,492,26/02/2022 17:53,Propriétaire,27/02/2022 21:32,Propriétaire,755.45,276.40,0.00,0.00,350.00,681.85,681.85,0.00
Esprit Sushi Fribourg,SamsungA40,491,25/02/2022 18:12,Propriétaire,25/02/2022 21:34,Propriétaire,612.85,142.60,0.00,0.00,0.00,755.45,755.45,0.00
Esprit Sushi Fribourg,SamsungA40,490,23/02/2022 18:03,Propriétaire,24/02/2022 21:32,Propriétaire,470.35,140.90,0.00,0.00,0.00,611.25,611.25,0.00
Esprit Sushi Fribourg,SamsungA40,489,22/02/2022 18:00,Propriétaire,22/02/2022 21:30,Propriétaire,396.85,73.50,0.00,0.00,0.00,470.35,470.35,0.00
Esprit Sushi Fribourg,SamsungA40,488,20/02/2022 18:30,Propriétaire,20/02/2022 21:30,Propriétaire,589.85,0.00,0.00,0.00,0.00,589.85,589.85,0.00
Esprit Sushi Fribourg,SamsungA40,487,19/02/2022 18:05,Propriétaire,19/02/2022 21:35,Propriétaire,549.35,40.50,0.00,0.00,0.00,589.85,589.85,0.00
Esprit Sushi Fribourg,SamsungA40,486,18/02/2022 18:02,Propriétaire,18/02/2022 21:34,Propriétaire,512.35,35.50,0.00,0.00,0.00,547.85,547.85,0.00
Esprit Sushi Fribourg,SamsungA40,485,17/02/2022 18:01,Propriétaire,17/02/2022 21:06,Propriétaire,443.95,68.40,0.00,0.00,0.00,512.35,512.35,0.00
Esprit Sushi Fribourg,SamsungA40,484,16/02/2022 18:12,Propriétaire,16/02/2022 22:07,Propriétaire,501.05,142.90,0.00,0.00,200.00,443.95,443.95,0.00
Esprit Sushi Fribourg,Caisse principal 3,778,01/02/2022 17:13,Propriétaire,15/02/2022 22:09,Propriétaire,230.40,1326.65,0.00,0.00,1200.00,357.05,357.05,0.00
Esprit Sushi Fribourg,SamsungA40,483,14/02/2022 17:40,Propriétaire,14/02/2022 21:49,Propriétaire,477.55,23.50,0.00,0.00,0.00,501.05,501.05,0.00
Esprit Sushi Fribourg,Jose,1,14/02/2022 17:06,Propriétaire,14/02/2022 21:12,Propriétaire,280.90,0.00,0.00,0.00,0.00,280.90,280.90,0.00
Esprit Sushi Fribourg,SamsungA40,482,13/02/2022 18:04,Propriétaire,13/02/2022 21:47,Propriétaire,292.55,179.50,0.00,0.00,0.00,472.05,472.05,0.00
Esprit Sushi Fribourg,SamsungA40,481,12/02/2022 18:05,Propriétaire,12/02/2022 21:01,Propriétaire,292.55,0.00,0.00,0.00,0.00,292.55,292.55,0.00
Esprit Sushi Fribourg,SamsungA40,480,11/02/2022 17:43,Propriétaire,11/02/2022 21:32,Propriétaire,271.55,21.00,0.00,0.00,0.00,292.55,292.55,0.00
Esprit Sushi Fribourg,SamsungA40,479,10/02/2022 18:07,Propriétaire,10/02/2022 21:29,Propriétaire,371.55,0.00,0.00,0.00,100.00,271.55,271.55,0.00
Esprit Sushi Fribourg,SamsungA40,478,09/02/2022 17:37,Propriétaire,09/02/2022 21:35,Propriétaire,318.05,53.50,0.00,0.00,0.00,371.55,371.55,0.00
Esprit Sushi Fribourg,SamsungA40,477,08/02/2022 16:49,Propriétaire,08/02/2022 21:03,Propriétaire,718.05,0.00,0.00,0.00,400.00,318.05,318.05,0.00
Esprit Sushi Fribourg,SamsungA40,476,06/02/2022 19:03,Propriétaire,06/02/2022 21:53,Propriétaire,629.05,89.00,0.00,0.00,0.00,718.05,718.05,0.00
Esprit Sushi Fribourg,SamsungA40,475,05/02/2022 17:51,Propriétaire,05/02/2022 21:51,Propriétaire,453.30,175.75,0.00,0.00,0.00,629.05,629.05,0.00
Esprit Sushi Fribourg,SamsungA40,474,04/02/2022 17:57,Propriétaire,04/02/2022 21:46,Propriétaire,351.30,102.00,0.00,0.00,0.00,453.30,453.30,0.00
Esprit Sushi Fribourg,SamsungA40,473,03/02/2022 18:12,Propriétaire,03/02/2022 21:51,Propriétaire,351.30,0.00,0.00,0.00,0.00,351.30,351.30,0.00
Esprit Sushi Fribourg,SamsungA40,472,02/02/2022 18:10,Propriétaire,02/02/2022 21:27,Propriétaire,325.80,25.50,0.00,0.00,0.00,351.30,351.30,0.00
Esprit Sushi Fribourg,SamsungA40,471,01/02/2022 17:12,Propriétaire,01/02/2022 21:29,Propriétaire,791.30,64.50,0.00,20.00,550.00,325.80,325.80,0.00
Esprit Sushi Fribourg,Caisse principal 3,777,11/01/2022 20:37,Propriétaire,31/01/2022 11:18,Propriétaire,314.00,1109.90,93.50,0.00,1100.00,230.40,230.40,0.00
Esprit Sushi Fribourg,SamsungA40,470,30/01/2022 21:05,Propriétaire,30/01/2022 21:31,Propriétaire,557.90,233.40,0.00,0.00,0.00,791.30,791.30,0.00
Esprit Sushi Fribourg,SamsungA40,469,29/01/2022 18:07,Propriétaire,29/01/2022 21:41,Propriétaire,430.60,127.30,0.00,0.00,0.00,557.90,557.90,0.00
Esprit Sushi Fribourg,SamsungA40,468,28/01/2022 18:12,Propriétaire,28/01/2022 21:49,Propriétaire,274.20,156.40,0.00,0.00,0.00,430.60,430.60,0.00
Esprit Sushi Fribourg,SamsungA40,467,27/01/2022 17:44,Propriétaire,27/01/2022 21:30,Propriétaire,574.20,0.00,0.00,0.00,300.00,274.20,274.20,0.00
Esprit Sushi Fribourg,SamsungA40,466,26/01/2022 18:05,Propriétaire,26/01/2022 21:31,Propriétaire,546.70,27.50,0.00,0.00,0.00,574.20,574.20,0.00
Esprit Sushi Fribourg,SamsungA40,465,25/01/2022 18:10,Propriétaire,25/01/2022 21:01,Propriétaire,485.80,60.90,0.00,0.00,0.00,546.70,546.70,0.00
Esprit Sushi Fribourg,SamsungA40,464,23/01/2022 18:03,Propriétaire,23/01/2022 21:09,Propriétaire,485.85,0.00,0.00,0.00,0.00,485.85,485.85,0.00
Esprit Sushi Fribourg,SamsungA40,463,22/01/2022 18:14,Propriétaire,22/01/2022 21:45,Propriétaire,435.85,50.00,0.00,0.00,0.00,485.85,485.85,0.00
Esprit Sushi Fribourg,SamsungA40,462,21/01/2022 17:39,Propriétaire,21/01/2022 21:32,Propriétaire,374.85,61.00,0.00,0.00,0.00,435.85,435.85,0.00
Esprit Sushi Fribourg,SamsungA40,461,20/01/2022 18:05,Propriétaire,20/01/2022 20:52,Propriétaire,305.30,69.55,0.00,0.00,0.00,374.85,374.85,0.00
Esprit Sushi Fribourg,SamsungA40,460,19/01/2022 18:09,Propriétaire,19/01/2022 21:00,Propriétaire,282.30,23.00,0.00,0.00,0.00,305.30,305.30,0.00
Esprit Sushi Fribourg,SamsungA40,459,18/01/2022 16:17,Propriétaire,18/01/2022 21:19,Propriétaire,271.30,0.00,0.00,11.00,0.00,282.30,282.30,0.00
Esprit Sushi Fribourg,SamsungA40,458,16/01/2022 22:40,Propriétaire,16/01/2022 22:41,Propriétaire,871.30,0.00,0.00,0.00,600.00,271.30,271.30,0.00
Esprit Sushi Fribourg,SamsungA40,457,16/01/2022 21:15,Propriétaire,16/01/2022 22:07,Propriétaire,698.90,172.40,0.00,0.00,0.00,871.30,871.30,0.00
Esprit Sushi Fribourg,SamsungA40,456,15/01/2022 18:23,Propriétaire,15/01/2022 21:35,Propriétaire,519.80,179.10,0.00,0.00,0.00,698.90,698.90,0.00
Esprit Sushi Fribourg,SamsungA40,455,14/01/2022 18:02,Propriétaire,14/01/2022 21:34,Propriétaire,418.30,101.50,0.00,0.00,0.00,519.80,519.80,0.00
Esprit Sushi Fribourg,SamsungA40,454,13/01/2022 18:05,Propriétaire,13/01/2022 21:22,Propriétaire,371.30,47.00,0.00,0.00,0.00,418.30,418.30,0.00
Esprit Sushi Fribourg,SamsungA40,453,12/01/2022 18:08,Propriétaire,12/01/2022 21:14,Propriétaire,345.90,25.40,0.00,0.00,0.00,371.30,371.30,0.00
Esprit Sushi Fribourg,SamsungA40,452,11/01/2022 15:29,Propriétaire,11/01/2022 21:13,Propriétaire,871.90,29.00,0.00,0.00,550.00,350.90,350.90,0.00
Esprit Sushi Fribourg,Caisse principal 3,776,05/01/2022 18:26,Propriétaire,10/01/2022 00:07,Propriétaire,292.20,321.80,0.00,0.00,300.00,314.00,314.00,0.00
Esprit Sushi Fribourg,SamsungA40,451,09/01/2022 18:00,Propriétaire,09/01/2022 21:52,Propriétaire,728.50,145.40,0.00,0.00,2.00,871.90,871.90,0.00
Esprit Sushi Fribourg,SamsungA40,450,08/01/2022 17:52,Propriétaire,08/01/2022 22:02,Propriétaire,595.50,133.00,0.00,0.00,0.00,728.50,728.50,0.00
Esprit Sushi Fribourg,SamsungA40,449,07/01/2022 17:54,Propriétaire,07/01/2022 21:51,Propriétaire,467.70,127.80,0.00,0.00,0.00,595.50,595.50,0.00
Esprit Sushi Fribourg,SamsungA40,448,06/01/2022 18:06,Propriétaire,06/01/2022 21:33,Propriétaire,383.20,84.50,0.00,0.00,0.00,467.70,467.70,0.00
Esprit Sushi Fribourg,SamsungA40,447,05/01/2022 18:03,Propriétaire,05/01/2022 21:26,Propriétaire,383.20,0.00,0.00,0.00,0.00,383.20,383.20,0.00
Esprit Sushi Fribourg,SamsungA40,446,04/01/2022 18:08,Propriétaire,04/01/2022 21:27,Propriétaire,318.20,65.00,0.00,0.00,0.00,383.20,383.20,0.00
Esprit Sushi Fribourg,Caisse principal 3,775,21/12/2021 17:01,Propriétaire,02/01/2022 23:30,Propriétaire,287.60,956.40,0.00,0.00,950.00,294.00,294.00,0.00
Esprit Sushi Fribourg,SamsungA40,445,02/01/2022 16:16,Propriétaire,02/01/2022 21:41,Propriétaire,818.20,0.00,0.00,0.00,500.00,318.20,318.20,0.00
Esprit Sushi Fribourg,SamsungA40,444,31/12/2021 12:04,Propriétaire,31/12/2021 16:42,Propriétaire,819.70,0.00,0.00,0.00,1.50,818.20,818.20,0.00
Esprit Sushi Fribourg,SamsungA40,443,30/12/2021 20:59,Propriétaire,30/12/2021 21:32,Propriétaire,796.70,23.00,0.00,0.00,0.00,819.70,819.70,0.00
Esprit Sushi Fribourg,SamsungA40,442,29/12/2021 19:01,Propriétaire,29/12/2021 21:49,Propriétaire,768.20,28.50,0.00,0.00,0.00,796.70,796.70,0.00
Esprit Sushi Fribourg,SamsungA40,441,28/12/2021 17:49,Propriétaire,28/12/2021 21:49,Propriétaire,724.20,44.00,0.00,0.00,0.00,768.20,768.20,0.00
Esprit Sushi Fribourg,SamsungA40,440,27/12/2021 18:01,Propriétaire,27/12/2021 22:07,Propriétaire,653.20,71.00,0.00,0.00,0.00,724.20,724.20,0.00
Esprit Sushi Fribourg,SamsungA40,439,24/12/2021 12:24,Propriétaire,24/12/2021 17:08,Propriétaire,389.00,264.20,0.00,0.00,0.00,653.20,653.20,0.00
Esprit Sushi Fribourg,SamsungA40,438,23/12/2021 18:06,Propriétaire,23/12/2021 21:34,Propriétaire,389.00,0.00,0.00,0.00,0.00,389.00,389.00,0.00
Esprit Sushi Fribourg,SamsungA40,437,22/12/2021 18:08,Propriétaire,22/12/2021 21:32,Propriétaire,389.00,0.00,0.00,0.00,0.00,389.00,389.00,0.00
Esprit Sushi Fribourg,SamsungA40,436,21/12/2021 17:36,Propriétaire,21/12/2021 21:39,Propriétaire,293.10,95.90,0.00,0.00,0.00,389.00,389.00,0.00
Esprit Sushi Fribourg,SamsungA40,435,20/12/2021 13:34,Propriétaire,21/12/2021 17:02,Propriétaire,893.10,0.00,0.00,0.00,600.00,293.10,293.10,0.00
Esprit Sushi Fribourg,Caisse principal 3,774,05/12/2021 13:20,Propriétaire,20/12/2021 13:38,Propriétaire,0.00,464.40,0.00,1773.20,1950.00,287.60,287.60,0.00
Esprit Sushi Fribourg,SamsungA40,434,19/12/2021 17:53,Propriétaire,19/12/2021 21:38,Propriétaire,829.60,63.50,0.00,0.00,0.00,893.10,893.10,0.00
Esprit Sushi Fribourg,SamsungA40,433,18/12/2021 17:30,Propriétaire,18/12/2021 21:34,Propriétaire,700.30,129.30,0.00,0.00,0.00,829.60,829.60,0.00
Esprit Sushi Fribourg,SamsungA40,432,17/12/2021 18:01,Propriétaire,17/12/2021 21:33,Propriétaire,572.90,127.40,0.00,0.00,0.00,700.30,700.30,0.00
Esprit Sushi Fribourg,SamsungA40,431,16/12/2021 18:09,Propriétaire,16/12/2021 21:30,Propriétaire,514.65,58.20,0.00,0.00,0.00,572.85,572.85,0.00
Esprit Sushi Fribourg,SamsungA40,430,15/12/2021 18:51,Propriétaire,15/12/2021 21:30,Propriétaire,380.75,133.90,0.00,0.00,0.00,514.65,514.65,0.00
Esprit Sushi Fribourg,SamsungA40,429,14/12/2021 16:19,Propriétaire,14/12/2021 22:04,Propriétaire,778.75,52.00,0.00,0.00,450.00,380.75,380.75,0.00
Esprit Sushi Fribourg,SamsungA40,428,12/12/2021 17:48,Propriétaire,12/12/2021 21:31,Propriétaire,721.75,57.00,0.00,0.00,0.00,778.75,778.75,0.00
Esprit Sushi Fribourg,SamsungA40,427,11/12/2021 17:48,Propriétaire,11/12/2021 21:30,Propriétaire,536.25,185.50,0.00,0.00,0.00,721.75,721.75,0.00
Esprit Sushi Fribourg,SamsungA40,426,10/12/2021 17:46,Propriétaire,10/12/2021 21:34,Propriétaire,448.75,87.50,0.00,0.00,0.00,536.25,536.25,0.00
Esprit Sushi Fribourg,SamsungA40,425,09/12/2021 17:58,Propriétaire,09/12/2021 21:37,Propriétaire,421.25,27.50,0.00,0.00,0.00,448.75,448.75,0.00
Esprit Sushi Fribourg,SamsungA40,424,08/12/2021 18:20,Propriétaire,08/12/2021 21:43,Propriétaire,560.35,60.90,0.00,0.00,200.00,421.25,421.25,0.00
Esprit Sushi Fribourg,SamsungA40,423,07/12/2021 16:08,Propriétaire,07/12/2021 21:59,Propriétaire,521.95,238.40,0.00,0.00,200.00,560.35,560.35,0.00
Esprit Sushi Fribourg,SamsungA40,422,05/12/2021 17:43,Propriétaire,05/12/2021 21:35,Propriétaire,521.95,0.00,0.00,0.00,0.00,521.95,521.95,0.00
Esprit Sushi Fribourg,Caisse principal 3,773,17/11/2021 10:59,Propriétaire,05/12/2021 13:18,Propriétaire,341.70,503.50,22.00,1400.00,650.00,1573.20,1573.20,0.00
Esprit Sushi Fribourg,SamsungA40,421,04/12/2021 17:56,Propriétaire,04/12/2021 21:31,Propriétaire,398.45,123.50,0.00,0.00,0.00,521.95,521.95,0.00
Esprit Sushi Fribourg,SamsungA40,420,03/12/2021 18:01,Propriétaire,03/12/2021 21:53,Propriétaire,518.15,175.30,0.00,5.00,300.00,398.45,398.45,0.00
Esprit Sushi Fribourg,SamsungA40,419,02/12/2021 18:02,Propriétaire,02/12/2021 22:11,Propriétaire,436.65,81.50,0.00,0.00,0.00,518.15,518.15,0.00
Esprit Sushi Fribourg,SamsungA40,418,01/12/2021 18:05,Propriétaire,01/12/2021 21:30,Propriétaire,436.65,0.00,0.00,0.00,0.00,436.65,436.65,0.00
Esprit Sushi Fribourg,SamsungA40,417,30/11/2021 16:35,Propriétaire,30/11/2021 21:30,Propriétaire,581.95,154.70,0.00,0.00,300.00,436.65,436.65,0.00
Esprit Sushi Fribourg,SamsungA40,416,28/11/2021 17:56,Propriétaire,28/11/2021 22:11,Propriétaire,581.95,0.00,0.00,0.00,0.00,581.95,581.95,0.00
Esprit Sushi Fribourg,SamsungA40,415,27/11/2021 18:09,Propriétaire,27/11/2021 21:59,Propriétaire,759.45,122.50,0.00,0.00,300.00,581.95,581.95,0.00
Esprit Sushi Fribourg,SamsungA40,414,26/11/2021 17:40,Propriétaire,26/11/2021 21:36,Propriétaire,521.55,237.90,0.00,0.00,0.00,759.45,759.45,0.00
Esprit Sushi Fribourg,SamsungA40,413,25/11/2021 17:51,Propriétaire,25/11/2021 21:37,Propriétaire,371.05,150.50,0.00,0.00,0.00,521.55,521.55,0.00
Esprit Sushi Fribourg,SamsungA40,412,24/11/2021 18:01,Propriétaire,24/11/2021 21:00,Propriétaire,371.05,0.00,0.00,0.00,0.00,371.05,371.05,0.00
Esprit Sushi Fribourg,SamsungA40,411,23/11/2021 14:54,Propriétaire,23/11/2021 21:30,Propriétaire,512.55,58.50,0.00,0.00,200.00,371.05,371.05,0.00
Esprit Sushi Fribourg,SamsungA40,410,21/11/2021 18:08,Propriétaire,21/11/2021 21:30,Propriétaire,469.55,43.00,0.00,0.00,0.00,512.55,512.55,0.00
Esprit Sushi Fribourg,SamsungA40,409,20/11/2021 17:57,Propriétaire,20/11/2021 20:38,Propriétaire,438.55,31.00,0.00,0.00,0.00,469.55,469.55,0.00
Esprit Sushi Fribourg,SamsungA40,408,19/11/2021 17:48,Propriétaire,19/11/2021 22:19,Propriétaire,595.65,342.90,0.00,0.00,500.00,438.55,438.55,0.00
Esprit Sushi Fribourg,SamsungA40,407,18/11/2021 18:17,Propriétaire,18/11/2021 21:41,Propriétaire,540.65,55.00,0.00,0.00,0.00,595.65,595.70,0.05
Esprit Sushi Fribourg,SamsungA40,406,17/11/2021 18:03,Propriétaire,17/11/2021 21:31,Propriétaire,532.75,207.90,0.00,0.00,200.00,540.65,540.65,0.00
Esprit Sushi Fribourg,Caisse principal 3,772,02/11/2021 15:24,Propriétaire,17/11/2021 10:59,Propriétaire,301.70,440.00,0.00,0.00,400.00,341.70,341.70,0.00
Esprit Sushi Fribourg,SamsungA40,405,16/11/2021 17:59,Propriétaire,16/11/2021 21:17,Propriétaire,467.25,65.50,0.00,0.00,0.00,532.75,532.75,0.00
Esprit Sushi Fribourg,SamsungA40,404,14/11/2021 17:55,Propriétaire,16/11/2021 17:59,Propriétaire,376.75,90.50,0.00,0.00,0.00,467.25,467.25,0.00
Esprit Sushi Fribourg,SamsungA40,403,13/11/2021 17:55,Propriétaire,13/11/2021 21:30,Propriétaire,349.25,27.50,0.00,0.00,0.00,376.75,376.75,0.00
Esprit Sushi Fribourg,SamsungA40,402,12/11/2021 17:57,Propriétaire,12/11/2021 21:16,Propriétaire,321.25,28.00,0.00,0.00,0.00,349.25,349.25,0.00
Esprit Sushi Fribourg,SamsungA40,401,11/11/2021 21:00,Propriétaire,11/11/2021 21:10,Propriétaire,326.25,0.00,0.00,0.00,0.00,326.25,326.25,0.00
Esprit Sushi Fribourg,SamsungA40,400,10/11/2021 18:05,Propriétaire,10/11/2021 21:38,Propriétaire,326.25,0.00,0.00,0.00,0.00,326.25,326.25,0.00
Esprit Sushi Fribourg,SamsungA40,399,09/11/2021 14:40,Propriétaire,09/11/2021 21:50,Propriétaire,552.75,23.50,0.00,0.00,250.00,326.25,326.25,0.00
Esprit Sushi Fribourg,SamsungA40,398,07/11/2021 17:48,Propriétaire,07/11/2021 21:31,Propriétaire,501.25,51.50,0.00,0.00,0.00,552.75,552.75,0.00
Esprit Sushi Fribourg,SamsungA40,397,06/11/2021 18:06,Propriétaire,06/11/2021 22:10,Propriétaire,471.85,33.50,0.00,0.00,4.10,501.25,501.25,0.00
Esprit Sushi Fribourg,SamsungA40,396,04/11/2021 18:00,Propriétaire,05/11/2021 21:26,Propriétaire,448.85,23.00,0.00,0.00,0.00,471.85,471.85,0.00
Esprit Sushi Fribourg,SamsungA40,395,03/11/2021 18:49,Propriétaire,03/11/2021 21:17,Propriétaire,349.35,99.50,0.00,0.00,0.00,448.85,448.85,0.00
Esprit Sushi Fribourg,SamsungA40,394,02/11/2021 15:55,Propriétaire,02/11/2021 21:45,Propriétaire,423.35,74.00,0.00,0.00,148.00,349.35,349.35,0.00
Esprit Sushi Fribourg,Caisse principal 3,771,26/10/2021 16:40,Propriétaire,02/11/2021 16:24,Propriétaire,265.70,126.00,0.00,0.00,90.00,301.70,301.70,0.00
Esprit Sushi Fribourg,SamsungA40,393,31/10/2021 21:01,Propriétaire,31/10/2021 21:01,Propriétaire,423.85,0.00,0.00,0.00,0.00,423.85,423.85,0.00
Esprit Sushi Fribourg,SamsungA40,392,30/10/2021 18:07,Propriétaire,30/10/2021 21:19,Propriétaire,385.35,38.50,0.00,0.00,0.00,423.85,423.85,0.00
Esprit Sushi Fribourg,SamsungA40,391,29/10/2021 17:50,Propriétaire,29/10/2021 21:36,Propriétaire,326.85,58.50,0.00,0.00,0.00,385.35,385.35,0.00
Esprit Sushi Fribourg,SamsungA40,390,28/10/2021 18:03,Propriétaire,28/10/2021 21:30,Propriétaire,313.85,13.00,0.00,0.00,0.00,326.85,326.85,0.00
Esprit Sushi Fribourg,SamsungA40,389,27/10/2021 18:01,Propriétaire,27/10/2021 21:38,Propriétaire,274.85,39.00,0.00,0.00,0.00,313.85,313.85,0.00
Esprit Sushi Fribourg,SamsungA40,388,26/10/2021 16:40,Propriétaire,26/10/2021 21:20,Propriétaire,474.85,0.00,0.00,0.00,200.00,274.85,274.85,0.00
Esprit Sushi Fribourg,Caisse principal 3,770,24/10/2021 16:02,Propriétaire,24/10/2021 22:28,Propriétaire,735.70,0.00,0.00,0.00,470.00,265.70,265.70,0.00
Esprit Sushi Fribourg,SamsungA40,387,24/10/2021 17:59,Propriétaire,24/10/2021 21:38,Propriétaire,425.35,49.50,0.00,0.00,0.00,474.85,474.85,0.00
Esprit Sushi Fribourg,Caisse principal 3,769,19/10/2021 16:14,Propriétaire,23/10/2021 22:37,Propriétaire,259.80,75.90,0.00,400.00,0.00,735.70,735.70,0.00
Esprit Sushi Fribourg,SamsungA40,386,23/10/2021 18:14,Propriétaire,23/10/2021 21:35,Propriétaire,755.00,69.40,0.00,0.00,400.00,424.40,424.40,0.00
Esprit Sushi Fribourg,SamsungA40,385,22/10/2021 18:07,Propriétaire,22/10/2021 21:28,Propriétaire,714.30,45.20,0.00,0.00,4.50,755.00,755.00,0.00
Esprit Sushi Fribourg,SamsungA40,384,21/10/2021 18:08,Propriétaire,21/10/2021 21:06,Propriétaire,644.90,69.40,0.00,0.00,0.00,714.30,714.30,0.00
Esprit Sushi Fribourg,SamsungA40,383,20/10/2021 18:04,Propriétaire,20/10/2021 21:34,Propriétaire,644.90,0.00,0.00,0.00,0.00,644.90,644.90,0.00
Esprit Sushi Fribourg,SamsungA40,382,17/10/2021 17:40,Propriétaire,19/10/2021 21:42,Propriétaire,336.00,408.40,0.00,0.00,100.00,644.40,644.40,0.00
Esprit Sushi Fribourg,Caisse principal 3,768,12/10/2021 17:09,Propriétaire,17/10/2021 22:54,Propriétaire,313.90,275.90,0.00,0.00,330.00,259.80,259.80,0.00
Esprit Sushi Fribourg,SamsungA40,381,16/10/2021 18:07,Propriétaire,16/10/2021 21:17,Propriétaire,336.00,0.00,0.00,0.00,0.00,336.00,336.00,0.00
Esprit Sushi Fribourg,SamsungA40,380,15/10/2021 17:40,Propriétaire,15/10/2021 21:35,Propriétaire,312.50,23.50,0.00,0.00,0.00,336.00,336.00,0.00
Esprit Sushi Fribourg,SamsungA40,379,14/10/2021 21:02,Propriétaire,14/10/2021 21:02,Propriétaire,312.50,0.00,0.00,0.00,0.00,312.50,312.50,0.00
Esprit Sushi Fribourg,SamsungA40,378,14/10/2021 18:02,Propriétaire,14/10/2021 21:01,Propriétaire,312.10,0.00,0.00,0.00,0.00,312.10,312.10,0.00
Esprit Sushi Fribourg,SamsungA40,377,12/10/2021 17:31,Propriétaire,13/10/2021 21:30,Propriétaire,662.10,0.00,0.00,0.00,350.00,312.10,312.10,0.00
Esprit Sushi Fribourg,Caisse principal 3,767,28/09/2021 16:29,Propriétaire,10/10/2021 23:40,Propriétaire,307.60,688.30,0.00,780.00,1462.00,313.90,313.90,0.00
Esprit Sushi Fribourg,SamsungA40,376,10/10/2021 21:04,Propriétaire,10/10/2021 22:03,Propriétaire,601.20,60.90,0.00,0.00,0.00,662.10,662.10,0.00
Esprit Sushi Fribourg,SamsungA40,375,10/10/2021 18:01,Propriétaire,10/10/2021 20:55,Propriétaire,602.10,0.00,0.00,0.00,0.00,602.10,602.10,0.00
Esprit Sushi Fribourg,SamsungA40,374,09/10/2021 17:58,Propriétaire,09/10/2021 20:50,Propriétaire,577.10,25.00,0.00,0.00,0.00,602.10,602.10,0.00
Esprit Sushi Fribourg,SamsungA40,373,08/10/2021 18:28,Propriétaire,08/10/2021 21:47,Propriétaire,474.10,102.50,0.00,0.00,0.00,576.60,576.60,0.00
Esprit Sushi Fribourg,SamsungA40,372,07/10/2021 17:38,Propriétaire,07/10/2021 20:58,Propriétaire,531.10,43.00,0.00,0.00,100.00,474.10,474.10,0.00
Esprit Sushi Fribourg,SamsungA40,371,06/10/2021 18:05,Propriétaire,06/10/2021 21:05,Propriétaire,485.10,46.00,0.00,0.00,0.00,531.10,531.10,0.00
Esprit Sushi Fribourg,SamsungA40,370,05/10/2021 18:17,Propriétaire,06/10/2021 16:56,Propriétaire,485.10,0.00,0.00,0.00,0.00,485.10,485.10,0.00
Esprit Sushi Fribourg,SamsungA40,369,03/10/2021 18:07,Propriétaire,03/10/2021 21:45,Propriétaire,1045.10,20.00,0.00,0.00,580.00,485.10,485.10,0.00
Esprit Sushi Fribourg,SamsungA40,368,02/10/2021 18:07,Propriétaire,02/10/2021 22:30,Propriétaire,688.60,356.50,0.00,0.00,0.00,1045.10,1045.10,0.00
Esprit Sushi Fribourg,SamsungA40,367,01/10/2021 17:51,Propriétaire,01/10/2021 21:56,Propriétaire,688.60,0.00,0.00,0.00,0.00,688.60,688.60,0.00
Esprit Sushi Fribourg,SamsungA40,366,30/09/2021 17:47,Propriétaire,30/09/2021 21:39,Propriétaire,612.60,76.00,0.00,0.00,0.00,688.60,688.60,0.00
Esprit Sushi Fribourg,SamsungA40,365,29/09/2021 18:36,Propriétaire,29/09/2021 22:31,Propriétaire,327.10,285.50,0.00,0.00,0.00,612.60,612.60,0.00
Esprit Sushi Fribourg,SamsungA40,364,28/09/2021 17:51,Propriétaire,28/09/2021 21:35,Propriétaire,272.60,54.50,0.00,0.00,0.00,327.10,327.10,0.00
Esprit Sushi Fribourg,Caisse principal 3,766,23/09/2021 17:53,Propriétaire,28/09/2021 16:29,Propriétaire,912.80,314.80,0.00,0.00,920.00,307.60,307.60,0.00
Esprit Sushi Fribourg,SamsungA40,363,26/09/2021 21:57,Propriétaire,26/09/2021 21:59,Propriétaire,672.60,0.00,0.00,0.00,400.00,272.60,272.60,0.00
Esprit Sushi Fribourg,SamsungA40,362,26/09/2021 20:54,Propriétaire,26/09/2021 21:33,Propriétaire,605.60,67.00,0.00,0.00,0.00,672.60,672.60,0.00
Esprit Sushi Fribourg,SamsungA40,361,25/09/2021 17:56,Propriétaire,25/09/2021 21:35,Propriétaire,539.60,66.00,0.00,0.00,0.00,605.60,605.60,0.00
Esprit Sushi Fribourg,SamsungA40,360,24/09/2021 18:07,Propriétaire,24/09/2021 22:15,Propriétaire,460.60,82.00,47.90,44.90,0.00,539.60,539.60,0.00
Esprit Sushi Fribourg,SamsungA40,359,23/09/2021 18:08,Propriétaire,23/09/2021 21:41,Propriétaire,352.10,148.40,0.00,0.00,0.00,500.50,500.50,0.00
Esprit Sushi Fribourg,Caisse principal 3,765,21/09/2021 23:08,Propriétaire,22/09/2021 22:52,Propriétaire,512.80,100.00,0.00,400.00,100.00,912.80,912.80,0.00
Esprit Sushi Fribourg,SamsungA40,358,22/09/2021 21:18,Propriétaire,22/09/2021 21:19,Propriétaire,752.10,0.00,0.00,0.00,400.00,352.10,352.10,0.00
Esprit Sushi Fribourg,SamsungA40,357,22/09/2021 17:53,Propriétaire,22/09/2021 21:16,Propriétaire,549.70,202.40,0.00,0.00,0.00,752.10,752.10,0.00
Esprit Sushi Fribourg,Caisse principal 3,764,14/09/2021 16:37,Propriétaire,21/09/2021 23:07,Propriétaire,279.80,583.00,0.00,300.00,650.00,512.80,512.80,0.00
Esprit Sushi Fribourg,SamsungA40,356,19/09/2021 22:22,Propriétaire,21/09/2021 21:50,Propriétaire,623.40,226.30,0.00,0.00,300.00,549.70,549.70,0.00
Esprit Sushi Fribourg,SamsungA40,355,19/09/2021 17:49,Propriétaire,19/09/2021 22:20,Propriétaire,495.40,128.00,0.00,0.00,0.00,623.40,623.40,0.00
Esprit Sushi Fribourg,SamsungA40,354,18/09/2021 18:19,Propriétaire,18/09/2021 21:18,Propriétaire,421.90,73.50,0.00,0.00,0.00,495.40,495.40,0.00
Esprit Sushi Fribourg,SamsungA40,353,17/09/2021 17:40,Propriétaire,17/09/2021 21:24,Propriétaire,340.40,81.50,0.00,0.00,0.00,421.90,421.90,0.00
Esprit Sushi Fribourg,SamsungA40,352,16/09/2021 18:05,Propriétaire,16/09/2021 21:08,Propriétaire,340.40,0.00,0.00,0.00,0.00,340.40,340.40,0.00
Esprit Sushi Fribourg,SamsungA40,351,15/09/2021 18:00,Propriétaire,15/09/2021 21:43,Propriétaire,340.40,0.00,0.00,0.00,0.00,340.40,340.40,0.00
Esprit Sushi Fribourg,SamsungA40,350,14/09/2021 18:08,Propriétaire,14/09/2021 21:22,Propriétaire,340.40,0.00,0.00,0.00,0.00,340.40,340.40,0.00
Esprit Sushi Fribourg,SamsungA40,349,12/09/2021 23:42,Propriétaire,12/09/2021 23:43,Propriétaire,640.40,0.00,0.00,0.00,300.00,340.40,340.40,0.00
Esprit Sushi Fribourg,Caisse principal 3,763,31/08/2021 18:19,Propriétaire,12/09/2021 23:38,Propriétaire,0.00,435.50,0.00,334.30,490.00,279.80,279.80,0.00
Esprit Sushi Fribourg,SamsungA40,348,12/09/2021 19:18,Propriétaire,12/09/2021 21:03,Propriétaire,519.00,121.40,0.00,0.00,0.00,640.40,640.40,0.00
Esprit Sushi Fribourg,SamsungA40,347,11/09/2021 17:50,Propriétaire,11/09/2021 21:33,Propriétaire,480.50,38.50,0.00,0.00,0.00,519.00,519.00,0.00
Esprit Sushi Fribourg,SamsungA40,346,10/09/2021 17:37,Propriétaire,10/09/2021 21:32,Propriétaire,480.50,0.00,0.00,0.00,0.00,480.50,480.50,0.00
Esprit Sushi Fribourg,SamsungA40,345,09/09/2021 17:38,Propriétaire,09/09/2021 21:34,Propriétaire,411.60,68.90,0.00,0.00,0.00,480.50,480.50,0.00
Esprit Sushi Fribourg,SamsungA40,344,08/09/2021 21:00,Propriétaire,08/09/2021 21:32,Propriétaire,411.60,0.00,0.00,0.00,0.00,411.60,411.60,0.00
Esprit Sushi Fribourg,SamsungA40,343,08/09/2021 16:06,Propriétaire,08/09/2021 21:00,Propriétaire,411.60,0.00,0.00,0.00,0.00,411.60,411.60,0.00
Esprit Sushi Fribourg,SamsungA40,342,07/09/2021 18:24,Propriétaire,08/09/2021 16:06,Propriétaire,306.10,105.50,0.00,0.00,0.00,411.60,411.60,0.00
Esprit Sushi Fribourg,SamsungA40,341,05/09/2021 23:22,Propriétaire,05/09/2021 23:22,Propriétaire,606.10,0.00,0.00,0.00,300.00,306.10,306.10,0.00
Esprit Sushi Fribourg,SamsungA40,340,05/09/2021 17:58,Propriétaire,05/09/2021 22:07,Propriétaire,606.10,0.00,0.00,0.00,0.00,606.10,606.10,0.00
Esprit Sushi Fribourg,SamsungA40,339,04/09/2021 17:47,Propriétaire,04/09/2021 21:30,Propriétaire,525.60,80.50,0.00,0.00,0.00,606.10,606.10,0.00
Esprit Sushi Fribourg,SamsungA40,338,03/09/2021 18:02,Propriétaire,03/09/2021 21:32,Propriétaire,474.60,51.00,0.00,0.00,0.00,525.60,525.60,0.00
Esprit Sushi Fribourg,SamsungA40,337,03/09/2021 17:56,Propriétaire,03/09/2021 17:56,Propriétaire,0.00,0.00,0.00,0.00,0.00,0.00,0.00,0.00
Esprit Sushi Fribourg,SamsungA40,336,03/09/2021 17:56,Propriétaire,03/09/2021 17:56,Propriétaire,0.00,0.00,0.00,0.00,0.00,0.00,0.00,0.00
Esprit Sushi Fribourg,SamsungA40,335,03/09/2021 17:56,Propriétaire,03/09/2021 17:56,Propriétaire,0.00,0.00,0.00,0.00,0.00,0.00,0.00,0.00
Esprit Sushi Fribourg,SamsungA40,334,02/09/2021 17:34,Propriétaire,02/09/2021 21:30,Propriétaire,370.60,104.00,0.00,0.00,0.00,474.60,474.60,0.00
Esprit Sushi Fribourg,SamsungA40,333,01/09/2021 17:34,Propriétaire,01/09/2021 22:00,Propriétaire,347.60,23.00,0.00,0.00,0.00,370.60,370.60,0.00
Esprit Sushi Fribourg,SamsungA40,332,31/08/2021 16:08,Propriétaire,31/08/2021 21:50,Propriétaire,728.60,19.00,0.00,0.00,400.00,347.60,347.60,0.00
Esprit Sushi Fribourg,Caisse principal 3,762,26/08/2021 17:25,Propriétaire,30/08/2021 11:03,Propriétaire,551.50,197.80,0.00,0.00,415.00,334.30,334.30,0.00
Esprit Sushi Fribourg,SamsungA40,331,29/08/2021 18:04,Propriétaire,29/08/2021 21:31,Propriétaire,640.40,88.20,0.00,0.00,0.00,728.60,728.60,0.00
Esprit Sushi Fribourg,SamsungA40,330,28/08/2021 17:50,Propriétaire,28/08/2021 21:34,Propriétaire,577.00,63.40,0.00,0.00,0.00,640.40,640.40,0.00
Esprit Sushi Fribourg,SamsungA40,329,27/08/2021 21:55,Propriétaire,27/08/2021 21:55,Propriétaire,0.00,0.00,0.00,0.00,0.00,0.00,0.00,0.00
Esprit Sushi Fribourg,SamsungA40,328,26/08/2021 17:29,Propriétaire,27/08/2021 21:55,Propriétaire,494.90,109.40,23.20,0.00,4.10,577.00,577.00,0.00
Esprit Sushi Fribourg,Caisse principal 3,761,24/08/2021 16:19,Propriétaire,25/08/2021 23:54,Propriétaire,304.50,65.50,18.50,200.00,0.00,551.50,551.50,0.00
Esprit Sushi Fribourg,SamsungA40,327,25/08/2021 17:59,Propriétaire,25/08/2021 21:44,Propriétaire,666.90,28.00,0.00,0.00,200.00,494.90,494.90,0.00
Esprit Sushi Fribourg,SamsungA40,326,24/08/2021 17:41,Propriétaire,25/08/2021 17:53,Propriétaire,346.50,320.40,0.00,0.00,0.00,666.90,666.90,0.00
Esprit Sushi Fribourg,Caisse principal 3,760,23/08/2021 18:37,Propriétaire,23/08/2021 18:39,Propriétaire,504.50,0.00,0.00,0.00,200.00,304.50,304.50,0.00
Esprit Sushi Fribourg,SamsungA40,325,23/08/2021 18:36,Propriétaire,23/08/2021 18:38,Propriétaire,746.50,0.00,0.00,0.00,400.00,346.50,346.50,0.00
Esprit Sushi Fribourg,Caisse principal 3,759,21/08/2021 16:09,Propriétaire,22/08/2021 22:27,Propriétaire,485.00,19.50,0.00,0.00,0.00,504.50,504.50,0.00
Esprit Sushi Fribourg,SamsungA40,324,22/08/2021 17:55,Propriétaire,22/08/2021 21:30,Propriétaire,627.00,119.50,0.00,0.00,0.00,746.50,746.50,0.00
Esprit Sushi Fribourg,SamsungA40,323,21/08/2021 17:58,Propriétaire,21/08/2021 21:34,Propriétaire,592.00,35.50,0.00,0.00,0.50,627.00,627.00,0.00
Esprit Sushi Fribourg,Caisse principal 3,758,20/08/2021 15:09,Propriétaire,20/08/2021 23:01,Propriétaire,0.00,96.00,0.00,778.00,389.00,485.00,485.00,0.00
Esprit Sushi Fribourg,SamsungA40,322,20/08/2021 14:44,Propriétaire,20/08/2021 22:24,Propriétaire,412.00,180.00,0.00,0.00,0.00,592.00,592.00,0.00
Esprit Sushi Fribourg,SamsungA40,321,19/08/2021 17:45,Propriétaire,20/08/2021 14:39,Propriétaire,335.00,77.00,0.00,0.00,0.00,412.00,412.00,0.00
Esprit Sushi Fribourg,Caisse principal 3,757,18/08/2021 16:10,Propriétaire,19/08/2021 23:19,Propriétaire,260.00,129.00,0.00,0.00,0.00,389.00,389.00,0.00
Esprit Sushi Fribourg,SamsungA40,320,18/08/2021 16:08,Propriétaire,18/08/2021 21:46,Propriétaire,272.00,63.00,0.00,0.00,0.00,335.00,335.00,0.00
Esprit Sushi Fribourg,Caisse principal 3,756,29/06/2021 15:51,Propriétaire,18/08/2021 16:10,Propriétaire,270.00,319.50,0.00,0.00,3.50,586.00,586.00,0.00
Esprit Sushi Fribourg,SamsungA40,319,18/08/2021 16:07,Propriétaire,18/08/2021 16:08,Propriétaire,292.00,0.00,0.00,0.00,0.00,292.00,292.00,0.00
Esprit Sushi Fribourg,SamsungA40,318,17/08/2021 13:49,Propriétaire,18/08/2021 16:07,Propriétaire,256.00,0.00,0.00,0.00,0.00,256.00,256.00,0.00
Esprit Sushi Fribourg,SamsungA40,317,11/07/2021 18:00,Propriétaire,11/07/2021 22:20,Propriétaire,502.95,58.50,0.00,0.00,0.00,561.45,561.45,0.00
Esprit Sushi Fribourg,SamsungA40,316,10/07/2021 18:00,Propriétaire,10/07/2021 21:48,Propriétaire,412.95,90.00,0.00,0.00,0.00,502.95,502.95,0.00
Esprit Sushi Fribourg,SamsungA40,315,09/07/2021 17:49,Propriétaire,09/07/2021 21:29,Propriétaire,365.70,47.25,0.00,0.00,0.00,412.95,412.95,0.00
Esprit Sushi Fribourg,SamsungA40,314,08/07/2021 18:13,Propriétaire,08/07/2021 21:04,Propriétaire,289.30,76.40,0.00,0.00,0.00,365.70,365.70,0.00
Esprit Sushi Fribourg,SamsungA40,313,07/07/2021 17:57,Propriétaire,07/07/2021 21:16,Propriétaire,719.10,21.70,0.00,0.00,451.50,289.30,289.30,0.00
Esprit Sushi Fribourg,SamsungA40,312,04/07/2021 17:58,Propriétaire,04/07/2021 22:22,Propriétaire,555.10,164.00,0.00,0.00,0.00,719.10,719.10,0.00
Esprit Sushi Fribourg,SamsungA40,311,03/07/2021 17:52,Propriétaire,03/07/2021 22:08,Propriétaire,473.60,81.50,0.00,0.00,0.00,555.10,555.10,0.00
Esprit Sushi Fribourg,SamsungA40,310,02/07/2021 18:00,Propriétaire,02/07/2021 21:36,Propriétaire,412.70,60.90,0.00,0.00,0.00,473.60,473.60,0.00
Esprit Sushi Fribourg,SamsungA40,309,30/06/2021 18:02,Propriétaire,01/07/2021 21:31,Propriétaire,412.70,0.00,0.00,0.00,0.00,412.70,412.70,0.00
Esprit Sushi Fribourg,SamsungA40,308,29/06/2021 15:51,Propriétaire,29/06/2021 21:33,Propriétaire,282.30,130.40,0.00,0.00,0.00,412.70,412.70,0.00
Esprit Sushi Fribourg,SamsungA40,307,29/06/2021 15:47,Propriétaire,29/06/2021 15:50,Propriétaire,482.30,0.00,0.00,0.00,200.00,282.30,282.30,0.00
Esprit Sushi Fribourg,Caisse principal 3,755,22/06/2021 17:44,Propriétaire,28/06/2021 12:26,Propriétaire,516.50,223.50,0.00,700.00,1170.00,270.00,270.00,0.00
Esprit Sushi Fribourg,SamsungA40,306,27/06/2021 18:00,Propriétaire,27/06/2021 21:35,Propriétaire,1057.80,124.50,0.00,0.00,700.00,482.30,482.30,0.00
Esprit Sushi Fribourg,SamsungA40,305,26/06/2021 18:21,Propriétaire,26/06/2021 21:35,Propriétaire,971.90,88.90,0.00,0.00,3.00,1057.80,1057.80,0.00
Esprit Sushi Fribourg,SamsungA40,304,25/06/2021 17:48,Propriétaire,25/06/2021 21:57,Propriétaire,756.90,299.30,84.40,0.00,0.00,971.80,971.80,0.00
Esprit Sushi Fribourg,SamsungA40,303,24/06/2021 20:00,Propriétaire,24/06/2021 21:34,Propriétaire,635.85,121.00,0.00,0.00,0.00,756.85,756.85,0.00
Esprit Sushi Fribourg,SamsungA40,302,23/06/2021 18:00,Propriétaire,23/06/2021 21:31,Propriétaire,485.50,150.35,0.00,0.00,0.00,635.85,635.85,0.00
Esprit Sushi Fribourg,SamsungA40,301,22/06/2021 16:17,Propriétaire,22/06/2021 21:40,Propriétaire,855.00,30.50,0.00,0.00,400.00,485.50,485.50,0.00
Esprit Sushi Fribourg,Caisse principal 3,754,08/06/2021 16:49,Propriétaire,21/06/2021 14:11,Propriétaire,331.70,485.90,0.00,500.00,1001.10,316.50,316.50,0.00
Esprit Sushi Fribourg,SamsungA40,300,19/06/2021 17:46,Propriétaire,20/06/2021 20:54,Propriétaire,651.00,204.00,0.00,0.00,0.00,855.00,855.00,0.00
Esprit Sushi Fribourg,SamsungA40,299,18/06/2021 17:51,Propriétaire,18/06/2021 20:32,Propriétaire,605.50,45.50,0.00,0.00,0.00,651.00,651.00,0.00
Esprit Sushi Fribourg,SamsungA40,298,17/06/2021 18:05,Propriétaire,17/06/2021 21:31,Propriétaire,500.50,105.00,0.00,0.00,0.00,605.50,605.50,0.00
Esprit Sushi Fribourg,SamsungA40,297,16/06/2021 17:49,Propriétaire,16/06/2021 21:54,Propriétaire,439.00,61.50,0.00,0.00,0.00,500.50,500.50,0.00
Esprit Sushi Fribourg,SamsungA40,296,15/06/2021 17:59,Propriétaire,15/06/2021 22:01,Propriétaire,328.10,110.90,0.00,0.00,0.00,439.00,439.00,0.00
Esprit Sushi Fribourg,SamsungA40,295,12/06/2021 19:27,Propriétaire,12/06/2021 21:47,Propriétaire,576.20,151.90,0.00,0.00,400.00,328.10,328.10,0.00
Esprit Sushi Fribourg,SamsungA40,294,11/06/2021 18:14,Propriétaire,11/06/2021 21:06,Propriétaire,494.30,81.90,0.00,0.00,0.00,576.20,576.20,0.00
Esprit Sushi Fribourg,SamsungA40,293,10/06/2021 18:36,Propriétaire,10/06/2021 21:30,Propriétaire,403.90,90.40,0.00,0.00,0.00,494.30,494.30,0.00
Esprit Sushi Fribourg,SamsungA40,292,08/06/2021 18:04,Propriétaire,09/06/2021 21:09,Propriétaire,375.90,28.00,0.00,0.00,0.00,403.90,403.90,0.00
Esprit Sushi Fribourg,Caisse principal 3,753,18/05/2021 19:05,Propriétaire,07/06/2021 17:50,Propriétaire,506.90,1544.80,0.00,2500.00,4220.00,331.70,331.70,0.00
Esprit Sushi Fribourg,SamsungA40,291,06/06/2021 18:06,Propriétaire,06/06/2021 21:11,Propriétaire,570.50,105.40,0.00,0.00,300.00,375.90,375.90,0.00
Esprit Sushi Fribourg,SamsungA40,290,05/06/2021 17:54,Propriétaire,05/06/2021 22:32,Propriétaire,810.50,64.50,0.00,0.00,304.50,570.50,570.50,0.00
Esprit Sushi Fribourg,SamsungA40,289,04/06/2021 17:49,Propriétaire,04/06/2021 22:10,Propriétaire,615.00,195.50,0.00,0.00,0.00,810.50,810.50,0.00
Esprit Sushi Fribourg,SamsungA40,288,03/06/2021 18:08,Propriétaire,03/06/2021 21:37,Propriétaire,615.00,0.00,0.00,0.00,0.00,615.00,615.00,0.00
Esprit Sushi Fribourg,SamsungA40,287,01/06/2021 18:08,Propriétaire,02/06/2021 21:33,Propriétaire,371.80,243.20,0.00,0.00,0.00,615.00,615.00,0.00
Esprit Sushi Fribourg,SamsungA40,286,31/05/2021 11:42,Propriétaire,31/05/2021 11:45,Propriétaire,721.80,0.00,0.00,0.00,350.00,371.80,371.80,0.00
Esprit Sushi Fribourg,SamsungA40,285,30/05/2021 18:00,Propriétaire,30/05/2021 20:59,Propriétaire,694.80,27.00,0.00,0.00,0.00,721.80,721.80,0.00
Esprit Sushi Fribourg,SamsungA40,284,29/05/2021 17:56,Propriétaire,29/05/2021 22:10,Propriétaire,536.00,158.80,0.00,0.00,0.00,694.80,694.80,0.00
Esprit Sushi Fribourg,SamsungA40,283,28/05/2021 18:02,Propriétaire,28/05/2021 22:29,Propriétaire,455.50,80.50,0.00,0.00,0.00,536.00,536.00,0.00
Esprit Sushi Fribourg,SamsungA40,282,27/05/2021 17:56,Propriétaire,27/05/2021 21:27,Propriétaire,673.90,231.60,0.00,0.00,450.00,455.50,455.50,0.00
Esprit Sushi Fribourg,SamsungA40,281,25/05/2021 18:04,Propriétaire,26/05/2021 22:01,Propriétaire,478.00,195.90,0.00,0.00,0.00,673.90,673.90,0.00
Esprit Sushi Fribourg,SamsungA40,280,23/05/2021 18:02,Propriétaire,23/05/2021 21:29,Propriétaire,581.00,97.00,0.00,0.00,200.00,478.00,478.00,0.00
Esprit Sushi Fribourg,SamsungA40,279,22/05/2021 17:58,Propriétaire,22/05/2021 21:40,Propriétaire,1725.00,106.00,0.00,0.00,1250.00,581.00,581.00,0.00
Esprit Sushi Fribourg,SamsungA40,278,21/05/2021 18:04,Propriétaire,21/05/2021 21:33,Propriétaire,1303.65,420.80,0.00,0.00,0.00,1724.45,1724.45,0.00
Esprit Sushi Fribourg,SamsungA40,277,20/05/2021 17:57,Propriétaire,20/05/2021 21:54,Propriétaire,1212.20,89.45,0.00,2.00,0.00,1303.65,1303.65,0.00
Esprit Sushi Fribourg,SamsungA40,276,18/05/2021 18:31,Propriétaire,19/05/2021 21:42,Propriétaire,1051.20,159.50,0.00,0.00,0.00,1210.70,1210.70,0.00
Esprit Sushi Fribourg,Caisse principal 3,752,30/04/2021 17:21,Propriétaire,16/05/2021 23:28,Propriétaire,763.60,1082.30,9.00,750.00,2080.00,506.90,506.90,0.00
Esprit Sushi Fribourg,SamsungA40,275,16/05/2021 17:52,Propriétaire,16/05/2021 22:20,Propriétaire,743.80,307.40,0.00,0.00,0.00,1051.20,1051.20,0.00
Esprit Sushi Fribourg,SamsungA40,274,15/05/2021 17:56,Propriétaire,15/05/2021 22:37,Propriétaire,682.90,60.90,0.00,0.00,0.00,743.80,743.80,0.00
Esprit Sushi Fribourg,SamsungA40,273,14/05/2021 17:56,Propriétaire,14/05/2021 21:48,Propriétaire,518.00,164.90,0.00,0.00,0.00,682.90,682.90,0.00
Esprit Sushi Fribourg,SamsungA40,272,13/05/2021 17:57,Propriétaire,13/05/2021 22:21,Propriétaire,646.50,71.50,0.00,0.00,200.00,518.00,518.00,0.00
Esprit Sushi Fribourg,SamsungA40,271,12/05/2021 18:02,Propriétaire,13/05/2021 17:57,Propriétaire,646.50,0.00,0.00,0.00,0.00,646.50,646.50,0.00
Esprit Sushi Fribourg,SamsungA40,270,11/05/2021 18:18,Propriétaire,11/05/2021 21:51,Propriétaire,550.00,96.50,0.00,0.00,0.00,646.50,646.50,0.00
Esprit Sushi Fribourg,SamsungA40,269,09/05/2021 18:07,Propriétaire,09/05/2021 22:03,Propriétaire,1014.00,86.00,0.00,0.00,550.00,550.00,550.00,0.00
Esprit Sushi Fribourg,SamsungA40,268,08/05/2021 17:54,Propriétaire,08/05/2021 21:02,Propriétaire,965.00,49.00,0.00,0.00,0.00,1014.00,1014.00,0.00
Esprit Sushi Fribourg,SamsungA40,267,06/05/2021 19:28,Propriétaire,07/05/2021 22:14,Propriétaire,641.70,328.90,0.00,0.00,5.60,965.00,965.00,0.00
Esprit Sushi Fribourg,SamsungA40,266,04/05/2021 16:11,Propriétaire,05/05/2021 21:54,Propriétaire,789.30,252.40,0.00,0.00,400.00,641.70,641.70,0.00
Esprit Sushi Fribourg,SamsungA40,265,02/05/2021 17:49,Propriétaire,02/05/2021 21:22,Propriétaire,580.40,208.90,0.00,0.00,0.00,789.30,789.30,0.00
Esprit Sushi Fribourg,SamsungA40,264,30/04/2021 17:57,Propriétaire,30/04/2021 22:02,Propriétaire,461.20,119.20,0.00,0.00,0.00,580.40,580.40,0.00
Esprit Sushi Fribourg,Caisse principal 3,751,20/04/2021 20:00,Propriétaire,29/04/2021 22:03,Propriétaire,383.90,581.70,0.00,1100.00,1302.00,763.60,763.60,0.00
Esprit Sushi Fribourg,SamsungA40,263,29/04/2021 17:47,Propriétaire,29/04/2021 21:31,Propriétaire,686.30,124.90,0.00,0.00,350.00,461.20,461.20,0.00
Esprit Sushi Fribourg,SamsungA40,262,28/04/2021 17:57,Propriétaire,28/04/2021 21:44,Propriétaire,504.00,182.30,0.00,0.00,0.00,686.30,686.30,0.00
Esprit Sushi Fribourg,SamsungA40,261,27/04/2021 18:08,Propriétaire,27/04/2021 21:35,Propriétaire,422.50,81.50,0.00,0.00,0.00,504.00,504.00,0.00
Esprit Sushi Fribourg,SamsungA40,260,25/04/2021 17:52,Propriétaire,25/04/2021 21:48,Propriétaire,627.00,145.50,0.00,0.00,350.00,422.50,422.50,0.00
Esprit Sushi Fribourg,SamsungA40,259,23/04/2021 18:05,Propriétaire,23/04/2021 21:30,Propriétaire,535.50,91.50,0.00,0.00,0.00,627.00,627.00,0.00
Esprit Sushi Fribourg,SamsungA40,258,22/04/2021 18:00,Propriétaire,22/04/2021 21:30,Propriétaire,889.00,46.50,0.00,0.00,400.00,535.50,535.50,0.00
Esprit Sushi Fribourg,SamsungA40,257,21/04/2021 18:12,Propriétaire,21/04/2021 21:56,Propriétaire,787.60,101.40,0.00,0.00,0.00,889.00,889.00,0.00
Esprit Sushi Fribourg,SamsungA40,256,20/04/2021 18:13,Propriétaire,20/04/2021 21:41,Propriétaire,733.10,54.50,0.00,0.00,0.00,787.60,787.60,0.00
Esprit Sushi Fribourg,Caisse principal 3,750,16/04/2021 17:28,Propriétaire,19/04/2021 12:44,Propriétaire,400.90,264.50,0.00,0.00,281.50,383.90,383.90,0.00
Esprit Sushi Fribourg,SamsungA40,255,18/04/2021 17:54,Propriétaire,18/04/2021 21:02,Propriétaire,578.60,154.50,0.00,0.00,0.00,733.10,733.10,0.00
Esprit Sushi Fribourg,SamsungA40,254,17/04/2021 17:59,Propriétaire,17/04/2021 21:54,Propriétaire,550.60,28.00,0.00,0.00,0.00,578.60,578.60,0.00
Esprit Sushi Fribourg,SamsungA40,253,16/04/2021 18:34,Propriétaire,16/04/2021 22:05,Propriétaire,471.10,79.50,0.00,0.00,0.00,550.60,550.60,0.00
Esprit Sushi Fribourg,Caisse principal 3,749,15/04/2021 17:34,Propriétaire,16/04/2021 17:28,Propriétaire,378.90,81.90,59.90,0.00,0.00,400.90,400.90,0.00
Esprit Sushi Fribourg,SamsungA40,252,13/04/2021 17:24,Propriétaire,15/04/2021 22:00,Propriétaire,775.70,116.40,0.00,0.00,421.00,471.10,471.10,0.00
Esprit Sushi Fribourg,Caisse principal 3,748,13/04/2021 18:40,Propriétaire,14/04/2021 22:34,Propriétaire,285.40,72.50,0.00,21.00,0.00,378.90,378.90,0.00
Esprit Sushi Fribourg,Caisse principal 3,747,11/04/2021 17:48,Propriétaire,11/04/2021 22:41,Propriétaire,0.00,178.90,0.00,606.50,500.00,285.40,285.40,0.00
Esprit Sushi Fribourg,SamsungA40,251,11/04/2021 17:57,Propriétaire,11/04/2021 21:43,Propriétaire,735.70,40.00,0.00,0.00,0.00,775.70,775.70,0.00
Esprit Sushi Fribourg,Caisse principal 3,746,10/04/2021 17:48,Propriétaire,10/04/2021 22:06,Propriétaire,606.50,0.00,0.00,0.00,0.00,606.50,606.50,0.00
Esprit Sushi Fribourg,SamsungA40,250,10/04/2021 17:50,Propriétaire,10/04/2021 21:33,Propriétaire,735.70,0.00,0.00,0.00,0.00,735.70,735.70,0.00
Esprit Sushi Fribourg,Caisse principal 3,745,09/04/2021 16:30,Propriétaire,09/04/2021 22:41,Propriétaire,523.00,83.50,0.00,0.00,0.00,606.50,606.50,0.00
Esprit Sushi Fribourg,SamsungA40,249,09/04/2021 17:47,Propriétaire,09/04/2021 22:34,Propriétaire,664.20,71.50,0.00,0.00,0.00,735.70,735.70,0.00
Esprit Sushi Fribourg,Caisse principal 3,744,06/04/2021 17:09,Propriétaire,08/04/2021 22:58,Propriétaire,408.50,114.50,0.00,0.00,0.00,523.00,523.00,0.00
Esprit Sushi Fribourg,SamsungA40,248,08/04/2021 17:59,Propriétaire,08/04/2021 21:29,Propriétaire,484.30,179.90,0.00,0.00,0.00,664.20,664.20,0.00
Esprit Sushi Fribourg,SamsungA40,247,07/04/2021 18:09,Propriétaire,07/04/2021 22:03,Propriétaire,380.30,104.00,0.00,0.00,0.00,484.30,484.30,0.00
Esprit Sushi Fribourg,SamsungA40,246,06/04/2021 18:08,Propriétaire,07/04/2021 18:09,Propriétaire,358.30,128.90,106.40,36.50,36.50,380.80,380.80,0.00
Esprit Sushi Fribourg,Caisse principal 3,743,02/04/2021 16:15,Propriétaire,06/04/2021 17:09,Propriétaire,758.50,40.00,0.00,0.00,390.00,408.50,408.50,0.00
Esprit Sushi Fribourg,SamsungA40,245,05/04/2021 20:25,Propriétaire,05/04/2021 20:30,Propriétaire,1108.30,0.00,0.00,0.00,750.00,358.30,358.30,0.00
Esprit Sushi Fribourg,SamsungA40,244,02/04/2021 17:32,Propriétaire,02/04/2021 22:12,Propriétaire,719.00,466.70,77.40,0.00,0.00,1108.30,1108.30,0.00
Esprit Sushi Fribourg,Caisse principal 3,742,02/04/2021 16:14,Propriétaire,02/04/2021 16:15,Propriétaire,798.50,0.00,0.00,0.00,0.00,798.50,798.50,0.00
Esprit Sushi Fribourg,Caisse principal 3,741,31/03/2021 13:54,Propriétaire,01/04/2021 23:53,Propriétaire,399.60,342.50,0.00,60.00,50.00,752.10,752.10,0.00
Esprit Sushi Fribourg,SamsungA40,243,01/04/2021 17:59,Propriétaire,01/04/2021 21:39,Propriétaire,575.00,144.00,0.00,0.00,0.00,719.00,719.00,0.00
Esprit Sushi Fribourg,SamsungA40,242,30/03/2021 22:20,Propriétaire,31/03/2021 21:48,Propriétaire,415.70,233.90,63.00,0.00,11.60,575.00,575.00,0.00
Esprit Sushi Fribourg,Caisse principal 3,740,30/03/2021 16:14,Propriétaire,30/03/2021 23:04,Propriétaire,387.60,12.00,0.00,0.00,0.00,399.60,399.60,0.00
Esprit Sushi Fribourg,SamsungA40,241,30/03/2021 18:07,Propriétaire,30/03/2021 22:19,Propriétaire,382.70,33.00,0.00,0.00,0.00,415.70,415.70,0.00
Esprit Sushi Fribourg,SamsungA40,240,30/03/2021 16:14,Propriétaire,30/03/2021 16:15,Propriétaire,482.70,0.00,0.00,0.00,100.00,382.70,382.70,0.00
Esprit Sushi Fribourg,Caisse principal 3,739,28/03/2021 16:38,Propriétaire,30/03/2021 16:14,Propriétaire,992.60,15.00,0.00,300.00,920.00,387.60,387.60,0.00
Esprit Sushi Fribourg,SamsungA40,239,28/03/2021 17:54,Propriétaire,28/03/2021 22:17,Propriétaire,747.20,35.50,0.00,0.00,300.00,482.70,482.70,0.00
Esprit Sushi Fribourg,Caisse principal 3,738,27/03/2021 17:40,Propriétaire,27/03/2021 22:40,Propriétaire,0.00,77.50,0.00,935.10,20.00,992.60,992.60,0.00
Esprit Sushi Fribourg,SamsungA40,238,27/03/2021 18:01,Propriétaire,27/03/2021 21:41,Propriétaire,423.50,325.70,0.00,0.00,2.00,747.20,747.20,0.00
Esprit Sushi Fribourg,Caisse principal 3,737,26/03/2021 17:59,Propriétaire,27/03/2021 00:41,Propriétaire,370.90,97.40,13.20,500.00,20.00,935.10,935.10,0.00
Esprit Sushi Fribourg,SamsungA40,237,26/03/2021 17:45,Propriétaire,26/03/2021 22:03,Propriétaire,703.60,219.90,0.00,0.00,500.00,423.50,423.50,0.00
Esprit Sushi Fribourg,Caisse principal 3,736,25/03/2021 17:16,Propriétaire,26/03/2021 17:59,Propriétaire,353.90,17.00,0.00,0.00,0.00,370.90,370.90,0.00
Esprit Sushi Fribourg,SamsungA40,236,25/03/2021 17:59,Propriétaire,25/03/2021 21:30,Propriétaire,656.10,47.50,0.00,0.00,0.00,703.60,703.60,0.00
Esprit Sushi Fribourg,Caisse principal 3,735,23/03/2021 16:46,Propriétaire,24/03/2021 22:59,Propriétaire,310.40,43.50,0.00,0.00,0.00,353.90,353.90,0.00
Esprit Sushi Fribourg,SamsungA40,235,24/03/2021 18:33,Propriétaire,24/03/2021 21:53,Propriétaire,571.60,84.50,0.00,0.00,0.00,656.10,656.10,0.00
Esprit Sushi Fribourg,SamsungA40,234,24/03/2021 18:33,Propriétaire,24/03/2021 18:33,Propriétaire,0.00,0.00,0.00,0.00,0.00,0.00,0.00,0.00
Esprit Sushi Fribourg,SamsungA40,233,23/03/2021 18:04,Propriétaire,24/03/2021 18:33,Propriétaire,417.60,154.00,0.00,0.00,0.00,571.60,571.60,0.00
Esprit Sushi Fribourg,Caisse principal 3,734,21/03/2021 17:33,Propriétaire,21/03/2021 22:32,Propriétaire,0.00,223.50,0.00,1286.90,1200.00,310.40,310.40,0.00
Esprit Sushi Fribourg,SamsungA40,232,21/03/2021 17:42,Propriétaire,21/03/2021 21:32,Propriétaire,982.00,135.60,0.00,0.00,700.00,417.60,417.60,0.00
Esprit Sushi Fribourg,Caisse principal 3,733,16/03/2021 16:45,Propriétaire,20/03/2021 22:04,Propriétaire,375.00,211.90,0.00,0.00,0.00,586.90,586.90,0.00
Esprit Sushi Fribourg,SamsungA40,231,20/03/2021 17:41,Propriétaire,20/03/2021 21:41,Propriétaire,742.10,239.90,0.00,0.00,0.00,982.00,982.00,0.00
Esprit Sushi Fribourg,SamsungA40,230,19/03/2021 18:03,Propriétaire,19/03/2021 21:39,Propriétaire,577.20,164.90,0.00,0.00,0.00,742.10,742.10,0.00
Esprit Sushi Fribourg,SamsungA40,229,18/03/2021 18:06,Propriétaire,19/03/2021 18:03,Propriétaire,471.70,105.50,0.00,0.00,0.00,577.20,577.20,0.00
Esprit Sushi Fribourg,SamsungA40,228,17/03/2021 18:06,Propriétaire,17/03/2021 21:46,Propriétaire,366.70,105.00,0.00,0.00,0.00,471.70,471.70,0.00
Esprit Sushi Fribourg,SamsungA40,227,16/03/2021 18:10,Propriétaire,16/03/2021 21:26,Propriétaire,316.20,49.00,0.00,0.00,0.00,365.20,365.20,0.00
Esprit Sushi Fribourg,Caisse principal 3,732,07/03/2021 14:48,Propriétaire,16/03/2021 16:45,Propriétaire,910.30,590.20,0.00,950.00,2075.50,375.00,375.00,0.00
Esprit Sushi Fribourg,SamsungA40,226,14/03/2021 23:48,Propriétaire,14/03/2021 23:48,Propriétaire,667.70,0.00,0.00,0.00,350.00,317.70,317.70,0.00
Esprit Sushi Fribourg,SamsungA40,225,14/03/2021 17:48,Propriétaire,14/03/2021 22:04,Propriétaire,493.20,174.50,0.00,0.00,0.00,667.70,667.70,0.00
Esprit Sushi Fribourg,SamsungA40,224,13/03/2021 18:21,Propriétaire,13/03/2021 22:27,Propriétaire,689.00,405.20,0.00,0.00,601.00,493.20,493.20,0.00
Esprit Sushi Fribourg,SamsungA40,223,12/03/2021 17:52,Propriétaire,12/03/2021 22:06,Propriétaire,606.10,82.90,0.00,0.00,0.00,689.00,689.00,0.00
Esprit Sushi Fribourg,SamsungA40,222,11/03/2021 17:34,Propriétaire,11/03/2021 21:29,Propriétaire,487.90,118.20,0.00,0.00,0.00,606.10,606.10,0.00
Esprit Sushi Fribourg,SamsungA40,221,10/03/2021 18:18,Propriétaire,10/03/2021 21:41,Propriétaire,457.95,30.00,0.00,0.00,0.00,487.95,487.95,0.00
Esprit Sushi Fribourg,SamsungA40,220,09/03/2021 15:47,Propriétaire,09/03/2021 21:49,Propriétaire,858.00,23.00,0.00,75.50,500.00,456.50,456.50,0.00
Esprit Sushi Fribourg,SamsungA40,219,07/03/2021 17:38,Propriétaire,07/03/2021 22:09,Propriétaire,639.00,219.00,0.00,0.00,0.00,858.00,858.00,0.00
Esprit Sushi Fribourg,Caisse principal 3,731,06/03/2021 17:26,Propriétaire,06/03/2021 22:44,Propriétaire,910.30,0.00,0.00,0.00,0.00,910.30,910.30,0.00
Esprit Sushi Fribourg,SamsungA40,218,06/03/2021 17:39,Propriétaire,06/03/2021 21:32,Propriétaire,529.50,109.50,0.00,0.00,0.00,639.00,639.00,0.00
Esprit Sushi Fribourg,Caisse principal 3,730,05/03/2021 15:36,Propriétaire,05/03/2021 23:06,Propriétaire,539.80,70.50,0.00,300.00,0.00,910.30,910.30,0.00
Esprit Sushi Fribourg,SamsungA40,217,05/03/2021 17:48,Propriétaire,05/03/2021 21:59,Propriétaire,783.60,45.90,0.00,0.00,300.00,529.50,529.50,0.00
Esprit Sushi Fribourg,Caisse principal 3,729,05/03/2021 15:36,Propriétaire,05/03/2021 15:36,Propriétaire,53.98,0.00,0.00,0.00,0.00,53.98,53.98,0.00
Esprit Sushi Fribourg,Caisse principal 3,728,04/03/2021 16:10,Propriétaire,05/03/2021 15:36,Propriétaire,517.80,22.00,0.00,0.00,0.00,539.80,539.80,0.00
Esprit Sushi Fribourg,SamsungA40,216,04/03/2021 17:59,Propriétaire,04/03/2021 21:30,Propriétaire,628.10,155.50,0.00,0.00,0.00,783.60,783.60,0.00
Esprit Sushi Fribourg,Caisse principal 3,727,02/03/2021 15:53,Propriétaire,03/03/2021 22:17,Propriétaire,333.30,184.50,0.00,0.00,0.00,517.80,517.80,0.00
Esprit Sushi Fribourg,SamsungA40,215,03/03/2021 18:00,Propriétaire,03/03/2021 21:41,Propriétaire,495.10,133.00,0.00,0.00,0.00,628.10,628.10,0.00
Esprit Sushi Fribourg,SamsungA40,214,02/03/2021 19:17,Propriétaire,02/03/2021 21:43,Propriétaire,370.20,124.90,0.00,0.00,0.00,495.10,495.10,0.00
Esprit Sushi Fribourg,SamsungA40,213,02/03/2021 18:05,Propriétaire,02/03/2021 18:08,Propriétaire,355.60,0.00,0.00,0.00,0.00,355.60,355.60,0.00
Esprit Sushi Fribourg,Caisse principal 3,726,21/02/2021 17:34,Propriétaire,28/02/2021 23:21,Propriétaire,1469.25,564.05,0.00,1200.00,2900.00,333.30,333.30,0.00
Esprit Sushi Fribourg,SamsungA40,212,28/02/2021 17:49,Propriétaire,28/02/2021 21:39,Propriétaire,632.20,138.00,0.00,0.00,400.00,370.20,370.20,0.00
Esprit Sushi Fribourg,SamsungA40,211,27/02/2021 17:47,Propriétaire,27/02/2021 22:37,Propriétaire,640.40,391.80,0.00,0.00,400.00,632.20,632.20,0.00
Esprit Sushi Fribourg,SamsungA40,210,26/02/2021 17:53,Propriétaire,26/02/2021 22:03,Propriétaire,316.10,324.30,0.00,0.00,0.00,640.40,640.40,0.00
Esprit Sushi Fribourg,SamsungA40,209,25/02/2021 17:34,Propriétaire,25/02/2021 21:31,Propriétaire,655.10,61.00,0.00,0.00,400.00,316.10,316.10,0.00
Esprit Sushi Fribourg,SamsungA40,208,23/02/2021 17:27,Propriétaire,24/02/2021 21:30,Propriétaire,559.20,295.90,0.00,0.00,200.00,655.10,655.10,0.00
Esprit Sushi Fribourg,SamsungA40,207,21/02/2021 17:37,Propriétaire,21/02/2021 21:10,Propriétaire,413.80,145.40,0.00,0.00,0.00,559.20,559.20,0.00
Esprit Sushi Fribourg,Caisse principal 3,725,20/02/2021 12:00,Propriétaire,20/02/2021 23:21,Propriétaire,818.35,210.90,0.00,440.00,0.00,1469.25,1469.25,0.00
Esprit Sushi Fribourg,SamsungA40,206,20/02/2021 17:50,Propriétaire,20/02/2021 22:18,Propriétaire,711.60,142.20,0.00,0.00,440.00,413.80,413.80,0.00
Esprit Sushi Fribourg,Caisse principal 3,724,19/02/2021 17:18,Propriétaire,19/02/2021 23:00,Propriétaire,715.95,102.40,0.00,0.00,0.00,818.35,818.35,0.00
Esprit Sushi Fribourg,SamsungA40,205,19/02/2021 17:53,Propriétaire,19/02/2021 21:59,Propriétaire,573.20,138.40,0.00,0.00,0.00,711.60,711.60,0.00
Esprit Sushi Fribourg,SamsungA40,204,18/02/2021 17:54,Propriétaire,19/02/2021 17:53,Propriétaire,455.70,215.00,0.00,0.00,97.50,573.20,573.20,0.00
Esprit Sushi Fribourg,Caisse principal 3,723,19/02/2021 12:20,Propriétaire,19/02/2021 17:18,Propriétaire,0.00,0.00,0.00,0.00,0.00,0.00,0.00,0.00
Esprit Sushi Fribourg,Caisse principal 3,722,17/02/2021 17:41,Propriétaire,18/02/2021 23:04,Propriétaire,411.75,304.20,97.50,97.50,0.00,715.95,715.95,0.00
Esprit Sushi Fribourg,SamsungA40,203,17/02/2021 16:47,Propriétaire,17/02/2021 21:42,Propriétaire,316.80,138.90,0.00,0.00,0.00,455.70,455.70,0.00
Esprit Sushi Fribourg,SamsungA40,202,16/02/2021 18:16,Propriétaire,17/02/2021 16:47,Propriétaire,1131.10,151.60,59.90,0.00,906.00,316.80,316.80,0.00
Esprit Sushi Fribourg,Caisse principal 3,721,09/02/2021 18:35,Propriétaire,16/02/2021 23:34,Propriétaire,0.00,1207.05,0.00,859.80,1655.10,411.75,411.75,0.00
Esprit Sushi Fribourg,SamsungA40,201,14/02/2021 15:50,Propriétaire,14/02/2021 21:56,Propriétaire,821.50,323.55,0.00,0.00,20.00,1125.05,1125.05,0.00
Esprit Sushi Fribourg,Iphone Roberto,2,14/02/2021 15:48,Propriétaire,14/02/2021 21:52,Propriétaire,266.50,234.50,0.00,20.00,0.10,520.90,520.90,0.00
Esprit Sushi Fribourg,Iphone Roberto,1,14/02/2021 15:46,Propriétaire,14/02/2021 15:48,Propriétaire,266.50,0.00,0.00,0.00,0.00,266.50,266.50,0.00
Esprit Sushi Fribourg,SamsungA40,200,13/02/2021 18:01,Propriétaire,13/02/2021 22:12,Propriétaire,642.50,178.90,0.00,0.00,0.00,821.40,821.40,0.00
Esprit Sushi Fribourg,SamsungA40,199,12/02/2021 17:57,Propriétaire,12/02/2021 22:30,Propriétaire,553.10,95.50,0.00,0.00,6.10,642.50,642.50,0.00
Esprit Sushi Fribourg,SamsungA40,198,11/02/2021 17:37,Propriétaire,11/02/2021 20:56,Propriétaire,526.60,26.50,0.00,0.00,0.00,553.10,553.10,0.00
Esprit Sushi Fribourg,SamsungA40,197,10/02/2021 17:37,Propriétaire,10/02/2021 21:50,Propriétaire,488.60,38.00,0.00,0.00,0.00,526.60,526.60,0.00
Esprit Sushi Fribourg,SamsungA40,196,09/02/2021 18:14,Propriétaire,09/02/2021 21:53,Propriétaire,307.10,181.50,0.00,0.00,0.00,488.60,488.60,0.00
Esprit Sushi Fribourg,SamsungA40,195,07/02/2021 22:57,Propriétaire,07/02/2021 22:57,Propriétaire,497.10,0.00,0.00,0.00,190.00,307.10,307.10,0.00
Esprit Sushi Fribourg,Caisse principal 3,720,03/02/2021 16:48,Propriétaire,07/02/2021 22:55,Propriétaire,335.50,323.40,0.00,700.00,1020.00,338.90,338.90,0.00
Esprit Sushi Fribourg,SamsungA40,194,07/02/2021 17:47,Propriétaire,07/02/2021 21:41,Propriétaire,372.60,124.50,0.00,0.00,0.00,497.10,497.10,0.00
Esprit Sushi Fribourg,SamsungA40,193,06/02/2021 17:33,Propriétaire,06/02/2021 22:42,Propriétaire,721.70,350.90,0.00,0.00,700.00,372.60,372.60,0.00
Esprit Sushi Fribourg,SamsungA40,192,04/02/2021 18:05,Propriétaire,05/02/2021 22:49,Propriétaire,456.30,265.40,0.00,0.00,0.00,721.70,721.70,0.00
Esprit Sushi Fribourg,SamsungA40,191,03/02/2021 20:51,Propriétaire,04/02/2021 18:04,Propriétaire,365.80,90.50,0.00,0.00,0.00,456.30,456.30,0.00
Esprit Sushi Fribourg,Caisse principal 3,719,30/01/2021 16:36,Propriétaire,03/02/2021 16:47,Propriétaire,1181.60,103.90,0.00,400.00,1350.00,335.50,335.50,0.00
Esprit Sushi Fribourg,SamsungA40,190,31/01/2021 17:44,Propriétaire,31/01/2021 21:37,Propriétaire,397.30,168.50,0.00,0.00,200.00,365.80,365.80,0.00
Esprit Sushi Fribourg,SamsungA40,189,30/01/2021 17:55,Propriétaire,30/01/2021 21:21,Propriétaire,378.90,218.40,0.00,0.00,200.00,397.30,397.30,0.00
Esprit Sushi Fribourg,Caisse principal 3,718,27/01/2021 17:41,Propriétaire,30/01/2021 16:36,Propriétaire,356.10,265.50,0.00,600.00,40.00,1181.60,1181.60,0.00
Esprit Sushi Fribourg,SamsungA40,188,29/01/2021 17:51,Propriétaire,29/01/2021 22:04,Propriétaire,697.00,281.90,0.00,0.00,600.00,378.90,378.90,0.00
Esprit Sushi Fribourg,SamsungA40,187,28/01/2021 17:36,Propriétaire,28/01/2021 22:01,Propriétaire,575.90,121.10,0.00,0.00,0.00,697.00,697.00,0.00
Esprit Sushi Fribourg,SamsungA40,186,27/01/2021 17:37,Propriétaire,27/01/2021 21:51,Propriétaire,399.90,176.00,0.00,0.00,0.00,575.90,575.90,0.00
Esprit Sushi Fribourg,Caisse principal 3,717,24/01/2021 15:34,Propriétaire,26/01/2021 23:05,Propriétaire,1123.10,53.00,0.00,0.00,820.00,356.10,356.10,0.00
Esprit Sushi Fribourg,SamsungA40,185,26/01/2021 21:15,Propriétaire,26/01/2021 21:55,Propriétaire,399.90,0.00,0.00,0.00,0.00,399.90,399.90,0.00
Esprit Sushi Fribourg,SamsungA40,184,26/01/2021 17:35,Propriétaire,26/01/2021 21:14,Propriétaire,251.40,148.50,0.00,0.00,0.00,399.90,399.90,0.00
Esprit Sushi Fribourg,SamsungA40,183,26/01/2021 16:03,Propriétaire,26/01/2021 17:34,Propriétaire,351.40,0.00,0.00,0.00,100.00,251.40,251.40,0.00
Esprit Sushi Fribourg,SamsungA40,182,26/01/2021 16:03,Propriétaire,26/01/2021 16:03,Propriétaire,351.48,0.00,0.00,0.00,0.00,351.48,351.48,0.00
Esprit Sushi Fribourg,SamsungA40,181,24/01/2021 17:34,Propriétaire,24/01/2021 21:11,Propriétaire,315.90,35.50,0.00,0.00,0.00,351.40,351.40,0.00
Esprit Sushi Fribourg,Caisse principal 3,716,23/01/2021 16:58,Propriétaire,24/01/2021 15:34,Propriétaire,839.10,104.00,0.00,200.00,20.00,1123.10,1123.10,0.00
Esprit Sushi Fribourg,SamsungA40,180,23/01/2021 17:45,Propriétaire,23/01/2021 21:55,Propriétaire,370.40,145.50,0.00,0.00,200.00,315.90,315.90,0.00
Esprit Sushi Fribourg,Caisse principal 3,715,22/01/2021 17:45,Propriétaire,22/01/2021 23:45,Propriétaire,0.00,141.40,0.00,697.70,0.00,839.10,839.10,0.00
Esprit Sushi Fribourg,SamsungA40,179,22/01/2021 17:53,Propriétaire,22/01/2021 21:25,Propriétaire,412.60,257.80,0.00,0.00,300.00,370.40,370.40,0.00
Esprit Sushi Fribourg,SamsungA40,178,21/01/2021 18:04,Propriétaire,22/01/2021 17:53,Propriétaire,871.80,150.80,0.00,0.00,610.00,412.60,412.60,0.00
Esprit Sushi Fribourg,Caisse principal 3,714,19/01/2021 15:21,Propriétaire,21/01/2021 22:54,Propriétaire,1039.20,48.50,0.00,400.00,1090.00,397.70,397.70,0.00
Esprit Sushi Fribourg,SamsungA40,177,21/01/2021 17:14,Propriétaire,21/01/2021 18:03,Propriétaire,365.08,0.00,0.00,0.00,0.00,365.08,365.08,0.00
Esprit Sushi Fribourg,SamsungA40,176,20/01/2021 21:31,Propriétaire,21/01/2021 17:14,Propriétaire,0.00,0.00,0.00,0.00,0.00,0.00,0.00,0.00
Esprit Sushi Fribourg,SamsungA40,175,20/01/2021 17:55,Propriétaire,20/01/2021 21:31,Propriétaire,671.30,200.50,0.00,0.00,0.00,871.80,871.80,0.00
Esprit Sushi Fribourg,SamsungA40,174,20/01/2021 17:37,Propriétaire,20/01/2021 17:54,Propriétaire,0.00,0.00,0.00,0.00,0.00,0.00,0.00,0.00
Esprit Sushi Fribourg,SamsungA40,173,19/01/2021 20:07,Propriétaire,19/01/2021 21:51,Propriétaire,389.30,282.00,0.00,0.00,0.00,671.30,671.30,0.00
Esprit Sushi Fribourg,SamsungA40,172,19/01/2021 17:01,Propriétaire,19/01/2021 17:40,Propriétaire,0.00,0.00,0.00,0.00,0.00,0.00,0.00,0.00
Esprit Sushi Fribourg,Caisse principal 3,713,17/01/2021 17:24,Propriétaire,17/01/2021 22:00,Propriétaire,656.70,82.50,0.00,300.00,0.00,1039.20,1039.20,0.00
Esprit Sushi Fribourg,SamsungA40,171,17/01/2021 17:49,Propriétaire,17/01/2021 21:42,Propriétaire,667.80,23.00,0.00,0.00,301.50,389.30,389.30,0.00
Esprit Sushi Fribourg,Caisse principal 3,712,16/01/2021 16:20,Propriétaire,16/01/2021 23:07,Propriétaire,602.20,54.50,0.00,0.00,0.00,656.70,656.70,0.00
Esprit Sushi Fribourg,SamsungA40,170,16/01/2021 17:55,Propriétaire,16/01/2021 21:31,Propriétaire,515.80,152.00,0.00,0.00,0.00,667.80,667.80,0.00
Esprit Sushi Fribourg,Caisse principal 3,711,05/01/2021 15:31,Propriétaire,16/01/2021 00:03,Propriétaire,341.75,1083.20,172.25,400.00,1050.50,602.20,602.20,0.00
Esprit Sushi Fribourg,SamsungA40,169,15/01/2021 17:51,Propriétaire,15/01/2021 21:45,Propriétaire,424.90,90.90,0.00,0.00,0.00,515.80,515.80,0.00
Esprit Sushi Fribourg,SamsungA40,168,14/01/2021 15:54,Propriétaire,14/01/2021 21:58,Propriétaire,462.90,102.00,0.00,0.00,140.00,424.90,424.90,0.00
Esprit Sushi Fribourg,SamsungA40,167,13/01/2021 18:02,Propriétaire,13/01/2021 21:30,Propriétaire,388.40,74.50,0.00,0.00,0.00,462.90,462.90,0.00
Esprit Sushi Fribourg,SamsungA40,166,12/01/2021 17:10,Propriétaire,12/01/2021 21:34,Propriétaire,1412.20,76.20,0.00,0.00,1100.00,388.40,388.40,0.00
Esprit Sushi Fribourg,SamsungA40,165,10/01/2021 18:59,Propriétaire,10/01/2021 22:21,Propriétaire,1007.90,457.30,53.00,0.00,0.00,1412.20,1412.20,0.00
Esprit Sushi Fribourg,SamsungA40,164,10/01/2021 18:25,Propriétaire,10/01/2021 18:59,Propriétaire,0.01,0.00,0.00,0.00,0.00,0.01,0.01,0.00
Esprit Sushi Fribourg,SamsungA40,163,09/01/2021 17:37,Propriétaire,09/01/2021 21:00,Propriétaire,663.00,344.90,0.00,0.00,0.00,1007.90,1007.90,0.00
Esprit Sushi Fribourg,SamsungA40,162,08/01/2021 17:51,Propriétaire,08/01/2021 21:40,Propriétaire,474.70,189.40,0.00,0.00,1.10,663.00,663.00,0.00
Esprit Sushi Fribourg,SamsungA40,161,07/01/2021 17:54,Propriétaire,07/01/2021 21:28,Propriétaire,702.50,174.50,0.00,0.00,402.30,474.70,474.70,0.00
Esprit Sushi Fribourg,SamsungA40,160,06/01/2021 16:35,Propriétaire,06/01/2021 21:30,Propriétaire,438.00,264.50,0.00,0.00,0.00,702.50,702.50,0.00
Esprit Sushi Fribourg,SamsungA40,159,05/01/2021 17:56,Propriétaire,06/01/2021 16:35,Propriétaire,317.60,120.40,0.00,0.00,0.00,438.00,438.00,0.00
Esprit Sushi Fribourg,Caisse principal 3,710,03/01/2021 17:15,Propriétaire,05/01/2021 15:31,Propriétaire,779.25,92.50,0.00,690.00,1220.00,341.75,341.75,0.00
Esprit Sushi Fribourg,SamsungA40,158,03/01/2021 17:53,Propriétaire,03/01/2021 22:27,Propriétaire,675.60,296.00,0.00,0.00,654.00,317.60,317.60,0.00
Esprit Sushi Fribourg,Caisse principal 3,709,02/01/2021 18:04,Propriétaire,02/01/2021 23:58,Propriétaire,0.00,100.00,0.00,679.25,0.00,779.25,779.25,0.00
Esprit Sushi Fribourg,SamsungA40,157,02/01/2021 17:50,Propriétaire,02/01/2021 22:43,Propriétaire,488.80,191.90,0.00,0.00,5.10,675.60,675.60,0.00
Esprit Sushi Fribourg,Caisse principal 3,708,30/12/2020 16:38,Propriétaire,31/12/2020 19:53,Propriétaire,414.15,265.10,0.00,0.00,0.00,679.25,679.25,0.00
Esprit Sushi Fribourg,SamsungA40,156,31/12/2020 12:40,Propriétaire,31/12/2020 17:21,Propriétaire,457.30,31.50,0.00,0.00,0.00,488.80,488.80,0.00
Esprit Sushi Fribourg,SamsungA40,155,29/12/2020 16:36,Propriétaire,30/12/2020 21:26,Propriétaire,676.25,181.00,0.00,0.05,400.00,457.30,457.30,0.00
Esprit Sushi Fribourg,Caisse principal 3,707,29/12/2020 16:40,Propriétaire,29/12/2020 22:48,Propriétaire,530.15,134.00,0.00,0.00,250.00,414.15,414.15,0.00
Esprit Sushi Fribourg,Caisse principal 3,706,26/12/2020 16:18,Propriétaire,27/12/2020 22:24,Propriétaire,845.65,184.50,0.00,0.00,500.00,530.15,530.15,0.00
Esprit Sushi Fribourg,SamsungA40,154,27/12/2020 17:29,Propriétaire,27/12/2020 20:35,Propriétaire,607.85,68.40,0.00,0.00,0.00,676.25,676.25,0.00
Esprit Sushi Fribourg,SamsungA40,153,26/12/2020 16:15,Propriétaire,26/12/2020 21:36,Propriétaire,722.35,285.50,0.00,0.00,400.00,607.85,607.85,0.00
Esprit Sushi Fribourg,Caisse principal 3,705,23/12/2020 10:26,Propriétaire,26/12/2020 16:18,Propriétaire,0.00,318.80,0.00,526.85,0.00,845.65,845.65,0.00
Esprit Sushi Fribourg,SamsungA40,152,24/12/2020 12:44,Propriétaire,24/12/2020 16:47,Propriétaire,588.30,138.05,0.00,0.00,4.00,722.35,722.35,0.00
Esprit Sushi Fribourg,SamsungA40,151,23/12/2020 19:14,Propriétaire,23/12/2020 21:30,Propriétaire,491.80,96.50,0.00,0.00,0.00,588.30,588.30,0.00
Esprit Sushi Fribourg,Caisse principal 3,704,22/12/2020 18:27,Propriétaire,22/12/2020 22:47,Propriétaire,0.00,0.00,0.00,526.85,0.00,526.85,526.85,0.00
Esprit Sushi Fribourg,SamsungA40,150,22/12/2020 16:55,Propriétaire,22/12/2020 21:57,Propriétaire,822.70,170.70,0.00,0.00,501.60,491.80,491.80,0.00
Esprit Sushi Fribourg,Caisse principal 3,703,19/12/2020 11:41,Propriétaire,20/12/2020 22:57,Propriétaire,470.35,157.50,101.00,0.00,0.00,526.85,526.85,0.00
Esprit Sushi Fribourg,SamsungA40,149,20/12/2020 17:31,Propriétaire,20/12/2020 21:19,Propriétaire,600.80,221.90,0.00,0.00,0.00,822.70,822.70,0.00
Esprit Sushi Fribourg,SamsungA40,148,19/12/2020 11:39,Propriétaire,19/12/2020 22:11,Propriétaire,874.80,226.00,0.00,0.00,500.00,600.80,600.80,0.00
Esprit Sushi Fribourg,Caisse principal 3,702,13/12/2020 16:41,Propriétaire,19/12/2020 11:41,Propriétaire,813.95,206.40,0.00,0.00,550.00,470.35,470.35,0.00
Esprit Sushi Fribourg,SamsungA40,147,18/12/2020 17:51,Propriétaire,18/12/2020 22:20,Propriétaire,549.80,325.00,0.00,0.00,0.00,874.80,874.80,0.00
Esprit Sushi Fribourg,SamsungA40,146,17/12/2020 17:51,Propriétaire,17/12/2020 21:23,Propriétaire,552.80,0.00,0.00,0.00,3.00,549.80,549.80,0.00
Esprit Sushi Fribourg,SamsungA40,145,16/12/2020 17:55,Propriétaire,16/12/2020 21:03,Propriétaire,408.30,144.50,0.00,0.00,0.00,552.80,552.80,0.00
Esprit Sushi Fribourg,SamsungA40,144,15/12/2020 17:48,Propriétaire,15/12/2020 21:30,Propriétaire,656.60,151.70,0.00,0.00,400.00,408.30,408.30,0.00
Esprit Sushi Fribourg,SamsungA40,143,13/12/2020 17:58,Propriétaire,13/12/2020 21:25,Propriétaire,634.10,23.00,0.00,0.00,0.50,656.60,656.60,0.00
Esprit Sushi Fribourg,SamsungA40,142,12/12/2020 17:32,Propriétaire,12/12/2020 22:01,Propriétaire,451.60,172.50,0.00,10.00,0.00,634.10,634.10,0.00
Esprit Sushi Fribourg,Caisse principal 3,701,08/12/2020 21:12,Propriétaire,12/12/2020 21:54,Propriétaire,282.05,131.90,0.00,400.00,0.00,813.95,813.95,0.00
Esprit Sushi Fribourg,SamsungA40,141,11/12/2020 19:01,Propriétaire,11/12/2020 21:30,Propriétaire,374.60,77.00,0.00,0.00,0.00,451.60,451.60,0.00
Esprit Sushi Fribourg,SamsungA40,140,10/12/2020 18:08,Propriétaire,10/12/2020 21:30,Propriétaire,344.70,29.90,0.00,0.00,0.00,374.60,374.60,0.00
Esprit Sushi Fribourg,SamsungA40,139,09/12/2020 17:41,Propriétaire,09/12/2020 21:03,Propriétaire,345.20,0.00,0.00,0.00,0.00,345.20,345.20,0.00
Esprit Sushi Fribourg,SamsungA40,138,08/12/2020 18:00,Propriétaire,09/12/2020 17:41,Propriétaire,1251.20,414.00,0.00,0.00,1320.00,345.20,345.20,0.00
Esprit Sushi Fribourg,Caisse principal 3,700,08/12/2020 18:01,Propriétaire,08/12/2020 21:12,Propriétaire,930.00,0.00,0.00,0.00,0.00,930.00,930.00,0.00
Esprit Sushi Fribourg,Caisse principal 3,699,04/12/2020 16:05,Propriétaire,06/12/2020 23:25,Propriétaire,412.65,269.40,0.00,0.00,400.00,282.05,282.05,0.00
Esprit Sushi Fribourg,SamsungA40,137,06/12/2020 18:34,Propriétaire,06/12/2020 21:51,Propriétaire,1067.80,185.90,0.00,0.00,2.50,1251.20,1251.20,0.00
Esprit Sushi Fribourg,SamsungA40,136,05/12/2020 18:55,Propriétaire,05/12/2020 22:02,Propriétaire,844.80,262.50,39.50,0.00,0.00,1067.80,1067.80,0.00
Esprit Sushi Fribourg,SamsungA40,135,04/12/2020 17:35,Propriétaire,04/12/2020 22:03,Propriétaire,603.90,240.90,0.00,0.00,0.00,844.80,844.80,0.00
Esprit Sushi Fribourg,Caisse principal 3,698,03/12/2020 17:00,Propriétaire,03/12/2020 22:23,Propriétaire,390.65,22.00,0.00,0.00,0.00,412.65,412.65,0.00
Esprit Sushi Fribourg,SamsungA40,134,03/12/2020 17:37,Propriétaire,03/12/2020 21:56,Propriétaire,578.90,25.00,0.00,0.00,0.00,603.90,603.90,0.00
Esprit Sushi Fribourg,Caisse principal 3,697,02/12/2020 17:29,Propriétaire,03/12/2020 17:00,Propriétaire,390.65,72.50,72.50,0.00,0.00,390.65,390.65,0.00
Esprit Sushi Fribourg,SamsungA40,133,02/12/2020 17:56,Propriétaire,02/12/2020 21:17,Propriétaire,560.00,21.50,0.00,0.00,2.60,578.90,578.90,0.00
Esprit Sushi Fribourg,Caisse principal 3,696,29/11/2020 15:21,Propriétaire,01/12/2020 22:20,Propriétaire,1238.95,81.70,0.00,1238.95,2168.95,390.65,390.65,0.00
Esprit Sushi Fribourg,SamsungA40,132,01/12/2020 14:40,Propriétaire,01/12/2020 21:32,Propriétaire,382.50,227.50,0.00,0.00,50.00,560.00,560.00,0.00
Esprit Sushi Fribourg,SamsungA40,131,29/11/2020 17:35,Propriétaire,29/11/2020 21:29,Propriétaire,254.50,128.00,0.00,0.00,0.00,382.50,382.50,0.00
Esprit Sushi Fribourg,Caisse principal 3,695,28/11/2020 17:09,Propriétaire,28/11/2020 22:47,Propriétaire,769.45,176.40,106.90,400.00,0.00,1238.95,1238.95,0.00
Esprit Sushi Fribourg,SamsungA40,130,28/11/2020 17:37,Propriétaire,28/11/2020 22:45,Propriétaire,405.60,248.90,0.00,0.00,400.00,254.50,254.50,0.00
Esprit Sushi Fribourg,SamsungA40,129,28/11/2020 17:36,Propriétaire,28/11/2020 17:36,Propriétaire,0.00,0.00,0.00,0.00,0.00,0.00,0.00,0.00
Esprit Sushi Fribourg,SamsungA40,128,27/11/2020 17:45,Propriétaire,28/11/2020 17:36,Propriétaire,415.10,340.50,0.00,0.00,350.00,405.60,405.60,0.00
Esprit Sushi Fribourg,Caisse principal 3,694,27/11/2020 16:53,Propriétaire,27/11/2020 21:59,Propriétaire,284.20,135.25,0.00,350.00,0.00,769.45,769.45,0.00
Esprit Sushi Fribourg,SamsungA40,127,26/11/2020 22:20,Propriétaire,26/11/2020 22:20,Propriétaire,615.10,0.00,0.00,0.00,200.00,415.10,415.10,0.00
Esprit Sushi Fribourg,Caisse principal 3,693,26/11/2020 17:11,Propriétaire,26/11/2020 22:19,Propriétaire,502.20,82.00,0.00,0.00,300.00,284.20,284.20,0.00
Esprit Sushi Fribourg,SamsungA40,126,26/11/2020 17:53,Propriétaire,26/11/2020 21:41,Propriétaire,485.10,130.00,0.00,0.00,0.00,615.10,615.10,0.00
Esprit Sushi Fribourg,Caisse principal 3,692,25/11/2020 17:46,Propriétaire,25/11/2020 22:14,Propriétaire,289.30,212.90,0.00,0.00,0.00,502.20,502.20,0.00
Esprit Sushi Fribourg,SamsungA40,125,25/11/2020 19:51,Propriétaire,25/11/2020 21:38,Propriétaire,436.10,49.00,0.00,0.00,0.00,485.10,485.10,0.00
Esprit Sushi Fribourg,Caisse principal 3,691,24/11/2020 15:09,Propriétaire,25/11/2020 17:46,Propriétaire,289.30,0.00,0.00,0.00,0.00,289.30,289.30,0.00
Esprit Sushi Fribourg,SamsungA40,124,24/11/2020 17:53,Propriétaire,24/11/2020 21:43,Propriétaire,370.10,66.00,0.00,0.00,0.00,436.10,436.10,0.00
Esprit Sushi Fribourg,Caisse principal 3,690,22/11/2020 16:46,Propriétaire,24/11/2020 15:09,Propriétaire,343.90,95.40,0.00,900.00,1050.00,289.30,289.30,0.00
Esprit Sushi Fribourg,SamsungA40,123,22/11/2020 17:52,Propriétaire,22/11/2020 21:34,Propriétaire,683.10,137.00,0.00,0.00,450.00,370.10,370.10,0.00
Esprit Sushi Fribourg,Caisse principal 3,689,21/11/2020 16:02,Propriétaire,21/11/2020 22:15,Propriétaire,443.90,0.00,0.00,0.00,100.00,343.90,343.90,0.00
Esprit Sushi Fribourg,SamsungA40,122,21/11/2020 17:52,Propriétaire,21/11/2020 21:41,Propriétaire,531.20,153.90,0.00,0.00,2.00,683.10,683.10,0.00
Esprit Sushi Fribourg,SamsungA40,121,20/11/2020 19:00,Propriétaire,21/11/2020 17:51,Propriétaire,406.30,124.90,0.00,0.00,0.00,531.20,531.20,0.00
Esprit Sushi Fribourg,Caisse principal 3,688,19/11/2020 15:47,Propriétaire,20/11/2020 22:33,Propriétaire,379.40,64.50,0.00,0.00,0.00,443.90,443.90,0.00
Esprit Sushi Fribourg,SamsungA40,120,19/11/2020 17:57,Propriétaire,20/11/2020 16:31,Propriétaire,449.30,57.00,0.00,0.00,100.00,406.30,406.30,0.00
Esprit Sushi Fribourg,Caisse principal 3,687,18/11/2020 14:34,Propriétaire,18/11/2020 21:54,Propriétaire,279.40,0.00,0.00,0.00,0.00,279.40,279.40,0.00
Esprit Sushi Fribourg,SamsungA40,119,18/11/2020 13:39,Propriétaire,18/11/2020 21:30,Propriétaire,376.30,49.00,0.00,24.00,0.00,449.30,449.30,0.00
Esprit Sushi Fribourg,Caisse principal 3,686,17/11/2020 17:47,Propriétaire,17/11/2020 21:52,Propriétaire,279.40,0.00,0.00,0.00,0.00,279.40,279.40,0.00
Esprit Sushi Fribourg,SamsungA40,118,17/11/2020 21:28,Propriétaire,17/11/2020 21:49,Propriétaire,354.30,22.00,0.00,0.00,0.00,376.30,376.30,0.00
Esprit Sushi Fribourg,SamsungA40,117,17/11/2020 17:28,Propriétaire,17/11/2020 21:13,Propriétaire,282.30,72.00,0.00,0.00,0.00,354.30,354.30,0.00
Esprit Sushi Fribourg,Caisse principal 3,685,15/11/2020 15:45,Propriétaire,15/11/2020 22:14,Propriétaire,549.90,29.50,0.00,0.00,300.00,279.40,279.40,0.00
Esprit Sushi Fribourg,SamsungA40,116,15/11/2020 22:12,Propriétaire,15/11/2020 22:12,Propriétaire,582.30,0.00,0.00,0.00,300.00,282.30,282.30,0.00
Esprit Sushi Fribourg,SamsungA40,115,15/11/2020 18:05,Propriétaire,15/11/2020 21:02,Propriétaire,516.30,66.00,0.00,0.00,0.00,582.30,582.30,0.00
Esprit Sushi Fribourg,SamsungA40,114,14/11/2020 16:48,Propriétaire,15/11/2020 18:05,Propriétaire,722.60,93.70,0.00,0.00,300.00,516.30,516.30,0.00
Esprit Sushi Fribourg,Caisse principal 3,684,14/11/2020 16:49,Propriétaire,14/11/2020 22:02,Propriétaire,492.40,57.50,0.00,0.00,0.00,549.90,549.90,0.00
Esprit Sushi Fribourg,Caisse principal 3,683,13/11/2020 15:36,Propriétaire,13/11/2020 22:28,Propriétaire,320.50,171.90,0.00,0.00,0.00,492.40,492.40,0.00
Esprit Sushi Fribourg,SamsungA40,113,13/11/2020 17:38,Propriétaire,13/11/2020 21:40,Propriétaire,463.70,258.90,0.00,0.00,0.00,722.60,722.60,0.00
Esprit Sushi Fribourg,Caisse principal 3,682,12/11/2020 15:11,Propriétaire,12/11/2020 21:48,Propriétaire,308.50,12.00,0.00,0.00,0.00,320.50,320.50,0.00
Esprit Sushi Fribourg,SamsungA40,112,12/11/2020 17:38,Propriétaire,12/11/2020 21:37,Propriétaire,539.20,74.50,0.00,0.00,150.00,463.70,463.70,0.00
Esprit Sushi Fribourg,Caisse principal 3,681,11/11/2020 15:34,Propriétaire,11/11/2020 22:37,Propriétaire,383.50,75.00,0.00,0.00,150.00,308.50,308.50,0.00
Esprit Sushi Fribourg,SamsungA40,111,11/11/2020 17:58,Propriétaire,11/11/2020 21:27,Propriétaire,455.70,83.50,0.00,0.00,0.00,539.20,539.20,0.00
Esprit Sushi Fribourg,Caisse principal 3,680,10/11/2020 14:43,Propriétaire,11/11/2020 15:34,Propriétaire,285.00,78.50,0.00,20.00,0.00,383.50,383.50,0.00
Esprit Sushi Fribourg,SamsungA40,110,10/11/2020 17:52,Propriétaire,10/11/2020 21:28,Propriétaire,375.20,80.50,0.00,0.00,0.00,455.70,455.70,0.00
Esprit Sushi Fribourg,Caisse principal 3,679,08/11/2020 22:33,Propriétaire,08/11/2020 22:33,Propriétaire,1055.00,0.00,0.00,0.00,770.00,285.00,285.00,0.00
Esprit Sushi Fribourg,Caisse principal 3,678,08/11/2020 15:25,Propriétaire,08/11/2020 21:46,Propriétaire,984.60,70.40,0.00,0.00,0.00,1055.00,1055.00,0.00
Esprit Sushi Fribourg,SamsungA40,109,08/11/2020 18:04,Propriétaire,08/11/2020 21:30,Propriétaire,359.20,16.00,0.00,0.00,0.00,375.20,375.20,0.00
Esprit Sushi Fribourg,SamsungA40,108,07/11/2020 22:43,Propriétaire,07/11/2020 22:44,Propriétaire,759.20,0.00,0.00,0.00,400.00,359.20,359.20,0.00
Esprit Sushi Fribourg,Caisse principal 3,677,07/11/2020 15:59,Propriétaire,07/11/2020 22:43,Propriétaire,536.50,48.10,0.00,400.00,0.00,984.60,984.60,0.00
Esprit Sushi Fribourg,SamsungA40,107,07/11/2020 17:42,Propriétaire,07/11/2020 22:06,Propriétaire,716.70,42.50,0.00,0.00,0.00,759.20,759.20,0.00
Esprit Sushi Fribourg,Caisse principal 3,676,06/11/2020 16:17,Propriétaire,06/11/2020 23:48,Propriétaire,409.70,126.80,0.00,0.00,0.00,536.50,536.50,0.00
Esprit Sushi Fribourg,SamsungA40,106,06/11/2020 17:59,Propriétaire,06/11/2020 21:54,Propriétaire,538.10,178.60,0.00,0.00,0.00,716.70,716.70,0.00
Esprit Sushi Fribourg,Caisse principal 3,675,05/11/2020 14:57,Propriétaire,05/11/2020 23:20,Propriétaire,328.20,101.50,0.00,0.00,20.00,409.70,409.70,0.00
Esprit Sushi Fribourg,SamsungA40,105,05/11/2020 17:52,Propriétaire,05/11/2020 21:29,Propriétaire,427.40,110.70,0.00,0.00,0.00,538.10,538.10,0.00
Esprit Sushi Fribourg,Caisse principal 3,674,04/11/2020 16:24,Propriétaire,05/11/2020 14:57,Propriétaire,278.70,49.50,0.00,0.00,0.00,328.20,328.20,0.00
Esprit Sushi Fribourg,SamsungA40,104,04/11/2020 16:24,Propriétaire,04/11/2020 21:43,Propriétaire,498.90,108.50,0.00,0.00,180.00,427.40,427.40,0.00
Esprit Sushi Fribourg,Caisse principal 3,673,03/11/2020 17:32,Propriétaire,03/11/2020 23:36,Propriétaire,261.20,17.50,0.00,0.00,0.00,278.70,278.70,0.00
Esprit Sushi Fribourg,SamsungA40,103,03/11/2020 18:25,Propriétaire,03/11/2020 21:34,Propriétaire,317.40,181.50,0.00,0.00,0.00,498.90,498.90,0.00
Esprit Sushi Fribourg,Caisse principal 3,672,31/10/2020 19:56,Propriétaire,01/11/2020 22:30,Propriétaire,0.00,128.70,0.00,692.50,560.00,261.20,261.20,0.00
Esprit Sushi Fribourg,SamsungA40,102,01/11/2020 22:29,Propriétaire,01/11/2020 22:29,Propriétaire,567.40,0.00,0.00,0.00,250.00,317.40,317.40,0.00
Esprit Sushi Fribourg,SamsungA40,101,01/11/2020 17:55,Propriétaire,01/11/2020 21:31,Propriétaire,490.50,76.90,0.00,0.00,0.00,567.40,567.40,0.00
Esprit Sushi Fribourg,SamsungA40,100,31/10/2020 17:52,Propriétaire,31/10/2020 21:58,Propriétaire,388.00,102.50,0.00,0.00,0.00,490.50,490.50,0.00
Esprit Sushi Fribourg,Caisse principal 3,671,30/10/2020 17:02,Propriétaire,30/10/2020 22:22,Propriétaire,712.50,0.00,0.00,0.00,20.00,692.50,692.50,0.00
Esprit Sushi Fribourg,SamsungA40,99,30/10/2020 17:54,Propriétaire,30/10/2020 21:33,Propriétaire,338.00,54.50,0.00,0.00,4.50,388.00,388.00,0.00
Esprit Sushi Fribourg,Caisse principal 3,670,29/10/2020 16:07,Propriétaire,30/10/2020 17:02,Propriétaire,372.50,40.00,0.00,300.00,0.00,712.50,712.50,0.00
Esprit Sushi Fribourg,SamsungA40,98,29/10/2020 18:02,Propriétaire,29/10/2020 22:25,Propriétaire,505.20,136.90,0.00,0.00,304.10,338.00,338.00,0.00
Esprit Sushi Fribourg,Caisse principal 3,669,28/10/2020 17:44,Propriétaire,29/10/2020 16:07,Propriétaire,0.00,0.00,0.00,372.50,0.00,372.50,372.50,0.00
Esprit Sushi Fribourg,SamsungA40,97,28/10/2020 17:42,Propriétaire,28/10/2020 21:50,Propriétaire,395.70,109.50,0.00,0.00,0.00,505.20,505.20,0.00
Esprit Sushi Fribourg,Caisse principal 3,668,27/10/2020 16:18,Propriétaire,27/10/2020 22:35,Propriétaire,339.00,33.50,0.00,0.00,0.00,372.50,372.50,0.00
Esprit Sushi Fribourg,SamsungA40,96,27/10/2020 17:49,Propriétaire,27/10/2020 21:40,Propriétaire,299.70,96.00,0.00,0.00,0.00,395.70,395.70,0.00
Esprit Sushi Fribourg,SamsungA40,95,25/10/2020 22:59,Propriétaire,25/10/2020 23:00,Propriétaire,689.70,0.00,0.00,0.00,390.00,299.70,299.70,0.00
Esprit Sushi Fribourg,Caisse principal 3,667,25/10/2020 16:33,Propriétaire,25/10/2020 22:52,Propriétaire,474.00,75.00,0.00,0.00,210.00,339.00,339.00,0.00
Esprit Sushi Fribourg,SamsungA40,94,25/10/2020 18:11,Propriétaire,25/10/2020 21:42,Propriétaire,544.20,145.50,0.00,0.00,0.00,689.70,689.70,0.00
Esprit Sushi Fribourg,Caisse principal 3,666,22/10/2020 16:55,Propriétaire,25/10/2020 17:33,Propriétaire,0.00,247.40,0.00,286.60,60.00,474.00,474.00,0.00
Esprit Sushi Fribourg,SamsungA40,93,23/10/2020 18:08,Propriétaire,24/10/2020 21:30,Propriétaire,410.00,142.10,0.00,0.00,8.00,544.10,544.10,0.00
Esprit Sushi Fribourg,Caisse principal 3,665,20/10/2020 15:54,Propriétaire,21/10/2020 22:41,Propriétaire,294.10,246.05,0.00,0.00,0.00,540.15,540.15,0.00
Esprit Sushi Fribourg,SamsungA40,92,21/10/2020 18:24,Propriétaire,21/10/2020 21:34,Propriétaire,402.00,0.00,0.00,0.00,0.00,402.00,402.00,0.00
Esprit Sushi Fribourg,SamsungA40,91,20/10/2020 15:53,Propriétaire,20/10/2020 21:03,Propriétaire,679.00,23.00,0.00,0.00,300.00,402.00,402.00,0.00
Esprit Sushi Fribourg,Caisse principal 3,664,16/10/2020 16:32,Propriétaire,18/10/2020 23:24,Propriétaire,430.60,183.50,0.00,0.00,320.00,294.10,294.10,0.00
Esprit Sushi Fribourg,SamsungA40,90,18/10/2020 18:27,Propriétaire,18/10/2020 21:44,Propriétaire,679.00,0.00,0.00,0.00,0.00,679.00,679.00,0.00
Esprit Sushi Fribourg,SamsungA40,89,17/10/2020 21:57,Propriétaire,17/10/2020 21:57,Propriétaire,0.00,0.00,0.00,0.00,0.00,0.00,0.00,0.00
Esprit Sushi Fribourg,SamsungA40,88,17/10/2020 18:25,Propriétaire,17/10/2020 21:56,Propriétaire,542.30,136.70,0.00,0.00,0.00,679.00,679.00,0.00
Esprit Sushi Fribourg,SamsungA40,87,16/10/2020 17:43,Propriétaire,16/10/2020 21:27,Propriétaire,468.30,74.00,0.00,0.00,0.00,542.30,542.30,0.00
Esprit Sushi Fribourg,Caisse principal 3,663,13/10/2020 16:00,Propriétaire,15/10/2020 22:47,Propriétaire,323.10,107.50,0.00,0.00,0.00,430.60,430.60,0.00
Esprit Sushi Fribourg,SamsungA40,86,15/10/2020 17:44,Propriétaire,15/10/2020 21:37,Propriétaire,377.80,90.50,0.00,0.00,0.00,468.30,468.30,0.00
Esprit Sushi Fribourg,SamsungA40,85,14/10/2020 18:02,Propriétaire,14/10/2020 21:46,Propriétaire,377.80,0.00,0.00,0.00,0.00,377.80,377.80,0.00
Esprit Sushi Fribourg,SamsungA40,84,13/10/2020 15:08,Propriétaire,13/10/2020 21:05,Propriétaire,677.80,0.00,0.00,0.00,300.00,377.80,377.80,0.00
Esprit Sushi Fribourg,Caisse principal 3,662,06/10/2020 15:58,Propriétaire,11/10/2020 23:17,Propriétaire,315.60,7.50,0.00,0.00,0.00,323.10,323.10,0.00
Esprit Sushi Fribourg,SamsungA40,83,11/10/2020 17:42,Propriétaire,11/10/2020 21:38,Propriétaire,570.80,119.00,0.00,0.00,12.00,677.80,677.80,0.00
Esprit Sushi Fribourg,SamsungA40,82,10/10/2020 17:48,Propriétaire,10/10/2020 21:39,Propriétaire,477.30,93.50,0.00,0.00,0.00,570.80,570.80,0.00
Esprit Sushi Fribourg,SamsungA40,81,09/10/2020 17:56,Propriétaire,09/10/2020 21:51,Propriétaire,383.30,94.00,0.00,0.00,0.00,477.30,477.30,0.00
Esprit Sushi Fribourg,SamsungA40,80,08/10/2020 22:26,Propriétaire,08/10/2020 22:26,Propriétaire,483.30,0.00,0.00,0.00,100.00,383.30,383.30,0.00
Esprit Sushi Fribourg,SamsungA40,79,08/10/2020 18:19,Propriétaire,08/10/2020 21:29,Propriétaire,483.30,0.00,0.00,0.00,0.00,483.30,483.30,0.00
Esprit Sushi Fribourg,SamsungA40,78,07/10/2020 18:00,Propriétaire,07/10/2020 21:31,Propriétaire,446.80,36.50,0.00,0.00,0.00,483.30,483.30,0.00
Esprit Sushi Fribourg,SamsungA40,77,06/10/2020 18:03,Propriétaire,06/10/2020 21:20,Propriétaire,418.30,28.50,0.00,0.00,0.00,446.80,446.80,0.00
Esprit Sushi Fribourg,Caisse principal 3,661,03/10/2020 16:58,Propriétaire,04/10/2020 23:21,Propriétaire,307.60,18.00,0.00,10.00,20.00,315.60,315.60,0.00
Esprit Sushi Fribourg,SamsungA40,76,04/10/2020 17:44,Propriétaire,04/10/2020 21:43,Propriétaire,581.30,137.00,0.00,300.00,600.00,418.30,418.30,0.00
Esprit Sushi Fribourg,SamsungA40,75,03/10/2020 17:58,Propriétaire,03/10/2020 21:43,Propriétaire,615.90,165.40,0.00,0.00,200.00,581.30,581.30,0.00
Esprit Sushi Fribourg,Caisse principal 3,660,02/10/2020 16:13,Propriétaire,02/10/2020 23:01,Propriétaire,345.70,161.90,0.00,0.00,200.00,307.60,307.60,0.00
Esprit Sushi Fribourg,SamsungA40,74,02/10/2020 18:09,Propriétaire,02/10/2020 21:47,Propriétaire,464.90,151.00,0.00,0.00,0.00,615.90,615.90,0.00
Esprit Sushi Fribourg,Caisse principal 3,659,01/10/2020 16:31,Propriétaire,01/10/2020 22:57,Propriétaire,360.70,55.00,0.00,0.00,70.00,345.70,345.70,0.00
Esprit Sushi Fribourg,SamsungA40,73,01/10/2020 19:19,Propriétaire,01/10/2020 21:40,Propriétaire,369.70,130.70,35.50,0.00,0.00,464.90,464.90,0.00
Esprit Sushi Fribourg,SamsungA40,72,01/10/2020 18:15,Propriétaire,01/10/2020 19:19,Propriétaire,360.70,0.00,0.00,0.00,0.00,360.70,360.70,0.00
Esprit Sushi Fribourg,Caisse principal 3,658,30/09/2020 17:21,Propriétaire,30/09/2020 23:05,Propriétaire,466.70,44.00,0.00,0.00,150.00,360.70,360.70,0.00
Esprit Sushi Fribourg,SamsungA40,71,30/09/2020 23:04,Propriétaire,30/09/2020 23:04,Propriétaire,569.20,0.00,0.00,0.00,200.00,369.20,369.20,0.00
Esprit Sushi Fribourg,SamsungA40,70,30/09/2020 17:55,Propriétaire,30/09/2020 22:28,Propriétaire,404.70,164.50,0.00,0.00,0.00,569.20,569.20,0.00
Esprit Sushi Fribourg,Caisse principal 3,657,29/09/2020 16:47,Propriétaire,29/09/2020 22:39,Propriétaire,341.70,125.00,0.00,0.00,0.00,466.70,466.70,0.00
Esprit Sushi Fribourg,SamsungA40,69,29/09/2020 16:30,Propriétaire,29/09/2020 21:30,Propriétaire,852.70,2.00,0.00,0.00,450.00,404.70,404.70,0.00
Esprit Sushi Fribourg,Caisse principal 3,656,25/09/2020 17:11,Propriétaire,27/09/2020 22:14,Propriétaire,336.40,205.30,0.00,0.00,200.00,341.70,341.70,0.00
Esprit Sushi Fribourg,SamsungA40,68,27/09/2020 18:21,Propriétaire,27/09/2020 21:36,Propriétaire,705.20,147.50,0.00,0.00,0.00,852.70,852.70,0.00
Esprit Sushi Fribourg,SamsungA40,67,26/09/2020 18:13,Propriétaire,26/09/2020 21:37,Propriétaire,531.80,173.40,0.00,0.00,0.00,705.20,705.20,0.00
Esprit Sushi Fribourg,SamsungA40,66,25/09/2020 15:03,Propriétaire,25/09/2020 23:01,Propriétaire,682.70,149.10,0.00,0.00,300.00,531.80,531.80,0.00
Esprit Sushi Fribourg,Caisse principal 3,655,23/09/2020 16:27,Propriétaire,24/09/2020 23:09,Propriétaire,381.50,169.90,15.00,0.00,200.00,336.40,336.40,0.00
Esprit Sushi Fribourg,SamsungA40,65,24/09/2020 18:16,Propriétaire,24/09/2020 21:35,Propriétaire,630.70,52.00,0.00,0.00,0.00,682.70,682.70,0.00
Esprit Sushi Fribourg,SamsungA40,64,23/09/2020 17:51,Propriétaire,23/09/2020 21:31,Propriétaire,389.30,241.40,0.00,0.00,0.00,630.70,630.70,0.00
Esprit Sushi Fribourg,Caisse principal 3,654,22/09/2020 14:56,Propriétaire,23/09/2020 16:26,Propriétaire,333.50,48.00,0.00,0.00,0.00,381.50,381.50,0.00
Esprit Sushi Fribourg,SamsungA40,63,22/09/2020 15:02,Propriétaire,22/09/2020 21:00,Propriétaire,779.30,0.00,0.00,0.00,390.00,389.30,389.30,0.00
Esprit Sushi Fribourg,Caisse principal 3,653,15/09/2020 16:35,Propriétaire,22/09/2020 14:56,Propriétaire,316.00,331.00,0.00,0.00,313.50,333.50,333.50,0.00
Esprit Sushi Fribourg,SamsungA40,62,20/09/2020 18:05,Propriétaire,20/09/2020 22:06,Propriétaire,745.30,34.00,0.00,0.00,0.00,779.30,779.30,0.00
Esprit Sushi Fribourg,SamsungA40,61,19/09/2020 22:06,Propriétaire,19/09/2020 22:19,Propriétaire,526.30,125.50,0.00,93.50,0.00,745.30,745.30,0.00
Esprit Sushi Fribourg,SamsungA40,60,18/09/2020 17:52,Propriétaire,18/09/2020 21:31,Propriétaire,739.50,136.80,0.00,0.00,350.00,526.30,526.30,0.00
Esprit Sushi Fribourg,SamsungA40,59,17/09/2020 18:00,Propriétaire,17/09/2020 21:31,Propriétaire,647.00,92.50,0.00,0.00,0.00,739.50,739.50,0.00
Esprit Sushi Fribourg,SamsungA40,58,16/09/2020 17:55,Propriétaire,16/09/2020 21:32,Propriétaire,461.10,195.90,0.00,0.00,0.00,657.00,657.00,0.00
Esprit Sushi Fribourg,SamsungA40,57,15/09/2020 17:34,Propriétaire,15/09/2020 21:44,Propriétaire,388.60,72.50,0.00,0.00,0.00,461.10,461.10,0.00
Esprit Sushi Fribourg,SamsungA40,56,15/09/2020 17:34,Propriétaire,15/09/2020 17:34,Propriétaire,0.00,0.00,0.00,0.00,0.00,0.00,0.00,0.00
Esprit Sushi Fribourg,Caisse principal 3,652,13/09/2020 15:52,Propriétaire,14/09/2020 16:50,Propriétaire,621.00,15.00,0.00,0.00,320.00,316.00,316.00,0.00
Esprit Sushi Fribourg,SamsungA40,55,14/09/2020 16:46,Propriétaire,14/09/2020 16:46,Propriétaire,928.60,0.00,0.00,0.00,540.00,388.60,388.60,0.00
Esprit Sushi Fribourg,SamsungA40,54,13/09/2020 17:59,Propriétaire,13/09/2020 22:16,Propriétaire,756.10,172.50,0.00,0.00,0.00,928.60,928.60,0.00
Esprit Sushi Fribourg,Caisse principal 3,651,11/09/2020 16:24,Propriétaire,12/09/2020 21:45,Propriétaire,553.00,120.00,52.00,0.00,0.00,621.00,621.00,0.00
Esprit Sushi Fribourg,SamsungA40,53,12/09/2020 17:51,Propriétaire,12/09/2020 21:34,Propriétaire,682.60,73.50,0.00,0.00,0.00,756.10,756.10,0.00
Esprit Sushi Fribourg,SamsungA40,52,11/09/2020 18:21,Propriétaire,11/09/2020 21:33,Propriétaire,554.10,128.50,0.00,0.00,0.00,682.60,682.60,0.00
Esprit Sushi Fribourg,Caisse principal 3,650,10/09/2020 17:16,Propriétaire,11/09/2020 16:23,Propriétaire,508.10,44.90,0.00,0.00,0.00,553.00,553.00,0.00
Esprit Sushi Fribourg,SamsungA40,51,10/09/2020 18:04,Propriétaire,10/09/2020 21:48,Propriétaire,486.10,69.50,0.00,0.00,1.50,554.10,554.10,0.00
Esprit Sushi Fribourg,Caisse principal 3,649,09/09/2020 19:33,Propriétaire,10/09/2020 17:16,Propriétaire,0.00,14.50,0.00,493.60,0.00,508.10,508.10,0.00
Esprit Sushi Fribourg,SamsungA40,50,09/09/2020 18:19,Propriétaire,09/09/2020 21:23,Propriétaire,414.60,71.50,0.00,0.00,0.00,486.10,486.10,0.00
Esprit Sushi Fribourg,Caisse principal 3,648,07/09/2020 10:49,Propriétaire,08/09/2020 22:19,Propriétaire,586.60,117.00,0.00,0.00,210.00,493.60,493.60,0.00
Esprit Sushi Fribourg,SamsungA40,49,08/09/2020 17:46,Propriétaire,08/09/2020 21:32,Propriétaire,350.10,64.50,0.00,0.00,0.00,414.60,414.60,0.00
Esprit Sushi Fribourg,SamsungA40,48,07/09/2020 10:45,Propriétaire,08/09/2020 17:46,Propriétaire,851.10,0.00,0.00,0.00,500.00,351.10,351.10,0.00
Esprit Sushi Fribourg,SamsungA40,47,06/09/2020 17:58,Propriétaire,07/09/2020 10:45,Propriétaire,756.10,95.00,0.00,0.00,0.00,851.10,851.10,0.00
Esprit Sushi Fribourg,Caisse principal 3,647,06/09/2020 18:11,Propriétaire,06/09/2020 21:16,Propriétaire,0.00,0.00,0.00,0.00,0.00,0.00,0.00,0.00
Esprit Sushi Fribourg,Sunmi,1,21/08/2020 12:09,Propriétaire,05/09/2020 21:55,Propriétaire,0.00,9.00,0.00,0.00,0.00,9.00,9.00,0.00
Esprit Sushi Fribourg,SamsungA40,46,05/09/2020 17:43,Propriétaire,05/09/2020 21:40,Propriétaire,723.10,33.00,0.00,0.00,0.00,756.10,756.10,0.00
Esprit Sushi Fribourg,Caisse principal 3,646,02/09/2020 16:51,Propriétaire,05/09/2020 21:05,Propriétaire,418.10,209.50,0.00,50.00,100.00,577.60,577.60,0.00
Esprit Sushi Fribourg,SamsungA40,45,04/09/2020 18:02,Propriétaire,04/09/2020 21:30,Propriétaire,667.90,55.20,0.00,0.00,0.00,723.10,723.10,0.00
Esprit Sushi Fribourg,SamsungA40,44,03/09/2020 17:57,Propriétaire,03/09/2020 21:36,Propriétaire,528.20,139.70,0.00,0.00,0.00,667.90,667.90,0.00
Esprit Sushi Fribourg,SamsungA40,43,02/09/2020 17:33,Propriétaire,02/09/2020 21:31,Propriétaire,551.70,26.50,0.00,0.00,50.00,528.20,528.20,0.00
Esprit Sushi Fribourg,SamsungA40,42,01/09/2020 18:29,Propriétaire,02/09/2020 17:26,Propriétaire,396.20,155.50,0.00,0.00,0.00,551.70,551.70,0.00
Esprit Sushi Fribourg,Caisse principal 3,645,01/09/2020 16:15,Propriétaire,01/09/2020 23:04,Propriétaire,418.10,0.00,0.00,0.00,0.00,418.10,418.10,0.00
Esprit Sushi Fribourg,Caisse principal 3,644,30/08/2020 16:06,Propriétaire,01/09/2020 16:15,Propriétaire,1100.40,67.70,0.00,0.00,750.00,418.10,418.10,0.00
Esprit Sushi Fribourg,SamsungA40,41,31/08/2020 20:09,Propriétaire,31/08/2020 20:09,Propriétaire,736.20,0.00,0.00,0.00,340.00,396.20,396.20,0.00
Esprit Sushi Fribourg,SamsungA40,40,30/08/2020 18:12,Propriétaire,30/08/2020 22:30,Propriétaire,610.70,126.00,0.00,0.00,0.50,736.20,736.20,0.00
Esprit Sushi Fribourg,Caisse principal 3,643,29/08/2020 13:48,Propriétaire,29/08/2020 22:05,Propriétaire,1100.40,0.00,0.00,0.00,0.00,1100.40,1100.40,0.00
Esprit Sushi Fribourg,SamsungA40,39,29/08/2020 17:33,Propriétaire,29/08/2020 21:36,Propriétaire,459.30,151.40,0.00,0.00,0.00,610.70,610.70,0.00
Esprit Sushi Fribourg,Caisse principal 3,642,28/08/2020 16:39,Propriétaire,29/08/2020 13:48,Propriétaire,600.40,0.00,0.00,500.00,0.00,1100.40,1100.40,0.00
Esprit Sushi Fribourg,SamsungA40,38,28/08/2020 17:55,Propriétaire,28/08/2020 22:15,Propriétaire,723.40,235.90,0.00,0.00,500.00,459.30,459.30,0.00
Esprit Sushi Fribourg,Caisse principal 3,641,27/08/2020 17:13,Propriétaire,27/08/2020 22:04,Propriétaire,583.20,17.20,0.00,0.00,0.00,600.40,600.40,0.00
Esprit Sushi Fribourg,SamsungA40,37,27/08/2020 18:04,Propriétaire,27/08/2020 21:36,Propriétaire,487.50,235.90,0.00,0.00,0.00,723.40,723.40,0.00
Esprit Sushi Fribourg,SamsungA40,36,27/08/2020 14:10,Propriétaire,27/08/2020 18:04,Propriétaire,0.00,0.00,0.00,0.00,0.00,0.00,0.00,0.00
Esprit Sushi Fribourg,Caisse principal 3,640,26/08/2020 17:20,Propriétaire,26/08/2020 22:17,Propriétaire,583.20,0.00,0.00,0.00,0.00,583.20,583.20,0.00
Esprit Sushi Fribourg,SamsungA40,35,26/08/2020 18:02,Propriétaire,26/08/2020 21:29,Propriétaire,361.50,126.00,0.00,0.00,0.00,487.50,487.50,0.00
Esprit Sushi Fribourg,Caisse principal 3,639,20/08/2020 16:55,Propriétaire,26/08/2020 17:20,Propriétaire,407.50,177.70,0.00,0.00,2.00,583.20,583.20,0.00
Esprit Sushi Fribourg,SamsungA40,34,25/08/2020 16:14,Propriétaire,25/08/2020 21:56,Propriétaire,901.50,0.00,0.00,0.00,550.00,351.50,351.50,0.00
Esprit Sushi Fribourg,SamsungA40,33,24/08/2020 14:45,Propriétaire,25/08/2020 16:14,Propriétaire,0.00,0.00,0.00,0.00,0.00,0.00,0.00,0.00
Esprit Sushi Fribourg,SamsungA40,32,23/08/2020 17:56,Propriétaire,23/08/2020 21:51,Propriétaire,697.00,204.50,0.00,0.00,0.00,901.50,901.50,0.00
Esprit Sushi Fribourg,SamsungA40,31,22/08/2020 17:55,Propriétaire,22/08/2020 21:30,Propriétaire,649.00,48.00,0.00,0.00,0.00,697.00,697.00,0.00
Esprit Sushi Fribourg,SamsungA40,30,21/08/2020 17:59,Propriétaire,21/08/2020 22:08,Propriétaire,495.50,158.50,0.00,0.00,5.00,649.00,649.00,0.00
Esprit Sushi Fribourg,SamsungA40,29,20/08/2020 17:53,Propriétaire,20/08/2020 21:35,Propriétaire,379.00,116.50,0.00,0.00,0.00,495.50,495.50,0.00
Esprit Sushi Fribourg,Caisse principal 3,638,14/07/2020 12:35,Propriétaire,14/07/2020 12:39,Propriétaire,2696.60,0.00,0.00,0.00,2289.10,407.50,407.50,0.00
Esprit Sushi Fribourg,Caisse principal 3,637,12/07/2020 17:28,Propriétaire,12/07/2020 23:15,Propriétaire,2542.50,154.10,0.00,0.00,0.00,2696.60,2696.60,0.00
Esprit Sushi Fribourg,SamsungA40,28,12/07/2020 17:49,Propriétaire,12/07/2020 22:20,Propriétaire,512.60,40.50,0.00,0.00,0.00,553.10,553.10,0.00
Esprit Sushi Fribourg,Caisse principal 3,636,11/07/2020 15:54,Propriétaire,12/07/2020 17:27,Propriétaire,2142.50,0.00,0.00,400.00,0.00,2542.50,2542.50,0.00
Esprit Sushi Fribourg,SamsungA40,27,11/07/2020 17:53,Propriétaire,11/07/2020 21:30,Propriétaire,797.10,115.50,0.00,0.00,400.00,512.60,512.60,0.00
Esprit Sushi Fribourg,Caisse principal 3,635,10/07/2020 13:08,Propriétaire,11/07/2020 15:54,Propriétaire,2015.00,127.50,0.00,0.00,0.00,2142.50,2142.50,0.00
Esprit Sushi Fribourg,SamsungA40,26,10/07/2020 17:56,Propriétaire,10/07/2020 22:04,Propriétaire,605.20,191.90,0.00,0.00,0.00,797.10,797.10,0.00
Esprit Sushi Fribourg,Caisse principal 3,634,09/07/2020 15:27,Propriétaire,09/07/2020 22:29,Propriétaire,1978.00,37.00,0.00,0.00,0.00,2015.00,2015.00,0.00
Esprit Sushi Fribourg,SamsungA40,25,09/07/2020 18:07,Propriétaire,09/07/2020 21:40,Propriétaire,565.20,40.00,0.00,0.00,0.00,605.20,605.20,0.00
Esprit Sushi Fribourg,Caisse principal 3,633,07/07/2020 17:12,Propriétaire,09/07/2020 15:27,Propriétaire,1434.50,103.50,0.00,440.00,0.00,1978.00,1978.00,0.00
Esprit Sushi Fribourg,SamsungA40,24,08/07/2020 18:04,Propriétaire,08/07/2020 21:00,Propriétaire,682.20,323.00,0.00,0.00,440.00,565.20,565.20,0.00
Esprit Sushi Fribourg,SamsungA40,23,07/07/2020 18:52,Propriétaire,07/07/2020 22:17,Propriétaire,579.20,103.00,0.00,0.00,0.00,682.20,682.20,0.00
Esprit Sushi Fribourg,Caisse principal 3,632,06/07/2020 17:36,Propriétaire,07/07/2020 17:12,Propriétaire,1034.50,0.00,0.00,400.00,0.00,1434.50,1434.50,0.00
Esprit Sushi Fribourg,SamsungA40,22,06/07/2020 18:02,Propriétaire,06/07/2020 21:47,Propriétaire,805.80,173.40,0.00,0.00,400.00,579.20,579.20,0.00
Esprit Sushi Fribourg,Caisse principal 3,631,05/07/2020 16:54,Propriétaire,05/07/2020 22:19,Propriétaire,1004.60,29.90,0.00,0.00,0.00,1034.50,1034.50,0.00
Esprit Sushi Fribourg,SamsungA40,21,05/07/2020 18:12,Propriétaire,05/07/2020 22:15,Propriétaire,660.80,145.00,0.00,0.00,0.00,805.80,805.80,0.00
Esprit Sushi Fribourg,Caisse principal 3,630,04/07/2020 14:35,Propriétaire,04/07/2020 21:48,Propriétaire,784.60,0.00,0.00,220.00,0.00,1004.60,1004.60,0.00
Esprit Sushi Fribourg,SamsungA40,20,04/07/2020 18:13,Propriétaire,04/07/2020 21:34,Propriétaire,712.90,167.90,0.00,0.00,220.00,660.80,660.80,0.00
Esprit Sushi Fribourg,Caisse principal 3,629,03/07/2020 14:46,Propriétaire,04/07/2020 14:35,Propriétaire,639.70,144.90,0.00,0.00,0.00,784.60,784.60,0.00
Esprit Sushi Fribourg,SamsungA40,19,03/07/2020 18:15,Propriétaire,03/07/2020 22:04,Propriétaire,534.70,181.40,0.00,0.00,3.20,712.90,712.90,0.00
Esprit Sushi Fribourg,Caisse principal 3,628,02/07/2020 18:00,Propriétaire,02/07/2020 22:38,Propriétaire,2145.30,94.40,0.00,0.00,1600.00,639.70,639.70,0.00
Esprit Sushi Fribourg,SamsungA40,18,02/07/2020 17:53,Propriétaire,02/07/2020 21:31,Propriétaire,420.20,114.50,0.00,0.00,0.00,534.70,534.70,0.00
Esprit Sushi Fribourg,Caisse principal 3,627,01/07/2020 16:18,Propriétaire,01/07/2020 22:50,Propriétaire,2060.30,85.00,0.00,0.00,0.00,2145.30,2145.30,0.00
Esprit Sushi Fribourg,SamsungA40,17,01/07/2020 17:50,Propriétaire,01/07/2020 21:30,Propriétaire,391.20,29.00,0.00,0.00,0.00,420.20,420.20,0.00
Esprit Sushi Fribourg,Caisse principal 3,626,30/06/2020 15:56,Propriétaire,30/06/2020 22:00,Propriétaire,1637.40,22.90,0.00,400.00,0.00,2060.30,2060.30,0.00
Esprit Sushi Fribourg,SamsungA40,16,30/06/2020 17:55,Propriétaire,30/06/2020 21:31,Propriétaire,684.20,107.00,0.00,0.00,400.00,391.20,391.20,0.00
Esprit Sushi Fribourg,Caisse principal 3,625,29/06/2020 15:35,Propriétaire,30/06/2020 15:56,Propriétaire,1637.40,44.90,44.90,0.00,0.00,1637.40,1637.40,0.00
Esprit Sushi Fribourg,SamsungA40,15,29/06/2020 18:17,Propriétaire,29/06/2020 22:11,Propriétaire,586.70,97.50,0.00,0.00,0.00,684.20,684.20,0.00
Esprit Sushi Fribourg,SamsungA40,14,28/06/2020 17:54,Propriétaire,28/06/2020 21:53,Propriétaire,817.20,169.50,0.00,0.00,400.00,586.70,586.70,0.00
Esprit Sushi Fribourg,Caisse principal 3,624,28/06/2020 17:11,Propriétaire,28/06/2020 21:44,Propriétaire,1166.70,70.70,0.00,400.00,0.00,1637.40,1637.40,0.00
Esprit Sushi Fribourg,Caisse principal 3,623,27/06/2020 15:33,Propriétaire,28/06/2020 12:05,Propriétaire,1096.80,69.90,0.00,0.00,0.00,1166.70,1166.70,0.00
Esprit Sushi Fribourg,SamsungA40,13,27/06/2020 18:05,Propriétaire,27/06/2020 21:33,Propriétaire,624.30,192.90,0.00,0.00,0.00,817.20,817.20,0.00
Esprit Sushi Fribourg,Caisse principal 3,622,26/06/2020 17:09,Propriétaire,27/06/2020 15:33,Propriétaire,786.80,20.00,0.00,290.00,0.00,1096.80,1096.80,0.00
Esprit Sushi Fribourg,SamsungA40,12,26/06/2020 18:11,Propriétaire,26/06/2020 21:50,Propriétaire,698.90,215.40,0.00,0.00,290.00,624.30,624.30,0.00
Esprit Sushi Fribourg,Caisse principal 3,621,25/06/2020 17:09,Propriétaire,25/06/2020 23:58,Propriétaire,786.80,0.00,0.00,0.00,0.00,786.80,786.80,0.00
Esprit Sushi Fribourg,SamsungA40,11,25/06/2020 18:09,Propriétaire,25/06/2020 22:01,Propriétaire,454.40,244.50,0.00,0.00,0.00,698.90,698.90,0.00
Esprit Sushi Fribourg,Caisse principal 3,620,24/06/2020 16:16,Propriétaire,24/06/2020 23:58,Propriétaire,516.80,0.00,0.00,270.00,0.00,786.80,786.80,0.00
Esprit Sushi Fribourg,SamsungA40,10,24/06/2020 18:11,Propriétaire,24/06/2020 21:03,Propriétaire,724.40,0.00,0.00,0.00,270.00,454.40,454.40,0.00
Esprit Sushi Fribourg,Caisse principal 3,619,23/06/2020 17:49,Propriétaire,23/06/2020 23:59,Propriétaire,1166.80,0.00,0.00,0.00,650.00,516.80,516.80,0.00
Esprit Sushi Fribourg,SamsungA40,9,23/06/2020 17:58,Propriétaire,23/06/2020 21:30,Propriétaire,633.40,98.00,0.00,0.00,7.00,724.40,724.40,0.00
Esprit Sushi Fribourg,Caisse principal 3,618,22/06/2020 17:11,Propriétaire,22/06/2020 22:56,Propriétaire,1144.80,22.00,0.00,0.00,0.00,1166.80,1166.80,0.00
Esprit Sushi Fribourg,SamsungA40,8,22/06/2020 17:50,Propriétaire,22/06/2020 21:43,Propriétaire,481.90,151.50,0.00,0.00,0.00,633.40,633.40,0.00
Esprit Sushi Fribourg,Caisse principal 3,617,21/06/2020 14:43,Propriétaire,21/06/2020 22:39,Propriétaire,647.30,97.50,0.00,400.00,0.00,1144.80,1144.80,0.00
Esprit Sushi Fribourg,SamsungA40,7,21/06/2020 18:00,Propriétaire,21/06/2020 21:31,Propriétaire,848.90,33.00,0.00,0.00,400.00,481.90,481.90,0.00
Esprit Sushi Fribourg,Caisse principal 3,616,20/06/2020 16:30,Propriétaire,20/06/2020 21:57,Propriétaire,576.00,71.30,0.00,0.00,0.00,647.30,647.30,0.00
Esprit Sushi Fribourg,SamsungA40,6,20/06/2020 17:59,Propriétaire,20/06/2020 21:47,Propriétaire,821.40,27.50,0.00,0.00,0.00,848.90,848.90,0.00
Esprit Sushi Fribourg,Caisse principal 3,615,19/06/2020 17:06,Propriétaire,20/06/2020 11:29,Propriétaire,1256.00,20.00,0.00,0.00,700.00,576.00,576.00,0.00
Esprit Sushi Fribourg,SamsungA40,5,19/06/2020 17:54,Propriétaire,19/06/2020 21:50,Propriétaire,499.90,321.50,0.00,0.00,0.00,821.40,821.40,0.00
Esprit Sushi Fribourg,Caisse principal 3,614,18/06/2020 17:12,Propriétaire,18/06/2020 23:51,Propriétaire,1234.00,22.00,0.00,100.00,100.00,1256.00,1256.00,0.00
Esprit Sushi Fribourg,SamsungA40,4,18/06/2020 17:57,Propriétaire,18/06/2020 21:39,Propriétaire,542.15,59.85,0.00,0.00,102.10,499.90,499.90,0.00
Esprit Sushi Fribourg,Caisse principal 3,613,17/06/2020 16:42,Propriétaire,18/06/2020 00:29,Propriétaire,955.50,18.50,0.00,260.00,0.00,1234.00,1234.00,0.00
Esprit Sushi Fribourg,SamsungA40,3,17/06/2020 18:04,Propriétaire,17/06/2020 22:26,Propriétaire,699.65,102.50,0.00,0.00,260.00,542.15,542.15,0.00
Esprit Sushi Fribourg,Caisse principal 3,612,16/06/2020 17:04,Propriétaire,17/06/2020 16:40,Propriétaire,755.50,0.00,0.00,200.00,0.00,955.50,955.50,0.00
Esprit Sushi Fribourg,SamsungA40,2,16/06/2020 17:55,Propriétaire,16/06/2020 22:09,Propriétaire,635.15,367.50,103.00,0.00,200.00,699.65,699.65,0.00
Esprit Sushi Fribourg,Caisse principal 3,611,15/06/2020 16:02,Propriétaire,16/06/2020 17:04,Propriétaire,701.00,54.50,0.00,0.00,0.00,755.50,755.50,0.00
Esprit Sushi Fribourg,SamsungA40,1,15/06/2020 18:09,Propriétaire,15/06/2020 21:48,Propriétaire,453.15,182.50,0.00,0.00,0.00,635.65,635.65,0.00
Esprit Sushi Fribourg,Caisse principal 3,610,14/06/2020 13:36,Propriétaire,14/06/2020 22:10,Propriétaire,531.10,133.90,0.00,36.00,0.00,701.00,701.00,0.00
Esprit Sushi Fribourg,Caisse principal 3,609,13/06/2020 16:39,Propriétaire,14/06/2020 13:36,Propriétaire,2171.60,199.50,0.00,360.00,2200.00,531.10,531.10,0.00
Esprit Sushi Fribourg,Terminal mobile,697,13/06/2020 17:56,Propriétaire,13/06/2020 21:29,Propriétaire,668.65,144.50,0.00,0.00,360.00,453.15,453.15,0.00
Esprit Sushi Fribourg,Caisse principal 3,608,11/06/2020 15:56,Propriétaire,13/06/2020 02:03,Propriétaire,1514.60,57.00,0.00,600.00,0.00,2171.60,2171.60,0.00
Esprit Sushi Fribourg,Terminal mobile,696,12/06/2020 18:06,Propriétaire,12/06/2020 21:18,Propriétaire,478.15,190.50,0.00,0.00,0.00,668.65,668.65,0.00
Esprit Sushi Fribourg,Terminal mobile,695,11/06/2020 17:51,Propriétaire,11/06/2020 22:14,Propriétaire,905.95,172.20,0.00,0.00,600.00,478.15,478.15,0.00
Esprit Sushi Fribourg,Caisse principal 3,607,10/06/2020 16:48,Propriétaire,10/06/2020 23:39,Propriétaire,1492.60,22.00,0.00,0.00,0.00,1514.60,1514.60,0.00
Esprit Sushi Fribourg,Terminal mobile,694,10/06/2020 17:57,Propriétaire,10/06/2020 21:43,Propriétaire,686.45,219.50,0.00,0.00,0.00,905.95,905.95,0.00
Esprit Sushi Fribourg,Caisse principal 3,606,09/06/2020 16:24,Propriétaire,10/06/2020 16:48,Propriétaire,1474.60,18.00,0.00,0.00,0.00,1492.60,1492.60,0.00
Esprit Sushi Fribourg,Terminal mobile,693,09/06/2020 17:54,Propriétaire,09/06/2020 21:31,Propriétaire,536.55,149.90,0.00,0.00,0.00,686.45,686.45,0.00
Esprit Sushi Fribourg,Caisse principal 3,605,08/06/2020 17:23,Propriétaire,08/06/2020 22:42,Propriétaire,1474.60,0.00,0.00,0.00,0.00,1474.60,1474.60,0.00
Esprit Sushi Fribourg,Terminal mobile,692,08/06/2020 17:14,Propriétaire,08/06/2020 21:43,Propriétaire,441.15,99.50,0.00,0.00,4.10,536.55,536.55,0.00
Esprit Sushi Fribourg,Caisse principal 3,604,07/06/2020 15:49,Propriétaire,07/06/2020 22:08,Propriétaire,839.10,235.50,0.00,400.00,0.00,1474.60,1474.60,0.00
Esprit Sushi Fribourg,Terminal mobile,691,07/06/2020 17:52,Propriétaire,07/06/2020 21:34,Propriétaire,738.15,103.00,0.00,0.00,400.00,441.15,441.15,0.00
Esprit Sushi Fribourg,Terminal mobile,690,06/06/2020 17:51,Propriétaire,06/06/2020 21:57,Propriétaire,497.15,241.00,0.00,0.00,0.00,738.15,738.15,0.00
Esprit Sushi Fribourg,Caisse principal 3,603,06/06/2020 13:34,Propriétaire,06/06/2020 21:35,Propriétaire,1352.20,136.90,0.00,0.00,650.00,839.10,839.10,0.00
Esprit Sushi Fribourg,Caisse principal 3,602,05/06/2020 17:11,Propriétaire,06/06/2020 00:06,Propriétaire,728.90,123.30,0.00,500.00,0.00,1352.20,1352.20,0.00
Esprit Sushi Fribourg,Terminal mobile,689,05/06/2020 17:54,Propriétaire,05/06/2020 21:44,Propriétaire,859.15,138.00,0.00,0.00,500.00,497.15,497.15,0.00
Esprit Sushi Fribourg,Caisse principal 3,601,03/06/2020 15:23,Propriétaire,04/06/2020 23:01,Propriétaire,558.90,0.00,0.00,170.00,0.00,728.90,728.90,0.00
Esprit Sushi Fribourg,Terminal mobile,688,04/06/2020 17:49,Propriétaire,04/06/2020 21:48,Propriétaire,566.25,292.90,0.00,0.00,0.00,859.15,859.15,0.00
Esprit Sushi Fribourg,Terminal mobile,687,03/06/2020 18:01,Propriétaire,03/06/2020 21:29,Propriétaire,694.25,42.00,0.00,0.00,170.00,566.25,566.25,0.00
Esprit Sushi Fribourg,Caisse principal 3,600,02/06/2020 16:41,Propriétaire,02/06/2020 22:26,Propriétaire,540.90,18.00,0.00,0.00,0.00,558.90,558.90,0.00
Esprit Sushi Fribourg,Terminal mobile,686,02/06/2020 18:11,Propriétaire,02/06/2020 21:38,Propriétaire,557.05,137.20,0.00,0.00,0.00,694.25,694.25,0.00
Esprit Sushi Fribourg,Caisse principal 3,599,01/06/2020 09:23,Propriétaire,01/06/2020 09:24,Propriétaire,1770.90,0.00,0.00,0.00,1220.00,550.90,550.90,0.00
Esprit Sushi Fribourg,Caisse principal 3,598,01/06/2020 00:24,Propriétaire,01/06/2020 00:24,Propriétaire,0.00,0.00,0.00,0.00,0.00,0.00,0.00,0.00
Esprit Sushi Fribourg,Caisse principal 3,597,31/05/2020 14:48,Propriétaire,01/06/2020 00:24,Propriétaire,1615.90,155.00,0.00,0.00,0.00,1770.90,1770.90,0.00
Esprit Sushi Fribourg,Terminal mobile,685,31/05/2020 17:54,Propriétaire,31/05/2020 22:14,Propriétaire,452.55,104.50,0.00,0.00,0.00,557.05,557.05,0.00
Esprit Sushi Fribourg,Caisse principal 3,596,30/05/2020 14:16,Propriétaire,30/05/2020 22:43,Propriétaire,1348.50,80.20,12.80,400.00,200.00,1615.90,1615.90,0.00
Esprit Sushi Fribourg,Terminal mobile,684,30/05/2020 17:52,Propriétaire,30/05/2020 21:32,Propriétaire,652.45,202.90,0.00,0.00,402.80,452.55,452.55,0.00
Esprit Sushi Fribourg,Caisse principal 3,595,29/05/2020 17:26,Propriétaire,30/05/2020 00:29,Propriétaire,1288.10,60.50,0.00,0.00,1.10,1347.50,1347.50,0.00
Esprit Sushi Fribourg,Terminal mobile,683,29/05/2020 17:58,Propriétaire,29/05/2020 22:08,Propriétaire,609.45,43.00,0.00,0.00,0.00,652.45,652.45,0.00
Esprit Sushi Fribourg,Caisse principal 3,594,28/05/2020 17:51,Propriétaire,29/05/2020 17:26,Propriétaire,1157.10,131.00,0.00,0.00,0.00,1288.10,1288.10,0.00
Esprit Sushi Fribourg,Terminal mobile,682,28/05/2020 17:59,Propriétaire,28/05/2020 21:43,Propriétaire,513.45,96.00,0.00,0.00,0.00,609.45,609.45,0.00
Esprit Sushi Fribourg,Caisse principal 3,593,27/05/2020 11:32,Propriétaire,27/05/2020 23:07,Propriétaire,878.10,69.00,0.00,210.00,0.00,1157.10,1157.10,0.00
Esprit Sushi Fribourg,Terminal mobile,681,27/05/2020 17:58,Propriétaire,27/05/2020 21:39,Propriétaire,615.05,110.90,0.00,0.00,212.50,513.45,513.45,0.00
Esprit Sushi Fribourg,Caisse principal 3,592,26/05/2020 09:50,Propriétaire,26/05/2020 23:59,Propriétaire,860.10,18.00,0.00,0.00,0.00,878.10,878.10,0.00
Esprit Sushi Fribourg,Terminal mobile,680,26/05/2020 18:05,Propriétaire,26/05/2020 22:28,Propriétaire,538.05,80.50,0.00,0.00,3.50,615.05,615.05,0.00
Esprit Sushi Fribourg,Caisse principal 3,591,24/05/2020 12:42,Propriétaire,26/05/2020 09:48,Propriétaire,660.10,0.00,0.00,200.00,0.00,860.10,860.10,0.00
Esprit Sushi Fribourg,Terminal mobile,679,24/05/2020 17:52,Propriétaire,24/05/2020 21:34,Propriétaire,640.05,103.00,0.00,0.00,205.00,538.05,538.05,0.00
Esprit Sushi Fribourg,Caisse principal 3,590,24/05/2020 12:39,Propriétaire,24/05/2020 12:41,Propriétaire,0.00,0.00,0.00,0.00,0.00,0.00,0.00,0.00
Esprit Sushi Fribourg,Caisse principal 3,589,23/05/2020 13:28,Propriétaire,23/05/2020 22:15,Propriétaire,531.20,128.90,0.00,0.00,0.00,660.10,660.10,0.00
Esprit Sushi Fribourg,Terminal mobile,678,23/05/2020 17:22,Propriétaire,23/05/2020 21:36,Propriétaire,428.80,211.25,0.00,0.00,0.00,640.05,640.05,0.00
Esprit Sushi Fribourg,Caisse principal 3,588,22/05/2020 15:29,Propriétaire,23/05/2020 13:23,Propriétaire,731.20,10.00,0.00,290.00,500.00,531.20,531.20,0.00
Esprit Sushi Fribourg,Terminal mobile,677,22/05/2020 17:56,Propriétaire,22/05/2020 21:34,Propriétaire,718.80,0.00,0.00,0.00,290.00,428.80,428.80,0.00
Esprit Sushi Fribourg,Caisse principal 3,587,21/05/2020 16:57,Propriétaire,22/05/2020 00:02,Propriétaire,0.00,151.50,0.00,579.70,0.00,731.20,731.20,0.00
Esprit Sushi Fribourg,Terminal mobile,676,21/05/2020 17:51,Propriétaire,21/05/2020 21:32,Propriétaire,664.40,54.50,0.00,0.00,0.00,718.90,718.90,0.00
Esprit Sushi Fribourg,Caisse principal 3,586,20/05/2020 15:02,Propriétaire,20/05/2020 23:22,Propriétaire,931.30,148.40,0.00,0.00,500.00,579.70,579.70,0.00
Esprit Sushi Fribourg,Terminal mobile,675,20/05/2020 17:57,Propriétaire,20/05/2020 21:52,Propriétaire,666.40,0.00,0.00,0.00,2.00,664.40,664.40,0.00
Esprit Sushi Fribourg,Caisse principal 3,585,19/05/2020 15:35,Propriétaire,20/05/2020 15:02,Propriétaire,855.30,76.00,0.00,0.00,0.00,931.30,931.30,0.00
Esprit Sushi Fribourg,Terminal mobile,674,19/05/2020 17:56,Propriétaire,19/05/2020 21:38,Propriétaire,611.90,54.50,0.00,0.00,0.00,666.40,666.40,0.00
Esprit Sushi Fribourg,Caisse principal 3,584,17/05/2020 15:31,Propriétaire,17/05/2020 22:47,Propriétaire,735.80,119.50,0.00,0.00,0.00,855.30,855.30,0.00
Esprit Sushi Fribourg,Terminal mobile,673,17/05/2020 17:49,Propriétaire,17/05/2020 21:43,Propriétaire,493.50,118.40,0.00,0.00,0.00,611.90,611.90,0.00
Esprit Sushi Fribourg,Caisse principal 3,583,16/05/2020 13:21,Propriétaire,16/05/2020 22:29,Propriétaire,487.80,248.00,0.00,0.00,0.00,735.80,735.80,0.00
Esprit Sushi Fribourg,Terminal mobile,672,16/05/2020 17:55,Propriétaire,16/05/2020 22:00,Propriétaire,493.50,0.00,0.00,0.00,0.00,493.50,493.50,0.00
Esprit Sushi Fribourg,Caisse principal 3,582,15/05/2020 16:08,Propriétaire,16/05/2020 13:21,Propriétaire,1151.40,136.40,0.00,0.00,800.00,487.80,487.80,0.00
Esprit Sushi Fribourg,Terminal mobile,671,15/05/2020 17:52,Propriétaire,15/05/2020 21:30,Propriétaire,473.00,20.50,0.00,0.00,0.00,493.50,493.50,0.00
Esprit Sushi Fribourg,Caisse principal 3,581,14/05/2020 16:11,Propriétaire,15/05/2020 16:08,Propriétaire,1151.40,38.00,0.00,0.00,0.00,1189.40,1189.40,0.00
Esprit Sushi Fribourg,Terminal mobile,670,14/05/2020 17:46,Propriétaire,14/05/2020 22:17,Propriétaire,473.00,0.00,0.00,0.00,0.00,473.00,473.00,0.00
Esprit Sushi Fribourg,Terminal mobile,669,14/05/2020 17:45,Propriétaire,14/05/2020 17:45,Propriétaire,0.00,0.00,0.00,0.00,0.00,0.00,0.00,0.00
Esprit Sushi Fribourg,Caisse principal 3,580,13/05/2020 15:14,Propriétaire,13/05/2020 23:51,Propriétaire,1083.00,68.40,0.00,0.00,0.00,1151.40,1151.40,0.00
Esprit Sushi Fribourg,Terminal mobile,668,13/05/2020 17:57,Propriétaire,13/05/2020 21:39,Propriétaire,473.00,0.00,0.00,0.00,0.00,473.00,473.00,0.00
Esprit Sushi Fribourg,Caisse principal 3,579,12/05/2020 16:22,Propriétaire,13/05/2020 15:14,Propriétaire,691.90,61.00,0.00,330.10,0.00,1083.00,1083.00,0.00
Esprit Sushi Fribourg,Terminal mobile,667,12/05/2020 17:38,Propriétaire,12/05/2020 22:37,Propriétaire,720.10,83.00,0.00,0.00,330.10,473.00,473.00,0.00
Esprit Sushi Fribourg,Caisse principal 3,578,12/05/2020 16:05,Propriétaire,12/05/2020 16:22,Propriétaire,0.00,0.00,0.00,0.00,0.00,0.00,0.00,0.00
Esprit Sushi Fribourg,Caisse principal 3,577,10/05/2020 14:57,Propriétaire,10/05/2020 23:52,Propriétaire,0.00,332.40,0.00,0.00,0.00,332.40,332.40,0.00
Esprit Sushi Fribourg,Terminal mobile,666,10/05/2020 17:53,Propriétaire,10/05/2020 21:48,Propriétaire,682.60,37.50,0.00,0.00,0.00,720.10,720.10,0.00
Esprit Sushi Fribourg,Terminal mobile,665,10/05/2020 17:53,Propriétaire,10/05/2020 17:53,Propriétaire,0.00,0.00,0.00,0.00,0.00,0.00,0.00,0.00
Esprit Sushi Fribourg,Caisse principal 3,576,03/05/2020 14:09,Propriétaire,10/05/2020 00:25,Propriétaire,1452.30,907.20,0.00,700.00,2700.00,359.50,359.50,0.00
Esprit Sushi Fribourg,Terminal mobile,664,09/05/2020 18:06,Propriétaire,09/05/2020 21:44,Propriétaire,556.60,125.50,0.00,0.00,0.00,682.10,682.10,0.00
Esprit Sushi Fribourg,Terminal mobile,663,08/05/2020 17:52,Propriétaire,08/05/2020 23:21,Propriétaire,559.70,0.00,0.00,0.00,3.10,556.60,556.60,0.00
Esprit Sushi Fribourg,Terminal mobile,662,08/05/2020 17:52,Propriétaire,08/05/2020 17:52,Propriétaire,0.00,0.00,0.00,0.00,0.00,0.00,0.00,0.00
Esprit Sushi Fribourg,Terminal mobile,661,07/05/2020 18:02,Propriétaire,07/05/2020 21:49,Propriétaire,528.20,31.50,0.00,0.00,0.00,559.70,559.70,0.00
Esprit Sushi Fribourg,Terminal mobile,660,06/05/2020 17:49,Propriétaire,06/05/2020 21:47,Propriétaire,528.20,0.00,0.00,0.00,0.00,528.20,528.20,0.00
Esprit Sushi Fribourg,Terminal mobile,659,05/05/2020 17:54,Propriétaire,05/05/2020 22:00,Propriétaire,1122.20,106.00,0.00,0.00,700.00,528.20,528.20,0.00
Esprit Sushi Fribourg,Terminal mobile,658,03/05/2020 18:08,Propriétaire,05/05/2020 17:54,Propriétaire,865.30,256.90,0.00,0.00,0.00,1122.20,1122.20,0.00
Esprit Sushi Fribourg,Caisse principal 3,575,02/05/2020 15:12,Propriétaire,03/05/2020 14:09,Propriétaire,1187.40,264.90,0.00,0.00,0.00,1452.30,1452.30,0.00
Esprit Sushi Fribourg,Terminal mobile,657,02/05/2020 17:51,Propriétaire,02/05/2020 22:20,Propriétaire,735.30,130.00,0.00,0.00,0.00,865.30,865.30,0.00
Esprit Sushi Fribourg,Caisse principal 3,574,30/04/2020 16:16,Propriétaire,01/05/2020 22:45,Propriétaire,747.70,336.30,0.00,103.40,0.00,1187.40,1187.40,0.00
Esprit Sushi Fribourg,Terminal mobile,656,01/05/2020 17:50,Propriétaire,01/05/2020 21:31,Propriétaire,590.00,145.30,0.00,0.00,0.00,735.30,735.30,0.00
Esprit Sushi Fribourg,Terminal mobile,655,30/04/2020 17:48,Propriétaire,30/04/2020 22:01,Propriétaire,633.40,60.00,0.00,0.00,103.40,590.00,590.00,0.00
Esprit Sushi Fribourg,Terminal mobile,654,29/04/2020 17:46,Propriétaire,29/04/2020 22:55,Propriétaire,575.40,59.50,0.00,0.00,1.50,633.40,633.40,0.00
Esprit Sushi Fribourg,Caisse principal 3,573,23/04/2020 16:47,Propriétaire,29/04/2020 22:46,Propriétaire,623.10,1074.50,0.00,350.00,1300.00,747.60,747.60,0.00
Esprit Sushi Fribourg,Terminal mobile,653,28/04/2020 14:33,Propriétaire,28/04/2020 21:24,Propriétaire,836.40,39.00,0.00,0.00,300.00,575.40,575.40,0.00
Esprit Sushi Fribourg,Terminal mobile,652,26/04/2020 17:50,Propriétaire,26/04/2020 22:46,Propriétaire,678.20,160.20,0.00,0.00,2.00,836.40,836.40,0.00
Esprit Sushi Fribourg,Terminal mobile,651,25/04/2020 17:04,Propriétaire,25/04/2020 22:29,Propriétaire,560.30,128.35,0.00,0.00,10.45,678.20,678.20,0.00
Esprit Sushi Fribourg,Terminal mobile,650,23/04/2020 17:43,Propriétaire,24/04/2020 22:20,Propriétaire,639.50,309.40,0.00,0.00,388.60,560.30,560.30,0.00
Esprit Sushi Fribourg,Caisse principal 3,572,19/04/2020 15:40,Propriétaire,23/04/2020 16:47,Propriétaire,536.30,386.80,0.00,0.00,300.00,623.10,623.10,0.00
Esprit Sushi Fribourg,Terminal mobile,649,22/04/2020 17:53,Propriétaire,22/04/2020 22:05,Propriétaire,499.00,140.50,0.00,0.00,0.00,639.50,639.50,0.00
Esprit Sushi Fribourg,Terminal mobile,648,21/04/2020 15:20,Propriétaire,21/04/2020 22:16,Propriétaire,616.00,83.00,0.00,0.00,200.00,499.00,499.00,0.00
Esprit Sushi Fribourg,Terminal mobile,647,19/04/2020 17:46,Propriétaire,19/04/2020 22:39,Propriétaire,616.00,0.00,0.00,0.00,0.00,616.00,616.00,0.00
Esprit Sushi Fribourg,Caisse principal 3,571,14/04/2020 15:50,Propriétaire,19/04/2020 00:20,Propriétaire,319.90,737.60,21.20,500.00,1000.00,536.30,536.30,0.00
Esprit Sushi Fribourg,Terminal mobile,646,18/04/2020 18:09,Propriétaire,18/04/2020 22:27,Propriétaire,540.50,75.50,0.00,0.00,0.00,616.00,616.00,0.00
Esprit Sushi Fribourg,Terminal mobile,645,17/04/2020 17:52,Propriétaire,17/04/2020 22:11,Propriétaire,997.50,43.00,0.00,0.00,500.00,540.50,540.50,0.00
Esprit Sushi Fribourg,Terminal mobile,644,16/04/2020 17:59,Propriétaire,16/04/2020 22:11,Propriétaire,727.50,270.00,0.00,0.00,0.00,997.50,997.50,0.00
Esprit Sushi Fribourg,Terminal mobile,643,15/04/2020 17:56,Propriétaire,15/04/2020 22:24,Propriétaire,667.50,60.00,0.00,0.00,0.00,727.50,727.50,0.00
Esprit Sushi Fribourg,Terminal mobile,642,14/04/2020 15:53,Propriétaire,14/04/2020 22:13,Propriétaire,579.00,188.50,0.00,0.00,100.00,667.50,667.50,0.00
Esprit Sushi Fribourg,Caisse principal 3,570,12/04/2020 15:13,Propriétaire,12/04/2020 23:41,Propriétaire,0.00,0.00,0.00,1319.60,1000.00,319.60,319.60,0.00
Esprit Sushi Fribourg,Terminal mobile,641,12/04/2020 18:03,Propriétaire,12/04/2020 22:21,Propriétaire,902.50,129.00,0.00,100.00,552.50,579.00,579.00,0.00
Esprit Sushi Fribourg,Caisse principal 3,569,10/04/2020 16:46,Propriétaire,11/04/2020 23:50,Propriétaire,617.20,252.40,0.00,450.00,0.00,1319.60,1319.60,0.00
Esprit Sushi Fribourg,Terminal mobile,640,11/04/2020 17:55,Propriétaire,11/04/2020 22:17,Propriétaire,804.50,98.00,0.00,0.00,0.00,902.50,902.50,0.00
Esprit Sushi Fribourg,Terminal mobile,639,10/04/2020 17:52,Propriétaire,10/04/2020 22:07,Propriétaire,718.40,86.10,0.00,0.00,0.00,804.50,804.50,0.00
Esprit Sushi Fribourg,Caisse principal 3,568,09/04/2020 16:40,Propriétaire,10/04/2020 16:45,Propriétaire,542.30,74.90,0.00,0.00,0.00,617.20,617.20,0.00
Esprit Sushi Fribourg,Terminal mobile,638,09/04/2020 17:54,Propriétaire,09/04/2020 22:36,Propriétaire,650.00,68.40,0.00,0.00,0.00,718.40,718.40,0.00
Esprit Sushi Fribourg,Caisse principal 3,567,07/04/2020 17:59,Propriétaire,09/04/2020 00:37,Propriétaire,0.00,32.50,0.00,1409.80,900.00,542.30,542.30,0.00
Esprit Sushi Fribourg,Terminal mobile,637,08/04/2020 17:57,Propriétaire,08/04/2020 21:54,Propriétaire,578.00,73.50,0.00,0.00,1.50,650.00,650.00,0.00
Esprit Sushi Fribourg,Terminal mobile,636,07/04/2020 18:08,Propriétaire,07/04/2020 22:06,Propriétaire,424.10,153.90,0.00,0.00,0.00,578.00,578.00,0.00
Esprit Sushi Fribourg,Caisse principal 3,566,05/04/2020 15:56,Propriétaire,05/04/2020 22:15,Propriétaire,1230.40,179.40,0.00,0.00,0.00,1409.80,1409.80,0.00
Esprit Sushi Fribourg,Terminal mobile,635,05/04/2020 17:54,Propriétaire,05/04/2020 22:11,Propriétaire,530.60,97.00,0.00,0.00,3.50,624.10,624.10,0.00
Esprit Sushi Fribourg,Caisse principal 3,565,02/04/2020 16:02,Propriétaire,04/04/2020 22:41,Propriétaire,473.50,206.90,0.00,550.00,0.00,1230.40,1230.40,0.00
Esprit Sushi Fribourg,Terminal mobile,634,04/04/2020 17:49,Propriétaire,04/04/2020 22:35,Propriétaire,877.20,203.40,0.00,0.00,550.00,530.60,530.60,0.00
Esprit Sushi Fribourg,Terminal mobile,633,03/04/2020 17:51,Propriétaire,03/04/2020 22:28,Propriétaire,877.20,0.00,0.00,0.00,0.00,877.20,877.20,0.00
Esprit Sushi Fribourg,Terminal mobile,632,02/04/2020 17:54,Propriétaire,02/04/2020 22:32,Propriétaire,784.20,93.00,0.00,0.00,0.00,877.20,877.20,0.00
Esprit Sushi Fribourg,Caisse principal 3,564,01/04/2020 10:05,Propriétaire,02/04/2020 16:02,Propriétaire,444.50,32.00,0.00,0.00,3.00,473.50,473.50,0.00
Esprit Sushi Fribourg,Terminal mobile,631,01/04/2020 17:57,Propriétaire,01/04/2020 23:14,Propriétaire,714.80,69.40,0.00,0.00,0.00,784.20,784.20,0.00
Esprit Sushi Fribourg,Terminal mobile,630,29/03/2020 16:27,Propriétaire,01/04/2020 17:57,Propriétaire,0.00,0.00,0.00,0.00,0.00,0.00,0.00,0.00
Esprit Sushi Fribourg,Caisse principal 3,563,21/03/2020 16:12,Propriétaire,22/03/2020 00:37,Propriétaire,553.40,81.10,0.00,10.00,200.00,444.50,444.50,0.00
Esprit Sushi Fribourg,Terminal mobile,629,21/03/2020 17:54,Propriétaire,21/03/2020 22:36,Propriétaire,592.40,122.40,0.00,0.00,0.00,714.80,714.80,0.00
Esprit Sushi Fribourg,Terminal mobile,628,20/03/2020 18:08,Propriétaire,20/03/2020 22:22,Propriétaire,430.10,163.90,0.00,0.00,1.60,592.40,592.40,0.00
Esprit Sushi Fribourg,Caisse principal 3,562,20/03/2020 16:18,Propriétaire,20/03/2020 22:06,Propriétaire,526.40,27.00,0.00,0.00,0.00,553.40,553.40,0.00
Esprit Sushi Fribourg,Caisse principal 3,561,19/03/2020 17:07,Propriétaire,20/03/2020 16:18,Propriétaire,416.40,0.00,0.00,110.00,0.00,526.40,526.40,0.00
Esprit Sushi Fribourg,Terminal mobile,627,19/03/2020 18:08,Propriétaire,19/03/2020 21:56,Propriétaire,372.60,57.50,0.00,0.00,0.00,430.10,430.10,0.00
Esprit Sushi Fribourg,Caisse principal 3,560,18/03/2020 17:25,Propriétaire,18/03/2020 23:19,Propriétaire,1526.50,0.00,0.00,0.00,1110.00,416.50,416.50,0.00
Esprit Sushi Fribourg,Terminal mobile,626,18/03/2020 17:54,Propriétaire,18/03/2020 21:46,Propriétaire,372.60,0.00,0.00,0.00,0.00,372.60,372.60,0.00
Esprit Sushi Fribourg,Caisse principal 3,559,17/03/2020 15:06,Propriétaire,17/03/2020 23:00,Propriétaire,976.40,0.00,0.00,550.00,0.00,1526.40,1526.40,0.00
Esprit Sushi Fribourg,Terminal mobile,625,17/03/2020 18:02,Propriétaire,17/03/2020 21:31,Propriétaire,769.70,152.90,0.00,0.00,550.00,372.60,372.60,0.00
Esprit Sushi Fribourg,Caisse principal 3,558,16/03/2020 15:27,Propriétaire,16/03/2020 22:41,Propriétaire,956.40,20.00,0.00,0.00,0.00,976.40,976.40,0.00
Esprit Sushi Fribourg,Terminal mobile,624,16/03/2020 19:05,Propriétaire,16/03/2020 21:32,Propriétaire,597.80,171.90,0.00,0.00,0.00,769.70,769.70,0.00
Esprit Sushi Fribourg,Caisse principal 3,557,15/03/2020 13:36,Propriétaire,16/03/2020 00:00,Propriétaire,956.40,0.00,0.00,0.00,0.00,956.40,956.40,0.00
Esprit Sushi Fribourg,Terminal mobile,623,15/03/2020 18:04,Propriétaire,15/03/2020 21:52,Propriétaire,452.30,145.50,0.00,0.00,0.00,597.80,597.80,0.00
Esprit Sushi Fribourg,Caisse principal 3,556,14/03/2020 16:56,Propriétaire,15/03/2020 13:36,Propriétaire,609.40,97.00,0.00,300.00,50.00,956.40,956.40,0.00
Esprit Sushi Fribourg,Terminal mobile,622,14/03/2020 17:37,Propriétaire,14/03/2020 21:44,Propriétaire,646.90,106.50,0.00,0.00,301.10,452.30,452.30,0.00
Esprit Sushi Fribourg,Caisse principal 3,555,13/03/2020 16:42,Propriétaire,13/03/2020 21:46,Propriétaire,529.50,79.90,0.00,0.00,0.00,609.40,609.40,0.00
Esprit Sushi Fribourg,Terminal mobile,621,13/03/2020 17:57,Propriétaire,13/03/2020 21:31,Propriétaire,603.90,43.00,0.00,0.00,0.00,646.90,646.90,0.00
Esprit Sushi Fribourg,Caisse principal 3,554,12/03/2020 17:06,Propriétaire,12/03/2020 22:12,Propriétaire,444.50,85.00,0.00,0.00,0.00,529.50,529.50,0.00
Esprit Sushi Fribourg,Terminal mobile,620,12/03/2020 17:54,Propriétaire,12/03/2020 21:31,Propriétaire,485.10,118.80,0.00,0.00,0.00,603.90,603.90,0.00
Esprit Sushi Fribourg,Caisse principal 3,553,10/03/2020 15:34,Propriétaire,11/03/2020 22:22,Propriétaire,751.10,193.40,0.00,0.00,500.00,444.50,444.50,0.00
Esprit Sushi Fribourg,Terminal mobile,619,11/03/2020 21:31,Propriétaire,11/03/2020 21:31,Propriétaire,0.00,0.00,0.00,0.00,0.00,0.00,0.00,0.00
Esprit Sushi Fribourg,Terminal mobile,618,11/03/2020 18:01,Propriétaire,11/03/2020 21:31,Propriétaire,422.20,65.00,0.00,0.00,2.10,485.10,485.10,0.00
Esprit Sushi Fribourg,Terminal mobile,617,10/03/2020 17:54,Propriétaire,10/03/2020 21:29,Propriétaire,422.20,0.00,0.00,0.00,0.00,422.20,422.20,0.00
Esprit Sushi Fribourg,Caisse principal 3,552,09/03/2020 16:36,Propriétaire,09/03/2020 23:00,Propriétaire,438.60,112.50,0.00,200.00,0.00,751.10,751.10,0.00
Esprit Sushi Fribourg,Terminal mobile,616,09/03/2020 18:09,Propriétaire,09/03/2020 22:15,Propriétaire,622.70,0.00,0.00,0.00,200.00,422.70,422.70,0.00
Esprit Sushi Fribourg,Caisse principal 3,551,07/03/2020 13:55,Propriétaire,08/03/2020 23:30,Propriétaire,664.70,233.90,0.00,690.00,1150.00,438.60,438.60,0.00
Esprit Sushi Fribourg,Terminal mobile,615,08/03/2020 18:01,Propriétaire,08/03/2020 22:07,Propriétaire,410.00,212.70,0.00,0.00,0.00,622.70,622.70,0.00
Esprit Sushi Fribourg,Terminal mobile,614,06/03/2020 18:01,Propriétaire,07/03/2020 21:30,Propriétaire,598.60,501.40,0.00,0.00,690.00,410.00,410.00,0.00
Esprit Sushi Fribourg,Caisse principal 3,550,06/03/2020 15:22,Propriétaire,06/03/2020 21:33,Propriétaire,627.70,37.00,0.00,0.00,0.00,664.70,664.70,0.00
Esprit Sushi Fribourg,Caisse principal 3,549,05/03/2020 17:04,Propriétaire,06/03/2020 15:22,Propriétaire,585.20,42.50,0.00,0.00,0.00,627.70,627.70,0.00
Esprit Sushi Fribourg,Terminal mobile,613,05/03/2020 18:01,Propriétaire,05/03/2020 21:48,Propriétaire,475.60,123.00,0.00,0.00,0.00,598.60,598.60,0.00
Esprit Sushi Fribourg,Caisse principal 3,548,04/03/2020 16:19,Propriétaire,05/03/2020 17:04,Propriétaire,485.20,143.00,43.00,0.00,0.00,585.20,585.20,0.00
Esprit Sushi Fribourg,Terminal mobile,612,04/03/2020 17:40,Propriétaire,04/03/2020 23:20,Propriétaire,431.90,48.30,2.30,0.00,2.30,475.60,475.60,0.00
Esprit Sushi Fribourg,Caisse principal 3,547,03/03/2020 16:05,Propriétaire,03/03/2020 22:17,Propriétaire,436.70,48.50,0.00,0.00,0.00,485.20,485.20,0.00
Esprit Sushi Fribourg,Terminal mobile,611,03/03/2020 16:09,Propriétaire,03/03/2020 21:32,Propriétaire,492.90,39.00,0.00,0.00,100.00,431.90,431.90,0.00
Esprit Sushi Fribourg,Caisse principal 3,546,02/03/2020 14:41,Propriétaire,03/03/2020 16:05,Propriétaire,416.70,20.00,0.00,300.00,300.00,436.70,436.70,0.00
Esprit Sushi Fribourg,Terminal mobile,610,02/03/2020 17:57,Propriétaire,02/03/2020 21:33,Propriétaire,724.00,71.50,0.00,0.00,302.60,492.90,492.90,0.00
Esprit Sushi Fribourg,Caisse principal 3,545,01/03/2020 15:08,Propriétaire,02/03/2020 14:41,Propriétaire,605.20,171.50,0.00,200.00,560.00,416.70,416.70,0.00
Esprit Sushi Fribourg,Terminal mobile,609,01/03/2020 18:11,Propriétaire,01/03/2020 22:10,Propriétaire,673.90,250.10,0.00,0.00,200.00,724.00,724.00,0.00
Esprit Sushi Fribourg,Terminal mobile,608,29/02/2020 18:06,Propriétaire,29/02/2020 21:39,Propriétaire,569.90,104.00,0.00,0.00,0.00,673.90,673.90,0.00
Esprit Sushi Fribourg,Caisse principal 3,544,29/02/2020 15:32,Propriétaire,29/02/2020 21:38,Propriétaire,376.20,229.00,0.00,0.00,0.00,605.20,605.20,0.00
Esprit Sushi Fribourg,Terminal mobile,607,28/02/2020 18:39,Propriétaire,28/02/2020 22:00,Propriétaire,405.90,164.00,0.00,0.00,0.00,569.90,569.90,0.00
Esprit Sushi Fribourg,Caisse principal 3,543,28/02/2020 14:58,Propriétaire,28/02/2020 21:32,Propriétaire,348.20,28.00,0.00,0.00,0.00,376.20,376.20,0.00
Esprit Sushi Fribourg,Caisse principal 3,542,27/02/2020 15:53,Propriétaire,27/02/2020 23:09,Propriétaire,348.20,0.00,0.00,0.00,0.00,348.20,348.20,0.00
Esprit Sushi Fribourg,Terminal mobile,606,27/02/2020 18:33,Propriétaire,27/02/2020 22:09,Propriétaire,359.00,54.70,0.00,0.00,7.80,405.90,405.90,0.00
Esprit Sushi Fribourg,Caisse principal 3,541,26/02/2020 15:52,Propriétaire,26/02/2020 23:10,Propriétaire,401.70,46.50,0.00,0.00,100.00,348.20,348.20,0.00
Esprit Sushi Fribourg,Terminal mobile,605,26/02/2020 18:03,Propriétaire,26/02/2020 22:09,Propriétaire,297.80,61.20,0.00,0.00,0.00,359.00,359.00,0.00
Esprit Sushi Fribourg,Caisse principal 3,540,25/02/2020 15:12,Propriétaire,25/02/2020 22:19,Propriétaire,641.80,59.90,0.00,200.00,500.00,401.70,401.70,0.00
Esprit Sushi Fribourg,Terminal mobile,604,25/02/2020 17:52,Propriétaire,25/02/2020 21:29,Propriétaire,427.30,70.50,0.00,0.00,200.00,297.80,297.80,0.00
Esprit Sushi Fribourg,Caisse principal 3,539,24/02/2020 15:25,Propriétaire,25/02/2020 15:12,Propriétaire,1258.80,103.00,0.00,130.00,850.00,641.80,641.80,0.00
Esprit Sushi Fribourg,Terminal mobile,603,24/02/2020 17:59,Propriétaire,24/02/2020 21:29,Propriétaire,558.40,0.00,0.00,0.00,131.10,427.30,427.30,0.00
Esprit Sushi Fribourg,Caisse principal 3,538,23/02/2020 17:15,Propriétaire,23/02/2020 21:37,Propriétaire,1048.30,210.50,0.00,0.00,0.00,1258.80,1258.80,0.00
Esprit Sushi Fribourg,Terminal mobile,602,23/02/2020 17:42,Propriétaire,23/02/2020 21:30,Propriétaire,347.40,211.00,0.00,0.00,0.00,558.40,558.40,0.00
Esprit Sushi Fribourg,Caisse principal 3,537,22/02/2020 15:29,Propriétaire,22/02/2020 22:32,Propriétaire,572.30,76.00,0.00,400.00,0.00,1048.30,1048.30,0.00
Esprit Sushi Fribourg,Terminal mobile,601,22/02/2020 17:33,Propriétaire,22/02/2020 21:29,Propriétaire,632.40,117.00,0.00,0.00,402.00,347.40,347.40,0.00
Esprit Sushi Fribourg,Caisse principal 3,536,21/02/2020 14:58,Propriétaire,22/02/2020 15:29,Propriétaire,572.30,0.00,0.00,0.00,0.00,572.30,572.30,0.00
Esprit Sushi Fribourg,Terminal mobile,600,21/02/2020 18:08,Propriétaire,21/02/2020 21:36,Propriétaire,632.40,0.00,0.00,0.00,0.00,632.40,632.40,0.00
Esprit Sushi Fribourg,Caisse principal 3,535,20/02/2020 14:27,Propriétaire,21/02/2020 14:58,Propriétaire,472.30,60.00,0.00,40.00,0.00,572.30,572.30,0.00
Esprit Sushi Fribourg,Terminal mobile,599,20/02/2020 17:56,Propriétaire,20/02/2020 22:00,Propriétaire,558.40,74.00,0.00,0.00,0.00,632.40,632.40,0.00
Esprit Sushi Fribourg,Caisse principal 3,534,19/02/2020 15:21,Propriétaire,19/02/2020 21:55,Propriétaire,462.30,10.00,0.00,0.00,0.00,472.30,472.30,0.00
Esprit Sushi Fribourg,Terminal mobile,598,19/02/2020 18:00,Propriétaire,19/02/2020 21:02,Propriétaire,556.40,2.00,0.00,0.00,0.00,558.40,558.40,0.00
Esprit Sushi Fribourg,Terminal mobile,597,18/02/2020 17:49,Propriétaire,19/02/2020 18:00,Propriétaire,474.40,82.00,0.00,0.00,0.00,556.40,556.40,0.00
Esprit Sushi Fribourg,Caisse principal 3,533,18/02/2020 16:15,Propriétaire,19/02/2020 15:21,Propriétaire,462.30,0.00,0.00,0.00,0.00,462.30,462.30,0.00
Esprit Sushi Fribourg,Caisse principal 3,532,17/02/2020 16:47,Propriétaire,17/02/2020 23:22,Propriétaire,450.30,12.00,0.00,0.00,0.00,462.30,462.30,0.00
Esprit Sushi Fribourg,Terminal mobile,596,17/02/2020 18:16,Propriétaire,17/02/2020 21:40,Propriétaire,377.70,96.70,0.00,0.00,0.00,474.40,474.40,0.00
Esprit Sushi Fribourg,Caisse principal 3,531,16/02/2020 15:24,Propriétaire,16/02/2020 22:26,Propriétaire,1262.50,132.80,0.00,655.00,1600.00,450.30,450.30,0.00
Esprit Sushi Fribourg,Terminal mobile,595,16/02/2020 18:01,Propriétaire,16/02/2020 21:41,Propriétaire,801.70,231.00,0.00,0.00,655.00,377.70,377.70,0.00
Esprit Sushi Fribourg,Caisse principal 3,530,15/02/2020 15:32,Propriétaire,15/02/2020 22:24,Propriétaire,1166.00,96.50,0.00,0.00,0.00,1262.50,1262.50,0.00
Esprit Sushi Fribourg,Terminal mobile,594,15/02/2020 17:58,Propriétaire,15/02/2020 22:24,Propriétaire,747.70,54.00,0.00,0.00,0.00,801.70,801.70,0.00
Esprit Sushi Fribourg,Caisse principal 3,529,14/02/2020 09:15,Propriétaire,15/02/2020 00:45,Propriétaire,845.40,470.60,0.00,0.00,150.00,1166.00,1166.00,0.00
Esprit Sushi Fribourg,Terminal mobile,593,14/02/2020 16:56,Propriétaire,14/02/2020 22:55,Propriétaire,522.90,224.80,0.00,0.00,0.00,747.70,747.70,0.00
Esprit Sushi Fribourg,Caisse principal 3,528,13/02/2020 13:54,Propriétaire,13/02/2020 22:30,Propriétaire,825.40,20.00,0.00,0.00,0.00,845.40,845.40,0.00
Esprit Sushi Fribourg,Terminal mobile,592,13/02/2020 17:56,Propriétaire,13/02/2020 21:31,Propriétaire,494.40,28.50,0.00,0.00,0.00,522.90,522.90,0.00
Esprit Sushi Fribourg,Terminal mobile,591,12/02/2020 17:58,Propriétaire,13/02/2020 17:56,Propriétaire,537.70,430.70,74.00,0.00,400.00,494.40,494.40,0.00
Esprit Sushi Fribourg,Caisse principal 3,527,12/02/2020 15:19,Propriétaire,13/02/2020 13:54,Propriétaire,396.20,29.20,0.00,400.00,0.00,825.40,825.40,0.00
Esprit Sushi Fribourg,Caisse principal 3,526,11/02/2020 18:01,Propriétaire,12/02/2020 15:19,Propriétaire,0.00,132.90,0.00,463.30,200.00,396.20,396.20,0.00
Esprit Sushi Fribourg,Terminal mobile,590,11/02/2020 17:59,Propriétaire,11/02/2020 21:46,Propriétaire,425.70,112.00,0.00,0.00,0.00,537.70,537.70,0.00
Esprit Sushi Fribourg,Caisse principal 3,525,10/02/2020 16:02,Propriétaire,10/02/2020 22:39,Propriétaire,596.80,26.50,0.00,500.00,660.00,463.30,463.30,0.00
Esprit Sushi Fribourg,Terminal mobile,589,10/02/2020 18:15,Propriétaire,10/02/2020 21:31,Propriétaire,366.20,59.50,0.00,0.00,0.00,425.70,425.70,0.00
Esprit Sushi Fribourg,Terminal mobile,588,10/02/2020 16:08,Propriétaire,10/02/2020 18:14,Propriétaire,396.20,0.00,0.00,0.00,0.00,396.20,396.20,0.00
Esprit Sushi Fribourg,Terminal mobile,587,10/02/2020 16:06,Propriétaire,10/02/2020 16:08,Propriétaire,366.20,0.00,0.00,30.00,0.00,396.20,396.20,0.00
Esprit Sushi Fribourg,Terminal mobile,586,10/02/2020 16:05,Propriétaire,10/02/2020 16:05,Propriétaire,896.20,0.00,0.00,0.00,500.00,396.20,396.20,0.00
Esprit Sushi Fribourg,Caisse principal 3,524,09/02/2020 15:55,Propriétaire,09/02/2020 22:30,Propriétaire,596.80,0.00,0.00,0.00,0.00,596.80,596.80,0.00
Esprit Sushi Fribourg,Terminal mobile,585,09/02/2020 18:05,Propriétaire,09/02/2020 22:01,Propriétaire,674.50,191.70,0.00,0.00,0.00,866.20,866.20,0.00
Esprit Sushi Fribourg,Terminal mobile,584,08/02/2020 18:00,Propriétaire,08/02/2020 21:34,Propriétaire,641.10,35.50,0.00,0.00,2.10,674.50,674.50,0.00
Esprit Sushi Fribourg,Caisse principal 3,523,08/02/2020 17:44,Propriétaire,08/02/2020 21:31,Propriétaire,546.80,50.00,0.00,0.00,0.00,596.80,596.80,0.00
Esprit Sushi Fribourg,Caisse principal 3,522,08/02/2020 17:37,Propriétaire,08/02/2020 17:43,Propriétaire,636.80,0.00,0.00,0.00,0.00,636.80,636.80,0.00
Esprit Sushi Fribourg,Caisse principal 3,521,07/02/2020 15:12,Propriétaire,07/02/2020 23:14,Propriétaire,447.40,169.40,0.00,30.00,100.00,546.80,546.80,0.00
Esprit Sushi Fribourg,Terminal mobile,583,07/02/2020 15:10,Propriétaire,07/02/2020 21:57,Propriétaire,509.20,86.00,0.00,50.00,4.10,641.10,641.10,0.00
Esprit Sushi Fribourg,Caisse principal 3,520,06/02/2020 16:14,Propriétaire,07/02/2020 15:12,Propriétaire,332.40,75.00,0.00,40.00,0.00,447.40,447.40,0.00
Esprit Sushi Fribourg,Terminal mobile,582,06/02/2020 18:19,Propriétaire,06/02/2020 21:31,Propriétaire,409.20,100.00,0.00,0.00,0.00,509.20,509.20,0.00
Esprit Sushi Fribourg,Caisse principal 3,519,05/02/2020 15:32,Propriétaire,05/02/2020 22:09,Propriétaire,487.40,0.00,0.00,45.00,200.00,332.40,332.40,0.00
Esprit Sushi Fribourg,Terminal mobile,581,05/02/2020 15:35,Propriétaire,05/02/2020 21:31,Propriétaire,404.50,49.70,0.00,0.00,45.00,409.20,409.20,0.00
Esprit Sushi Fribourg,Caisse principal 3,518,04/02/2020 16:01,Propriétaire,04/02/2020 21:51,Propriétaire,389.90,97.50,0.00,0.00,0.00,487.40,487.40,0.00
Esprit Sushi Fribourg,Terminal mobile,580,04/02/2020 17:58,Propriétaire,04/02/2020 20:50,Propriétaire,404.00,0.00,0.00,0.00,0.00,404.00,404.00,0.00
Esprit Sushi Fribourg,Caisse principal 3,517,03/02/2020 15:39,Propriétaire,03/02/2020 23:08,Propriétaire,326.70,43.20,0.00,20.00,0.00,389.90,389.90,0.00
Esprit Sushi Fribourg,Terminal mobile,579,03/02/2020 15:38,Propriétaire,03/02/2020 21:42,Propriétaire,528.50,0.00,0.00,0.00,123.50,405.00,405.00,0.00
Esprit Sushi Fribourg,Terminal mobile,578,03/02/2020 15:34,Propriétaire,03/02/2020 15:37,Propriétaire,582.50,0.00,0.00,0.00,120.00,462.50,462.50,0.00
Esprit Sushi Fribourg,Caisse principal 3,516,02/02/2020 15:16,Propriétaire,02/02/2020 23:44,Propriétaire,494.70,32.00,0.00,0.00,200.00,326.70,326.70,0.00
Esprit Sushi Fribourg,Terminal mobile,577,02/02/2020 17:57,Propriétaire,02/02/2020 21:46,Propriétaire,467.50,63.00,0.00,0.00,2.00,528.50,528.50,0.00
Esprit Sushi Fribourg,Caisse principal 3,515,01/02/2020 16:42,Propriétaire,01/02/2020 21:44,Propriétaire,856.20,38.50,0.00,0.00,400.00,494.70,494.70,0.00
Esprit Sushi Fribourg,Terminal mobile,576,01/02/2020 18:05,Propriétaire,01/02/2020 21:32,Propriétaire,431.50,36.00,0.00,0.00,0.00,467.50,467.50,0.00
Esprit Sushi Fribourg,Caisse principal 3,514,31/01/2020 15:56,Propriétaire,31/01/2020 23:30,Propriétaire,313.20,63.00,0.00,500.00,20.00,856.20,856.20,0.00
Esprit Sushi Fribourg,Terminal mobile,575,31/01/2020 15:56,Propriétaire,31/01/2020 22:16,Propriétaire,567.20,467.80,0.00,0.00,603.00,432.00,432.00,0.00
Esprit Sushi Fribourg,Caisse principal 3,513,30/01/2020 15:53,Propriétaire,30/01/2020 22:15,Propriétaire,313.20,0.00,0.00,0.00,0.00,313.20,313.20,0.00
Esprit Sushi Fribourg,Terminal mobile,574,30/01/2020 17:28,Propriétaire,30/01/2020 21:31,Propriétaire,451.30,115.90,0.00,0.00,0.00,567.20,567.20,0.00
Esprit Sushi Fribourg,Caisse principal 3,512,29/01/2020 18:51,Propriétaire,29/01/2020 21:58,Propriétaire,313.20,0.00,0.00,0.00,0.00,313.20,313.20,0.00
Esprit Sushi Fribourg,Terminal mobile,573,29/01/2020 18:00,Propriétaire,29/01/2020 21:32,Propriétaire,320.80,130.50,0.00,0.00,0.00,451.30,451.30,0.00
Esprit Sushi Fribourg,Caisse principal 3,511,29/01/2020 18:51,Propriétaire,29/01/2020 18:51,Propriétaire,313.20,0.00,0.00,0.00,0.00,313.20,313.20,0.00
Esprit Sushi Fribourg,Caisse principal 3,510,29/01/2020 18:46,Propriétaire,29/01/2020 18:51,Propriétaire,0.00,0.00,0.00,0.00,0.00,0.00,0.00,0.00
Esprit Sushi Fribourg,Caisse principal 3,509,28/01/2020 16:15,Propriétaire,28/01/2020 23:03,Propriétaire,497.50,115.70,0.00,300.00,600.00,313.20,313.20,0.00
Esprit Sushi Fribourg,Terminal mobile,572,28/01/2020 17:54,Propriétaire,28/01/2020 23:00,Propriétaire,480.30,140.50,0.00,0.00,300.00,320.80,320.80,0.00
Esprit Sushi Fribourg,Caisse principal 3,508,27/01/2020 15:21,Propriétaire,27/01/2020 22:43,Propriétaire,695.00,42.50,0.00,0.00,240.00,497.50,497.50,0.00
Esprit Sushi Fribourg,Terminal mobile,571,27/01/2020 17:54,Propriétaire,27/01/2020 21:31,Propriétaire,569.30,111.00,0.00,0.00,200.00,480.30,480.30,0.00
Esprit Sushi Fribourg,Caisse principal 3,507,26/01/2020 13:59,Propriétaire,26/01/2020 22:44,Propriétaire,475.00,220.00,0.00,0.00,0.00,695.00,695.00,0.00
Esprit Sushi Fribourg,Terminal mobile,570,26/01/2020 12:53,Propriétaire,26/01/2020 22:40,Propriétaire,959.80,109.50,0.00,0.00,500.00,569.30,569.30,0.00
Esprit Sushi Fribourg,Caisse principal 3,506,25/01/2020 16:34,Propriétaire,26/01/2020 12:57,Propriétaire,811.50,163.50,0.00,0.00,500.00,475.00,475.00,0.00
Esprit Sushi Fribourg,Terminal mobile,569,25/01/2020 17:55,Propriétaire,25/01/2020 21:45,Propriétaire,816.80,143.00,0.00,0.00,0.00,959.80,959.80,0.00
Esprit Sushi Fribourg,Caisse principal 3,505,24/01/2020 16:59,Propriétaire,25/01/2020 16:34,Propriétaire,756.10,75.40,20.00,0.00,0.00,811.50,811.50,0.00
Esprit Sushi Fribourg,Terminal mobile,568,24/01/2020 17:57,Propriétaire,24/01/2020 23:37,Propriétaire,506.90,312.00,0.00,0.00,2.10,816.80,816.80,0.00
Esprit Sushi Fribourg,Terminal mobile,567,24/01/2020 17:57,Propriétaire,24/01/2020 17:57,Propriétaire,0.00,0.00,0.00,0.00,0.00,0.00,0.00,0.00
Esprit Sushi Fribourg,Caisse principal 3,504,23/01/2020 17:19,Propriétaire,24/01/2020 16:59,Propriétaire,725.10,31.00,0.00,0.00,0.00,756.10,756.10,0.00
Esprit Sushi Fribourg,Terminal mobile,566,23/01/2020 17:56,Propriétaire,23/01/2020 21:32,Propriétaire,434.20,72.70,0.00,0.00,0.00,506.90,506.90,0.00
Esprit Sushi Fribourg,Caisse principal 3,503,22/01/2020 17:21,Propriétaire,22/01/2020 23:03,Propriétaire,595.10,130.00,0.00,0.00,0.00,725.10,725.10,0.00
Esprit Sushi Fribourg,Terminal mobile,565,22/01/2020 18:01,Propriétaire,22/01/2020 21:43,Propriétaire,366.20,68.00,0.00,0.00,0.00,434.20,434.20,0.00
Esprit Sushi Fribourg,Terminal mobile,564,21/01/2020 15:26,Propriétaire,22/01/2020 18:01,Propriétaire,1024.70,41.50,0.00,0.00,700.00,366.20,366.20,0.00
Esprit Sushi Fribourg,Caisse principal 3,502,21/01/2020 13:33,Propriétaire,22/01/2020 17:21,Propriétaire,595.10,0.00,0.00,0.00,0.00,595.10,595.10,0.00
Esprit Sushi Fribourg,Terminal mobile,563,21/01/2020 15:26,Propriétaire,21/01/2020 15:26,Propriétaire,102.70,0.00,0.00,0.00,0.00,102.70,102.70,0.00
Esprit Sushi Fribourg,Caisse principal 3,501,20/01/2020 15:41,Propriétaire,20/01/2020 21:45,Propriétaire,585.10,10.00,0.00,0.00,0.00,595.10,595.10,0.00
Esprit Sushi Fribourg,Terminal mobile,562,20/01/2020 15:39,Propriétaire,20/01/2020 21:40,Propriétaire,1117.70,107.00,0.00,0.00,200.00,1024.70,1024.70,0.00
Esprit Sushi Fribourg,Terminal mobile,561,20/01/2020 15:39,Propriétaire,20/01/2020 15:39,Propriétaire,1177.70,0.00,0.00,0.00,0.00,1177.70,1177.70,0.00
Esprit Sushi Fribourg,Caisse principal 3,500,19/01/2020 16:13,Propriétaire,19/01/2020 23:02,Propriétaire,540.20,94.90,0.00,0.00,50.00,585.10,585.10,0.00
Esprit Sushi Fribourg,Terminal mobile,560,19/01/2020 17:55,Propriétaire,19/01/2020 23:01,Propriétaire,927.80,240.90,51.00,0.00,0.00,1117.70,1117.70,0.00
Esprit Sushi Fribourg,Caisse principal 3,499,18/01/2020 15:18,Propriétaire,19/01/2020 00:34,Propriétaire,498.20,42.00,0.00,0.00,0.00,540.20,540.20,0.00
Esprit Sushi Fribourg,Terminal mobile,559,18/01/2020 17:57,Propriétaire,18/01/2020 21:33,Propriétaire,798.80,129.00,0.00,0.00,0.00,927.80,927.80,0.00
Esprit Sushi Fribourg,Caisse principal 3,498,17/01/2020 16:03,Propriétaire,17/01/2020 21:32,Propriétaire,446.70,50.50,0.00,0.00,0.00,497.20,497.20,0.00
Esprit Sushi Fribourg,Terminal mobile,558,17/01/2020 17:53,Propriétaire,17/01/2020 21:32,Propriétaire,650.10,148.70,0.00,0.00,0.00,798.80,798.80,0.00
Esprit Sushi Fribourg,Caisse principal 3,497,16/01/2020 16:04,Propriétaire,17/01/2020 16:02,Propriétaire,530.60,76.10,0.00,0.00,160.00,446.70,446.70,0.00
Esprit Sushi Fribourg,Terminal mobile,557,16/01/2020 17:57,Propriétaire,16/01/2020 21:31,Propriétaire,611.10,39.00,0.00,0.00,0.00,650.10,650.10,0.00
Esprit Sushi Fribourg,Caisse principal 3,496,15/01/2020 16:02,Propriétaire,16/01/2020 16:03,Propriétaire,453.40,151.20,0.00,0.00,74.00,530.60,530.60,0.00
Esprit Sushi Fribourg,Terminal mobile,556,15/01/2020 17:55,Propriétaire,15/01/2020 21:32,Propriétaire,515.60,95.50,0.00,0.00,0.00,611.10,611.10,0.00
Esprit Sushi Fribourg,Caisse principal 3,495,14/01/2020 15:41,Propriétaire,14/01/2020 21:29,Propriétaire,361.50,24.50,0.00,67.40,0.00,453.40,453.40,0.00
Esprit Sushi Fribourg,Terminal mobile,555,14/01/2020 18:06,Propriétaire,14/01/2020 21:29,Propriétaire,347.60,168.00,0.00,0.00,0.00,515.60,515.60,0.00
Esprit Sushi Fribourg,Caisse principal 3,494,13/01/2020 14:24,Propriétaire,13/01/2020 21:30,Propriétaire,361.50,67.40,0.00,0.00,0.00,428.90,428.90,0.00
Esprit Sushi Fribourg,Terminal mobile,554,13/01/2020 18:03,Propriétaire,13/01/2020 21:29,Propriétaire,347.60,0.00,0.00,0.00,0.00,347.60,347.60,0.00
Esprit Sushi Fribourg,Terminal mobile,553,13/01/2020 18:03,Propriétaire,13/01/2020 18:03,Propriétaire,346.70,0.00,0.00,0.00,0.00,346.70,346.70,0.00
Esprit Sushi Fribourg,Caisse principal 3,493,12/01/2020 16:26,Propriétaire,12/01/2020 23:12,Propriétaire,702.50,59.00,0.00,400.00,800.00,361.50,361.50,0.00
Esprit Sushi Fribourg,Terminal mobile,552,12/01/2020 17:57,Propriétaire,12/01/2020 21:54,Propriétaire,890.90,96.70,0.00,0.00,400.00,587.60,587.60,0.00
Esprit Sushi Fribourg,Terminal mobile,551,11/01/2020 17:55,Propriétaire,11/01/2020 21:32,Propriétaire,671.30,219.60,0.00,0.00,0.00,890.90,890.90,0.00
Esprit Sushi Fribourg,Caisse principal 3,492,11/01/2020 16:02,Propriétaire,11/01/2020 21:31,Propriétaire,568.00,134.50,0.00,0.00,0.00,702.50,702.50,0.00
Esprit Sushi Fribourg,Caisse principal 3,491,10/01/2020 16:46,Propriétaire,10/01/2020 22:40,Propriétaire,566.50,51.50,0.00,0.00,50.00,568.00,568.00,0.00
Esprit Sushi Fribourg,Terminal mobile,550,10/01/2020 17:58,Propriétaire,10/01/2020 21:55,Propriétaire,589.80,81.50,0.00,0.00,0.00,671.30,671.30,0.00
Esprit Sushi Fribourg,Terminal mobile,549,09/01/2020 17:57,Propriétaire,10/01/2020 17:57,Propriétaire,523.30,66.50,0.00,0.00,0.00,589.80,589.80,0.00
Esprit Sushi Fribourg,Caisse principal 3,490,09/01/2020 17:24,Propriétaire,09/01/2020 23:20,Propriétaire,520.50,46.00,0.00,0.00,0.00,566.50,566.50,0.00
Esprit Sushi Fribourg,Caisse principal 3,489,07/01/2020 22:06,Propriétaire,09/01/2020 17:24,Propriétaire,415.30,135.20,0.00,0.00,30.00,520.50,520.50,0.00
Esprit Sushi Fribourg,Terminal mobile,548,08/01/2020 17:54,Propriétaire,08/01/2020 21:36,Propriétaire,481.80,41.50,0.00,0.00,0.00,523.30,523.30,0.00
Esprit Sushi Fribourg,Caisse principal 3,488,07/01/2020 16:32,Propriétaire,07/01/2020 21:34,Propriétaire,335.50,79.80,0.00,0.00,0.00,415.30,415.30,0.00
Esprit Sushi Fribourg,Terminal mobile,547,07/01/2020 18:06,Propriétaire,07/01/2020 21:33,Propriétaire,426.90,54.90,0.00,0.00,0.00,481.80,481.80,0.00
Esprit Sushi Fribourg,Caisse principal 3,487,06/01/2020 15:19,Propriétaire,06/01/2020 22:43,Propriétaire,327.50,8.00,0.00,0.00,0.00,335.50,335.50,0.00
Esprit Sushi Fribourg,Terminal mobile,546,06/01/2020 18:31,Propriétaire,06/01/2020 21:37,Propriétaire,723.40,53.50,0.00,0.00,350.00,426.90,426.90,0.00
Esprit Sushi Fribourg,Caisse principal 3,486,05/01/2020 13:37,Propriétaire,05/01/2020 23:50,Propriétaire,575.50,172.00,0.00,200.00,620.00,327.50,327.50,0.00
Esprit Sushi Fribourg,Terminal mobile,545,05/01/2020 18:00,Propriétaire,05/01/2020 21:57,Propriétaire,645.60,277.80,0.00,0.00,200.00,723.40,723.40,0.00
Esprit Sushi Fribourg,Caisse principal 3,485,04/01/2020 16:36,Propriétaire,04/01/2020 22:08,Propriétaire,477.70,155.00,0.00,0.00,57.20,575.50,575.50,0.00
Esprit Sushi Fribourg,Terminal mobile,544,04/01/2020 17:56,Propriétaire,04/01/2020 22:03,Propriétaire,593.60,52.00,0.00,0.00,0.00,645.60,645.60,0.00
Esprit Sushi Fribourg,Caisse principal 3,484,03/01/2020 16:54,Propriétaire,03/01/2020 22:33,Propriétaire,396.20,81.50,0.00,0.00,0.00,477.70,477.70,0.00
Esprit Sushi Fribourg,Terminal mobile,543,03/01/2020 17:58,Propriétaire,03/01/2020 21:51,Propriétaire,602.90,190.70,0.00,0.00,200.00,593.60,593.60,0.00
Esprit Sushi Fribourg,Caisse principal 3,483,31/12/2019 11:30,Propriétaire,02/01/2020 22:47,Propriétaire,722.00,174.20,148.00,598.00,950.00,396.20,396.20,0.00
Esprit Sushi Fribourg,Terminal mobile,542,02/01/2020 17:59,Propriétaire,02/01/2020 21:35,Propriétaire,868.90,184.00,0.00,0.00,450.00,602.90,602.90,0.00
Esprit Sushi Fribourg,Terminal mobile,541,31/12/2019 12:58,Propriétaire,02/01/2020 16:12,Propriétaire,678.00,338.90,0.00,0.00,148.00,868.90,868.90,0.00
Esprit Sushi Fribourg,Caisse principal 3,482,29/12/2019 21:51,Propriétaire,31/12/2019 00:03,Propriétaire,596.40,140.60,0.00,0.00,15.00,722.00,722.00,0.00
Esprit Sushi Fribourg,Terminal mobile,540,30/12/2019 18:32,Propriétaire,30/12/2019 22:06,Propriétaire,492.50,187.00,0.00,0.00,1.50,678.00,678.00,0.00
Esprit Sushi Fribourg,Terminal mobile,539,29/12/2019 17:56,Propriétaire,29/12/2019 22:00,Propriétaire,613.50,79.00,0.00,0.00,200.00,492.50,492.50,0.00
Esprit Sushi Fribourg,Caisse principal 3,481,29/12/2019 15:55,Propriétaire,29/12/2019 21:51,Propriétaire,486.40,0.00,0.00,200.00,90.00,596.40,596.40,0.00
Esprit Sushi Fribourg,Terminal mobile,538,28/12/2019 18:02,Propriétaire,28/12/2019 21:31,Propriétaire,477.50,136.00,0.00,0.00,0.00,613.50,613.50,0.00
Esprit Sushi Fribourg,Caisse principal 3,480,27/12/2019 22:12,Propriétaire,28/12/2019 21:30,Propriétaire,464.90,103.00,0.00,0.00,81.50,486.40,486.40,0.00
Esprit Sushi Fribourg,Caisse principal 3,479,27/12/2019 15:53,Propriétaire,27/12/2019 21:29,Propriétaire,356.70,108.20,0.00,0.00,0.00,464.90,464.90,0.00
Esprit Sushi Fribourg,Terminal mobile,537,27/12/2019 18:07,Propriétaire,27/12/2019 21:29,Propriétaire,446.50,31.00,0.00,0.00,0.00,477.50,477.50,0.00
Esprit Sushi Fribourg,Caisse principal 3,478,26/12/2019 16:17,Propriétaire,26/12/2019 22:47,Propriétaire,420.20,36.50,0.00,0.00,100.00,356.70,356.70,0.00
Esprit Sushi Fribourg,Terminal mobile,536,26/12/2019 16:16,Propriétaire,26/12/2019 21:29,Propriétaire,783.80,64.00,0.00,0.00,401.50,446.30,446.30,0.00
Esprit Sushi Fribourg,Caisse principal 3,477,26/12/2019 16:16,Propriétaire,26/12/2019 16:16,Propriétaire,4200.20,0.00,0.00,0.00,0.00,4200.20,4200.20,0.00
Esprit Sushi Fribourg,Caisse principal 3,476,24/12/2019 11:13,Propriétaire,24/12/2019 18:58,Propriétaire,681.70,38.50,0.00,0.00,300.00,420.20,420.20,0.00
Esprit Sushi Fribourg,Terminal mobile,535,24/12/2019 11:59,Propriétaire,24/12/2019 17:33,Propriétaire,574.00,213.90,0.00,0.00,4.10,783.80,783.80,0.00
Esprit Sushi Fribourg,Caisse principal 3,475,23/12/2019 15:53,Propriétaire,23/12/2019 21:31,Propriétaire,408.30,253.40,0.00,20.00,0.00,681.70,681.70,0.00
Esprit Sushi Fribourg,Terminal mobile,534,23/12/2019 18:52,Propriétaire,23/12/2019 21:31,Propriétaire,0.00,103.50,0.00,470.50,0.00,574.00,574.00,0.00
Esprit Sushi Fribourg,Caisse principal 3,474,22/12/2019 17:16,Propriétaire,22/12/2019 22:52,Propriétaire,1083.90,194.40,0.00,200.00,1050.00,428.30,428.30,0.00
Esprit Sushi Fribourg,Terminal mobile,533,22/12/2019 18:01,Propriétaire,22/12/2019 21:47,Propriétaire,625.50,45.00,0.00,0.00,200.00,470.50,470.50,0.00
Esprit Sushi Fribourg,Caisse principal 3,473,21/12/2019 13:46,Propriétaire,22/12/2019 17:16,Propriétaire,1058.70,25.20,0.00,0.00,0.00,1083.90,1083.90,0.00
Esprit Sushi Fribourg,Terminal mobile,532,20/12/2019 17:59,Propriétaire,21/12/2019 21:44,Propriétaire,734.10,341.40,0.00,0.00,450.00,625.50,625.50,0.00
Esprit Sushi Fribourg,Caisse principal 3,472,20/12/2019 15:31,Propriétaire,20/12/2019 22:27,Propriétaire,473.30,135.40,0.00,450.00,0.00,1058.70,1058.70,0.00
Esprit Sushi Fribourg,Caisse principal 3,471,19/12/2019 14:36,Propriétaire,20/12/2019 15:31,Propriétaire,403.40,69.90,0.00,0.00,0.00,473.30,473.30,0.00
Esprit Sushi Fribourg,Terminal mobile,531,19/12/2019 18:02,Propriétaire,19/12/2019 22:06,Propriétaire,582.10,152.00,0.00,0.00,0.00,734.10,734.10,0.00
Esprit Sushi Fribourg,Caisse principal 3,470,18/12/2019 17:15,Propriétaire,19/12/2019 14:36,Propriétaire,403.40,0.00,0.00,0.00,0.00,403.40,403.40,0.00
Esprit Sushi Fribourg,Terminal mobile,530,18/12/2019 17:58,Propriétaire,18/12/2019 21:31,Propriétaire,551.10,31.00,0.00,0.00,0.00,582.10,582.10,0.00
Esprit Sushi Fribourg,Terminal mobile,529,17/12/2019 18:06,Propriétaire,17/12/2019 21:42,Propriétaire,494.60,59.50,0.00,0.00,3.00,551.10,551.10,0.00
Esprit Sushi Fribourg,Caisse principal 3,469,17/12/2019 16:38,Propriétaire,17/12/2019 21:35,Propriétaire,397.00,6.40,0.00,0.00,0.00,403.40,403.40,0.00
Esprit Sushi Fribourg,Caisse principal 3,468,16/12/2019 17:52,Propriétaire,16/12/2019 21:36,Propriétaire,397.00,0.00,0.00,0.00,0.00,397.00,397.00,0.00
Esprit Sushi Fribourg,Terminal mobile,528,16/12/2019 15:46,Propriétaire,16/12/2019 21:30,Propriétaire,512.10,132.50,0.00,0.00,150.00,494.60,494.60,0.00
Esprit Sushi Fribourg,Caisse principal 3,467,16/12/2019 17:52,Propriétaire,16/12/2019 17:52,Propriétaire,3.97,0.00,0.00,0.00,0.00,3.97,3.97,0.00
Esprit Sushi Fribourg,Caisse principal 3,466,15/12/2019 15:41,Propriétaire,15/12/2019 23:43,Propriétaire,548.80,53.20,0.00,400.00,605.00,397.00,397.00,0.00
Esprit Sushi Fribourg,Terminal mobile,527,15/12/2019 15:39,Propriétaire,15/12/2019 22:25,Propriétaire,786.60,127.50,0.00,0.00,402.00,512.10,512.10,0.00
Esprit Sushi Fribourg,Caisse principal 3,465,14/12/2019 16:20,Propriétaire,14/12/2019 21:30,Propriétaire,462.30,86.50,0.00,0.00,0.00,548.80,548.80,0.00
Esprit Sushi Fribourg,Terminal mobile,526,14/12/2019 17:56,Propriétaire,14/12/2019 21:30,Propriétaire,683.90,102.70,0.00,0.00,0.00,786.60,786.60,0.00
Esprit Sushi Fribourg,Caisse principal 3,464,13/12/2019 12:57,Propriétaire,14/12/2019 16:20,Propriétaire,369.20,173.10,0.00,0.00,80.00,462.30,462.30,0.00
Esprit Sushi Fribourg,Terminal mobile,525,13/12/2019 21:32,Propriétaire,13/12/2019 21:46,Propriétaire,620.10,85.00,0.00,0.00,21.50,683.60,683.60,0.00
Esprit Sushi Fribourg,Terminal mobile,524,13/12/2019 21:31,Propriétaire,13/12/2019 21:31,Propriétaire,0.00,0.00,0.00,0.00,0.00,0.00,0.00,0.00
Esprit Sushi Fribourg,Terminal mobile,523,13/12/2019 18:32,Propriétaire,13/12/2019 21:31,Propriétaire,0.00,0.00,0.00,0.00,0.00,0.00,0.00,0.00
Esprit Sushi Fribourg,Caisse principal 3,463,12/12/2019 16:11,Propriétaire,13/12/2019 12:57,Propriétaire,369.20,0.00,0.00,0.00,0.00,369.20,369.20,0.00
Esprit Sushi Fribourg,Terminal mobile,522,12/12/2019 17:59,Propriétaire,12/12/2019 21:31,Propriétaire,534.90,86.20,0.00,0.00,1.00,620.10,620.10,0.00
Esprit Sushi Fribourg,Caisse principal 3,462,11/12/2019 17:27,Propriétaire,12/12/2019 16:11,Propriétaire,346.20,23.00,0.00,0.00,0.00,369.20,369.20,0.00
Esprit Sushi Fribourg,Terminal mobile,521,11/12/2019 18:00,Propriétaire,11/12/2019 21:54,Propriétaire,442.90,92.00,0.00,0.00,0.00,534.90,534.90,0.00
Esprit Sushi Fribourg,Terminal mobile,520,10/12/2019 17:10,Propriétaire,10/12/2019 20:59,Propriétaire,713.40,29.50,0.00,0.00,300.00,442.90,442.90,0.00
Esprit Sushi Fribourg,Caisse principal 3,461,10/12/2019 17:10,Propriétaire,10/12/2019 20:59,Propriétaire,326.20,20.00,0.00,0.00,0.00,346.20,346.20,0.00
Esprit Sushi Fribourg,Caisse principal 3,460,08/12/2019 17:45,Propriétaire,09/12/2019 23:07,Propriétaire,0.00,80.50,0.00,645.70,400.00,326.20,326.20,0.00
Esprit Sushi Fribourg,Terminal mobile,519,09/12/2019 17:59,Propriétaire,09/12/2019 21:37,Propriétaire,792.50,220.90,0.00,0.00,300.00,713.40,713.40,0.00
Esprit Sushi Fribourg,Terminal mobile,518,08/12/2019 18:05,Propriétaire,08/12/2019 21:46,Propriétaire,576.50,216.00,0.00,0.00,0.00,792.50,792.50,0.00
Esprit Sushi Fribourg,Caisse principal 3,459,06/12/2019 15:53,Propriétaire,06/12/2019 23:16,Propriétaire,303.20,92.50,0.00,0.00,50.00,345.70,345.70,0.00
Esprit Sushi Fribourg,Terminal mobile,517,06/12/2019 18:01,Propriétaire,06/12/2019 22:09,Propriétaire,499.00,77.50,0.00,0.00,0.00,576.50,576.50,0.00
Esprit Sushi Fribourg,Caisse principal 3,458,05/12/2019 17:13,Propriétaire,06/12/2019 15:53,Propriétaire,303.20,0.00,0.00,0.00,0.00,303.20,303.20,0.00
Esprit Sushi Fribourg,Terminal mobile,516,05/12/2019 17:55,Propriétaire,05/12/2019 21:31,Propriétaire,499.00,0.00,0.00,0.00,0.00,499.00,499.00,0.00
Esprit Sushi Fribourg,Caisse principal 3,457,04/12/2019 17:09,Propriétaire,05/12/2019 17:13,Propriétaire,347.70,25.50,0.00,0.00,70.00,303.20,303.20,0.00
Esprit Sushi Fribourg,Terminal mobile,515,04/12/2019 18:01,Propriétaire,04/12/2019 21:31,Propriétaire,470.50,28.50,0.00,0.00,0.00,499.00,499.00,0.00
Esprit Sushi Fribourg,Caisse principal 3,456,03/12/2019 16:11,Propriétaire,03/12/2019 21:38,Propriétaire,327.70,20.00,0.00,0.00,0.00,347.70,347.70,0.00
Esprit Sushi Fribourg,Terminal mobile,514,03/12/2019 18:05,Propriétaire,03/12/2019 21:36,Propriétaire,413.50,57.00,0.00,0.00,0.00,470.50,470.50,0.00
Esprit Sushi Fribourg,Caisse principal 3,455,02/12/2019 15:42,Propriétaire,02/12/2019 23:17,Propriétaire,327.70,0.00,0.00,0.00,0.00,327.70,327.70,0.00
Esprit Sushi Fribourg,Terminal mobile,513,02/12/2019 15:45,Propriétaire,02/12/2019 21:52,Propriétaire,481.50,32.00,0.00,0.00,100.00,413.50,413.50,0.00
Esprit Sushi Fribourg,Caisse principal 3,454,01/12/2019 12:50,Propriétaire,01/12/2019 21:56,Propriétaire,536.20,41.50,0.00,500.00,750.00,327.70,327.70,0.00
Esprit Sushi Fribourg,Terminal mobile,512,01/12/2019 18:01,Propriétaire,01/12/2019 21:35,Propriétaire,933.00,48.50,0.00,0.00,500.00,481.50,481.50,0.00
Esprit Sushi Fribourg,Caisse principal 3,453,30/11/2019 14:28,Propriétaire,30/11/2019 22:01,Propriétaire,367.70,193.00,0.00,0.00,24.50,536.20,536.20,0.00
Esprit Sushi Fribourg,Terminal mobile,511,30/11/2019 18:09,Propriétaire,30/11/2019 22:01,Propriétaire,575.60,332.90,0.00,24.50,0.00,933.00,933.00,0.00
Esprit Sushi Fribourg,Caisse principal 3,452,30/11/2019 14:27,Propriétaire,30/11/2019 14:27,Propriétaire,477.70,0.00,0.00,0.00,110.00,367.70,367.70,0.00
Esprit Sushi Fribourg,Caisse principal 3,451,30/11/2019 13:14,Propriétaire,30/11/2019 14:27,Propriétaire,0.00,0.00,0.00,0.00,0.00,0.00,0.00,0.00
Esprit Sushi Fribourg,Terminal mobile,510,29/11/2019 17:55,Propriétaire,29/11/2019 21:53,Propriétaire,360.50,215.10,0.00,0.00,0.00,575.60,575.60,0.00
Esprit Sushi Fribourg,Caisse principal 3,450,29/11/2019 13:16,Propriétaire,29/11/2019 21:52,Propriétaire,450.70,27.00,0.00,0.00,0.00,477.70,477.70,0.00
Esprit Sushi Fribourg,Caisse principal 3,449,28/11/2019 17:37,Propriétaire,29/11/2019 13:16,Propriétaire,369.20,91.50,0.00,0.00,10.00,450.70,450.70,0.00
Esprit Sushi Fribourg,Terminal mobile,509,28/11/2019 18:17,Propriétaire,28/11/2019 21:34,Propriétaire,360.50,0.00,0.00,0.00,0.00,360.50,360.50,0.00
Esprit Sushi Fribourg,Caisse principal 3,448,27/11/2019 14:53,Propriétaire,28/11/2019 17:37,Propriétaire,648.20,20.70,0.00,450.60,750.30,369.20,369.20,0.00
Esprit Sushi Fribourg,Terminal mobile,508,27/11/2019 18:01,Propriétaire,27/11/2019 21:31,Propriétaire,761.30,49.20,0.00,0.00,450.00,360.50,360.50,0.00
Esprit Sushi Fribourg,Terminal mobile,507,27/11/2019 11:40,Propriétaire,27/11/2019 12:49,Propriétaire,582.30,179.00,0.00,0.00,0.00,761.30,761.30,0.00
Esprit Sushi Fribourg,Terminal mobile,506,26/11/2019 18:07,Propriétaire,26/11/2019 21:31,Propriétaire,554.30,28.00,0.00,0.00,0.00,582.30,582.30,0.00
Esprit Sushi Fribourg,Caisse principal 3,447,26/11/2019 16:35,Propriétaire,26/11/2019 21:31,Propriétaire,528.50,120.00,0.00,0.00,0.00,648.50,648.50,0.00
Esprit Sushi Fribourg,Caisse principal 3,446,25/11/2019 16:07,Propriétaire,25/11/2019 22:48,Propriétaire,968.50,120.00,0.00,40.00,600.00,528.50,528.50,0.00
Esprit Sushi Fribourg,Terminal mobile,505,25/11/2019 16:07,Propriétaire,25/11/2019 21:32,Propriétaire,577.80,174.50,0.00,0.00,200.00,552.30,552.30,0.00
Esprit Sushi Fribourg,Terminal mobile,504,24/11/2019 18:02,Propriétaire,24/11/2019 22:27,Propriétaire,696.30,181.50,0.00,0.00,300.00,577.80,577.80,0.00
Esprit Sushi Fribourg,Caisse principal 3,445,24/11/2019 13:12,Propriétaire,24/11/2019 22:26,Propriétaire,555.10,113.40,0.00,300.00,0.00,968.50,968.50,0.00
Esprit Sushi Fribourg,Caisse principal 3,444,23/11/2019 16:02,Propriétaire,23/11/2019 22:24,Propriétaire,595.10,0.00,0.00,0.00,40.00,555.10,555.10,0.00
Esprit Sushi Fribourg,Terminal mobile,503,23/11/2019 17:59,Propriétaire,23/11/2019 21:31,Propriétaire,651.30,45.00,0.00,0.00,0.00,696.30,696.30,0.00
Esprit Sushi Fribourg,Caisse principal 3,443,22/11/2019 14:23,Propriétaire,23/11/2019 00:31,Propriétaire,560.10,55.00,0.00,0.00,20.00,595.10,595.10,0.00
Esprit Sushi Fribourg,Terminal mobile,502,22/11/2019 17:53,Propriétaire,22/11/2019 22:55,Propriétaire,456.60,194.70,0.00,0.00,0.00,651.30,651.30,0.00
Esprit Sushi Fribourg,Caisse principal 3,442,20/11/2019 16:37,Propriétaire,22/11/2019 14:23,Propriétaire,452.40,107.70,0.00,0.00,0.00,560.10,560.10,0.00
Esprit Sushi Fribourg,Terminal mobile,501,21/11/2019 17:55,Propriétaire,21/11/2019 21:40,Propriétaire,402.10,54.50,0.00,0.00,0.00,456.60,456.60,0.00
Esprit Sushi Fribourg,Terminal mobile,500,20/11/2019 18:00,Propriétaire,20/11/2019 21:31,Propriétaire,377.60,24.50,0.00,0.00,0.00,402.10,402.10,0.00
Esprit Sushi Fribourg,Caisse principal 3,441,19/11/2019 16:15,Propriétaire,19/11/2019 22:09,Propriétaire,381.10,71.30,0.00,0.00,0.00,452.40,452.40,0.00
Esprit Sushi Fribourg,Terminal mobile,499,19/11/2019 18:01,Propriétaire,19/11/2019 21:31,Propriétaire,356.60,21.00,0.00,0.00,0.00,377.60,377.60,0.00
Esprit Sushi Fribourg,Caisse principal 3,440,18/11/2019 15:40,Propriétaire,18/11/2019 21:03,Propriétaire,381.10,0.00,0.00,0.00,0.00,381.10,381.10,0.00
Esprit Sushi Fribourg,Terminal mobile,498,18/11/2019 18:04,Propriétaire,18/11/2019 21:03,Propriétaire,356.60,0.00,0.00,0.00,0.00,356.60,356.60,0.00
Esprit Sushi Fribourg,Terminal mobile,497,18/11/2019 15:41,Propriétaire,18/11/2019 15:41,Propriétaire,596.60,0.00,0.00,0.00,240.00,356.60,356.60,0.00
Esprit Sushi Fribourg,Caisse principal 3,439,17/11/2019 15:22,Propriétaire,18/11/2019 00:00,Propriétaire,1010.80,170.30,0.00,0.00,800.00,381.10,381.10,0.00
Esprit Sushi Fribourg,Terminal mobile,496,17/11/2019 18:06,Propriétaire,17/11/2019 21:36,Propriétaire,502.60,94.00,0.00,0.00,0.00,596.60,596.60,0.00
Esprit Sushi Fribourg,Caisse principal 3,438,16/11/2019 15:36,Propriétaire,16/11/2019 21:35,Propriétaire,531.30,49.50,0.00,600.00,170.00,1010.80,1010.80,0.00
Esprit Sushi Fribourg,Terminal mobile,495,16/11/2019 18:10,Propriétaire,16/11/2019 21:34,Propriétaire,954.20,149.90,0.00,0.00,601.50,502.60,502.60,0.00
Esprit Sushi Fribourg,Caisse principal 3,437,15/11/2019 15:53,Propriétaire,15/11/2019 22:44,Propriétaire,505.80,65.50,0.00,0.00,40.00,531.30,531.30,0.00
Esprit Sushi Fribourg,Terminal mobile,494,15/11/2019 17:54,Propriétaire,15/11/2019 21:56,Propriétaire,667.70,286.50,0.00,0.00,0.00,954.20,954.20,0.00
Esprit Sushi Fribourg,Caisse principal 3,436,14/11/2019 14:17,Propriétaire,14/11/2019 22:13,Propriétaire,423.40,122.40,0.00,0.00,40.00,505.80,505.80,0.00
Esprit Sushi Fribourg,Terminal mobile,493,14/11/2019 17:58,Propriétaire,14/11/2019 21:32,Propriétaire,586.80,80.90,0.00,0.00,0.00,667.70,667.70,0.00
Esprit Sushi Fribourg,Caisse principal 3,435,13/11/2019 15:54,Propriétaire,14/11/2019 14:17,Propriétaire,419.90,3.50,0.00,0.00,0.00,423.40,423.40,0.00
Esprit Sushi Fribourg,Terminal mobile,492,13/11/2019 18:00,Propriétaire,13/11/2019 21:32,Propriétaire,586.80,0.00,0.00,0.00,0.00,586.80,586.80,0.00
Esprit Sushi Fribourg,Caisse principal 3,434,12/11/2019 16:52,Propriétaire,12/11/2019 21:31,Propriétaire,391.90,28.00,0.00,0.00,0.00,419.90,419.90,0.00
Esprit Sushi Fribourg,Terminal mobile,491,12/11/2019 18:05,Propriétaire,12/11/2019 21:31,Propriétaire,474.30,112.50,0.00,0.00,0.00,586.80,586.80,0.00
Esprit Sushi Fribourg,Caisse principal 3,433,11/11/2019 12:21,Propriétaire,12/11/2019 16:52,Propriétaire,1144.40,37.50,0.00,0.00,790.00,391.90,391.90,0.00
Esprit Sushi Fribourg,Terminal mobile,490,11/11/2019 18:25,Propriétaire,11/11/2019 21:33,Propriétaire,474.30,0.00,0.00,0.00,0.00,474.30,474.30,0.00
Esprit Sushi Fribourg,Caisse principal 3,432,10/11/2019 16:37,Propriétaire,10/11/2019 21:52,Propriétaire,593.40,51.00,0.00,500.00,0.00,1144.40,1144.40,0.00
Esprit Sushi Fribourg,Terminal mobile,489,10/11/2019 18:05,Propriétaire,10/11/2019 21:49,Propriétaire,922.30,52.00,0.00,0.00,500.00,474.30,474.30,0.00
Esprit Sushi Fribourg,Caisse principal 3,431,10/11/2019 10:40,Propriétaire,10/11/2019 10:41,Propriétaire,633.40,0.00,0.00,0.00,40.00,593.40,593.40,0.00
Esprit Sushi Fribourg,Terminal mobile,488,09/11/2019 18:04,Propriétaire,09/11/2019 21:29,Propriétaire,836.40,85.90,0.00,0.00,0.00,922.30,922.30,0.00
Esprit Sushi Fribourg,Caisse principal 3,430,08/11/2019 16:04,Propriétaire,09/11/2019 21:29,Propriétaire,437.70,285.70,0.00,10.00,100.00,633.40,633.40,0.00
Esprit Sushi Fribourg,Terminal mobile,487,08/11/2019 17:58,Propriétaire,08/11/2019 21:31,Propriétaire,789.50,45.90,0.00,0.00,0.00,835.40,835.40,0.00
Esprit Sushi Fribourg,Caisse principal 3,429,07/11/2019 16:18,Propriétaire,08/11/2019 16:04,Propriétaire,431.80,125.90,0.00,0.00,120.00,437.70,437.70,0.00
Esprit Sushi Fribourg,Terminal mobile,486,07/11/2019 18:06,Propriétaire,07/11/2019 21:31,Propriétaire,692.00,97.50,0.00,0.00,0.00,789.50,789.50,0.00
Esprit Sushi Fribourg,Caisse principal 3,428,06/11/2019 16:11,Propriétaire,06/11/2019 22:04,Propriétaire,0.00,19.70,0.00,412.10,0.00,431.80,431.80,0.00
Esprit Sushi Fribourg,Terminal mobile,485,06/11/2019 17:57,Propriétaire,06/11/2019 21:31,Propriétaire,593.00,99.00,0.00,0.00,0.00,692.00,692.00,0.00
Esprit Sushi Fribourg,Caisse principal 3,427,05/11/2019 14:34,Propriétaire,05/11/2019 22:16,Propriétaire,412.10,0.00,0.00,0.00,0.00,412.10,412.10,0.00
Esprit Sushi Fribourg,Terminal mobile,484,05/11/2019 18:03,Propriétaire,05/11/2019 22:12,Propriétaire,460.00,133.00,0.00,0.00,0.00,593.00,593.00,0.00
Esprit Sushi Fribourg,Terminal mobile,483,05/11/2019 18:03,Propriétaire,05/11/2019 18:03,Propriétaire,0.00,0.00,0.00,0.00,0.00,0.00,0.00,0.00
Esprit Sushi Fribourg,Caisse principal 3,426,04/11/2019 15:45,Propriétaire,04/11/2019 22:30,Propriétaire,992.10,20.00,0.00,0.00,600.00,412.10,412.10,0.00
Esprit Sushi Fribourg,Terminal mobile,482,04/11/2019 15:44,Propriétaire,04/11/2019 21:33,Propriétaire,406.50,53.50,0.00,0.00,0.00,460.00,460.00,0.00
Esprit Sushi Fribourg,Terminal mobile,481,03/11/2019 18:17,Propriétaire,04/11/2019 15:44,Propriétaire,959.60,296.90,0.00,0.00,850.00,406.50,406.50,0.00
Esprit Sushi Fribourg,Caisse principal 3,425,03/11/2019 16:57,Propriétaire,03/11/2019 21:39,Propriétaire,453.90,88.20,0.00,450.00,0.00,992.10,992.10,0.00
Esprit Sushi Fribourg,Terminal mobile,480,03/11/2019 14:21,Propriétaire,03/11/2019 14:21,Propriétaire,1009.60,0.00,0.00,0.00,50.00,959.60,959.60,0.00
Esprit Sushi Fribourg,Caisse principal 3,424,02/11/2019 16:26,Propriétaire,02/11/2019 23:03,Propriétaire,402.70,51.20,0.00,0.00,0.00,453.90,453.90,0.00
Esprit Sushi Fribourg,Terminal mobile,479,02/11/2019 18:04,Propriétaire,02/11/2019 23:03,Propriétaire,744.80,264.80,0.00,0.00,0.00,1009.60,1009.60,0.00
Esprit Sushi Fribourg,Terminal mobile,478,01/11/2019 18:02,Propriétaire,02/11/2019 18:04,Propriétaire,620.80,124.00,0.00,0.00,0.00,744.80,744.80,0.00
Esprit Sushi Fribourg,Caisse principal 3,423,01/11/2019 15:49,Propriétaire,01/11/2019 23:44,Propriétaire,355.70,47.00,0.00,0.00,0.00,402.70,402.70,0.00
Esprit Sushi Fribourg,Terminal mobile,477,31/10/2019 17:56,Propriétaire,31/10/2019 22:11,Propriétaire,474.30,146.50,0.00,0.00,0.00,620.80,620.80,0.00
Esprit Sushi Fribourg,Caisse principal 3,422,31/10/2019 15:05,Propriétaire,31/10/2019 22:03,Propriétaire,352.50,3.20,0.00,0.00,0.00,355.70,355.70,0.00
Esprit Sushi Fribourg,Caisse principal 3,421,30/10/2019 16:15,Propriétaire,31/10/2019 15:05,Propriétaire,467.50,5.00,0.00,0.00,120.00,352.50,352.50,0.00
Esprit Sushi Fribourg,Terminal mobile,476,30/10/2019 18:00,Propriétaire,30/10/2019 21:30,Propriétaire,451.90,26.00,0.00,0.00,3.60,474.30,474.30,0.00
Esprit Sushi Fribourg,Caisse principal 3,420,29/10/2019 14:09,Propriétaire,29/10/2019 21:30,Propriétaire,431.50,36.00,0.00,0.00,0.00,467.50,467.50,0.00
Esprit Sushi Fribourg,Terminal mobile,475,29/10/2019 17:51,Propriétaire,29/10/2019 21:30,Propriétaire,452.40,99.50,0.00,0.00,100.00,451.90,451.90,0.00
Esprit Sushi Fribourg,Caisse principal 3,419,27/10/2019 15:04,Propriétaire,28/10/2019 22:26,Propriétaire,483.80,87.70,0.00,40.00,180.00,431.50,431.50,0.00
Esprit Sushi Fribourg,Terminal mobile,474,28/10/2019 15:47,Propriétaire,28/10/2019 21:46,Propriétaire,911.90,42.50,0.00,0.00,600.00,354.40,354.40,0.00
Esprit Sushi Fribourg,Terminal mobile,473,27/10/2019 15:40,Propriétaire,27/10/2019 22:25,Propriétaire,682.40,279.50,0.00,0.00,50.00,911.90,911.90,0.00
Esprit Sushi Fribourg,Caisse principal 3,418,26/10/2019 13:19,Propriétaire,27/10/2019 16:04,Propriétaire,344.40,139.40,0.00,0.00,0.00,483.80,483.80,0.00
Esprit Sushi Fribourg,Terminal mobile,472,26/10/2019 18:04,Propriétaire,26/10/2019 21:24,Propriétaire,682.40,0.00,0.00,0.00,0.00,682.40,682.40,0.00
Esprit Sushi Fribourg,Terminal mobile,471,26/10/2019 18:03,Propriétaire,26/10/2019 18:03,Propriétaire,0.00,0.00,0.00,0.00,0.00,0.00,0.00,0.00
Esprit Sushi Fribourg,Terminal mobile,470,26/10/2019 18:03,Propriétaire,26/10/2019 18:03,Propriétaire,0.00,0.00,0.00,0.00,0.00,0.00,0.00,0.00
Esprit Sushi Fribourg,Caisse principal 3,417,25/10/2019 14:08,Propriétaire,25/10/2019 22:01,Propriétaire,344.40,0.00,0.00,0.00,0.00,344.40,344.40,0.00
Esprit Sushi Fribourg,Terminal mobile,469,25/10/2019 18:00,Propriétaire,25/10/2019 21:57,Propriétaire,547.40,135.00,0.00,0.00,0.00,682.40,682.40,0.00
Esprit Sushi Fribourg,Caisse principal 3,416,25/10/2019 14:07,Propriétaire,25/10/2019 14:08,Propriétaire,364.40,0.00,0.00,0.00,20.00,344.40,344.40,0.00
Esprit Sushi Fribourg,Terminal mobile,468,24/10/2019 15:38,Propriétaire,24/10/2019 21:43,Propriétaire,448.90,98.50,0.00,0.00,0.00,547.40,547.40,0.00
Esprit Sushi Fribourg,Caisse principal 3,415,24/10/2019 15:42,Propriétaire,24/10/2019 21:37,Propriétaire,372.40,32.00,0.00,0.00,40.00,364.40,364.40,0.00
Esprit Sushi Fribourg,Terminal mobile,467,23/10/2019 15:30,Propriétaire,24/10/2019 15:38,Propriétaire,589.40,139.50,0.00,20.00,300.00,448.90,448.90,0.00
Esprit Sushi Fribourg,Caisse principal 3,414,23/10/2019 15:30,Propriétaire,23/10/2019 22:21,Propriétaire,452.40,0.00,0.00,0.00,80.00,372.40,372.40,0.00
Esprit Sushi Fribourg,Caisse principal 3,413,22/10/2019 14:30,Propriétaire,22/10/2019 22:37,Propriétaire,395.00,184.30,126.90,0.00,0.00,452.40,452.40,0.00
Esprit Sushi Fribourg,Terminal mobile,466,22/10/2019 18:14,Propriétaire,22/10/2019 22:09,Propriétaire,337.30,252.10,0.00,0.00,0.00,589.40,589.40,0.00
Esprit Sushi Fribourg,Terminal mobile,465,22/10/2019 14:30,Propriétaire,22/10/2019 14:33,Propriétaire,637.30,0.00,0.00,0.00,300.00,337.30,337.30,0.00
Esprit Sushi Fribourg,Caisse principal 3,412,21/10/2019 14:11,Propriétaire,21/10/2019 22:18,Propriétaire,624.30,20.70,0.00,0.00,250.00,395.00,395.00,0.00
Esprit Sushi Fribourg,Terminal mobile,464,21/10/2019 18:41,Propriétaire,21/10/2019 21:34,Propriétaire,552.30,85.00,0.00,0.00,0.00,637.30,637.30,0.00
Esprit Sushi Fribourg,Caisse principal 3,411,20/10/2019 17:30,Propriétaire,20/10/2019 21:58,Propriétaire,559.80,34.50,0.00,50.00,20.00,624.30,624.30,0.00
Esprit Sushi Fribourg,Terminal mobile,463,20/10/2019 18:02,Propriétaire,20/10/2019 21:51,Propriétaire,523.10,79.20,0.00,0.00,50.00,552.30,552.30,0.00
Esprit Sushi Fribourg,Caisse principal 3,410,19/10/2019 12:36,Propriétaire,19/10/2019 21:31,Propriétaire,369.80,190.00,0.00,0.00,0.00,559.80,559.80,0.00
Esprit Sushi Fribourg,Terminal mobile,462,18/10/2019 22:51,Propriétaire,19/10/2019 21:31,Propriétaire,839.70,183.40,0.00,0.00,500.00,523.10,523.10,0.00
Esprit Sushi Fribourg,Caisse principal 3,409,18/10/2019 15:33,Propriétaire,18/10/2019 22:54,Propriétaire,550.90,118.90,0.00,0.00,300.00,369.80,369.80,0.00
Esprit Sushi Fribourg,Terminal mobile,461,17/10/2019 17:53,Propriétaire,18/10/2019 21:35,Propriétaire,584.20,255.50,0.00,0.00,0.00,839.70,839.70,0.00
Esprit Sushi Fribourg,Caisse principal 3,408,17/10/2019 16:14,Propriétaire,17/10/2019 21:32,Propriétaire,550.90,86.00,86.00,0.00,0.00,550.90,550.90,0.00
Esprit Sushi Fribourg,Terminal mobile,460,16/10/2019 18:01,Propriétaire,16/10/2019 21:35,Propriétaire,545.70,38.50,0.00,0.00,0.00,584.20,584.20,0.00
Esprit Sushi Fribourg,Caisse principal 3,407,16/10/2019 17:49,Propriétaire,16/10/2019 21:34,Propriétaire,0.00,32.00,0.00,1064.60,545.70,550.90,550.90,0.00
Esprit Sushi Fribourg,Terminal mobile,459,15/10/2019 18:11,Propriétaire,15/10/2019 21:30,Propriétaire,441.80,103.90,0.00,0.00,0.00,545.70,545.70,0.00
Esprit Sushi Fribourg,Caisse principal 3,406,15/10/2019 15:26,Propriétaire,15/10/2019 21:30,Propriétaire,389.00,129.90,0.00,0.00,0.00,518.90,518.90,0.00
Esprit Sushi Fribourg,Caisse principal 3,405,14/10/2019 16:04,Propriétaire,14/10/2019 22:55,Propriétaire,361.80,27.20,0.00,100.00,100.00,389.00,389.00,0.00
Esprit Sushi Fribourg,Terminal mobile,458,14/10/2019 18:01,Propriétaire,14/10/2019 21:41,Propriétaire,495.80,46.00,0.00,0.00,100.00,441.80,441.80,0.00
Esprit Sushi Fribourg,Caisse principal 3,404,13/10/2019 13:53,Propriétaire,13/10/2019 22:38,Propriétaire,405.30,56.50,0.00,300.00,400.00,361.80,361.80,0.00
Esprit Sushi Fribourg,Terminal mobile,457,13/10/2019 17:59,Propriétaire,13/10/2019 21:30,Propriétaire,697.80,98.00,0.00,0.00,300.00,495.80,495.80,0.00
Esprit Sushi Fribourg,Terminal mobile,456,12/10/2019 18:12,Propriétaire,12/10/2019 21:35,Propriétaire,411.80,286.00,0.00,0.00,0.00,697.80,697.80,0.00
Esprit Sushi Fribourg,Caisse principal 3,403,11/10/2019 16:12,Propriétaire,12/10/2019 21:35,Propriétaire,379.30,26.00,0.00,0.00,0.00,405.30,405.30,0.00
Esprit Sushi Fribourg,Terminal mobile,455,12/10/2019 09:25,Propriétaire,12/10/2019 09:25,Propriétaire,750.80,0.00,0.00,0.00,340.00,410.80,410.80,0.00
Esprit Sushi Fribourg,Terminal mobile,454,11/10/2019 18:08,Propriétaire,11/10/2019 21:55,Propriétaire,528.10,222.70,0.00,0.00,0.00,750.80,750.80,0.00
Esprit Sushi Fribourg,Caisse principal 3,402,10/10/2019 16:37,Propriétaire,10/10/2019 22:13,Propriétaire,366.60,12.70,0.00,0.00,0.00,379.30,379.30,0.00
Esprit Sushi Fribourg,Terminal mobile,453,10/10/2019 18:39,Propriétaire,10/10/2019 21:28,Propriétaire,527.10,0.00,0.00,1.00,0.00,528.10,528.10,0.00
Esprit Sushi Fribourg,Caisse principal 3,401,09/10/2019 14:41,Propriétaire,10/10/2019 16:37,Propriétaire,366.60,0.00,0.00,0.00,0.00,366.60,366.60,0.00
Esprit Sushi Fribourg,Terminal mobile,452,09/10/2019 17:59,Propriétaire,09/10/2019 21:25,Propriétaire,480.60,47.50,0.00,0.00,0.00,528.10,528.10,0.00
Esprit Sushi Fribourg,Caisse principal 3,400,08/10/2019 14:41,Propriétaire,08/10/2019 21:29,Propriétaire,366.60,0.00,0.00,0.00,0.00,366.60,366.60,0.00
Esprit Sushi Fribourg,Terminal mobile,451,08/10/2019 18:07,Propriétaire,08/10/2019 21:29,Propriétaire,429.60,51.00,0.00,0.00,0.00,480.60,480.60,0.00
Esprit Sushi Fribourg,Caisse principal 3,399,07/10/2019 16:19,Propriétaire,07/10/2019 21:59,Propriétaire,366.60,0.00,0.00,0.00,0.00,366.60,366.60,0.00
Esprit Sushi Fribourg,Terminal mobile,450,07/10/2019 18:08,Propriétaire,07/10/2019 21:38,Propriétaire,750.80,23.00,0.00,0.00,343.20,430.60,430.60,0.00
Esprit Sushi Fribourg,Caisse principal 3,398,06/10/2019 23:33,Propriétaire,06/10/2019 23:33,Propriétaire,1266.60,0.00,0.00,0.00,900.00,366.60,366.60,0.00
Esprit Sushi Fribourg,Caisse principal 3,397,06/10/2019 14:57,Propriétaire,06/10/2019 21:58,Propriétaire,944.60,22.00,0.00,300.00,0.00,1266.60,1266.60,0.00
Esprit Sushi Fribourg,Terminal mobile,449,06/10/2019 18:13,Propriétaire,06/10/2019 21:50,Propriétaire,655.90,94.90,0.00,0.00,0.00,750.80,750.80,0.00
Esprit Sushi Fribourg,Caisse principal 3,396,05/10/2019 17:01,Propriétaire,05/10/2019 23:03,Propriétaire,454.40,197.00,0.00,303.00,9.80,944.60,944.60,0.00
Esprit Sushi Fribourg,Terminal mobile,448,05/10/2019 18:07,Propriétaire,05/10/2019 22:54,Propriétaire,706.90,248.90,0.00,0.00,300.00,655.80,655.80,0.00
Esprit Sushi Fribourg,Caisse principal 3,395,04/10/2019 22:15,Propriétaire,04/10/2019 22:15,Propriétaire,0.00,0.00,0.00,0.00,0.00,0.00,0.00,0.00
Esprit Sushi Fribourg,Caisse principal 3,394,04/10/2019 12:53,Propriétaire,04/10/2019 22:15,Propriétaire,780.40,74.00,0.00,0.00,400.00,454.40,454.40,0.00
Esprit Sushi Fribourg,Terminal mobile,447,04/10/2019 18:02,Propriétaire,04/10/2019 21:50,Propriétaire,403.00,303.90,0.00,0.00,0.00,706.90,706.90,0.00
Esprit Sushi Fribourg,Terminal mobile,446,04/10/2019 12:54,Propriétaire,04/10/2019 12:54,Propriétaire,603.00,0.00,0.00,0.00,200.00,403.00,403.00,0.00
Esprit Sushi Fribourg,Caisse principal 3,393,03/10/2019 13:54,Propriétaire,03/10/2019 22:00,Propriétaire,763.90,16.50,0.00,0.00,0.00,780.40,780.40,0.00
Esprit Sushi Fribourg,Terminal mobile,445,03/10/2019 18:00,Propriétaire,03/10/2019 21:30,Propriétaire,405.00,198.00,0.00,0.00,0.00,603.00,603.00,0.00
Esprit Sushi Fribourg,Terminal mobile,444,02/10/2019 22:31,Propriétaire,02/10/2019 22:31,Propriétaire,605.00,0.00,0.00,0.00,200.00,405.00,405.00,0.00
Esprit Sushi Fribourg,Caisse principal 3,392,02/10/2019 14:55,Propriétaire,02/10/2019 22:06,Propriétaire,402.90,161.00,0.00,200.00,0.00,763.90,763.90,0.00
Esprit Sushi Fribourg,Terminal mobile,443,02/10/2019 18:02,Propriétaire,02/10/2019 21:39,Propriétaire,576.50,28.50,0.00,0.00,0.00,605.00,605.00,0.00
Esprit Sushi Fribourg,Caisse principal 3,391,01/10/2019 14:48,Propriétaire,01/10/2019 21:46,Propriétaire,362.90,92.50,52.50,0.00,0.00,402.90,402.90,0.00
Esprit Sushi Fribourg,Terminal mobile,442,30/09/2019 18:04,Propriétaire,01/10/2019 21:43,Propriétaire,540.60,235.90,0.00,0.00,200.00,576.50,576.50,0.00
Esprit Sushi Fribourg,Caisse principal 3,390,30/09/2019 16:13,Propriétaire,30/09/2019 22:25,Propriétaire,342.90,20.00,0.00,0.00,0.00,362.90,362.90,0.00
Esprit Sushi Fribourg,Caisse principal 3,389,29/09/2019 14:29,Propriétaire,29/09/2019 22:04,Propriétaire,420.00,62.90,0.00,640.00,780.00,342.90,342.90,0.00
Esprit Sushi Fribourg,Terminal mobile,441,29/09/2019 18:06,Propriétaire,29/09/2019 21:33,Propriétaire,482.40,58.20,0.00,0.00,0.00,540.60,540.60,0.00
Esprit Sushi Fribourg,Terminal mobile,440,28/09/2019 22:03,Propriétaire,28/09/2019 22:03,Propriétaire,882.40,0.00,0.00,0.00,400.00,482.40,482.40,0.00
Esprit Sushi Fribourg,Terminal mobile,439,28/09/2019 22:03,Propriétaire,28/09/2019 22:03,Propriétaire,0.00,0.00,0.00,0.00,0.00,0.00,0.00,0.00
Esprit Sushi Fribourg,Terminal mobile,438,28/09/2019 17:55,Propriétaire,28/09/2019 22:01,Propriétaire,620.00,262.40,0.00,0.00,0.00,882.40,882.40,0.00
Esprit Sushi Fribourg,Caisse principal 3,388,28/09/2019 15:09,Propriétaire,28/09/2019 21:41,Propriétaire,347.50,72.50,0.00,0.00,0.00,420.00,420.00,0.00
Esprit Sushi Fribourg,Terminal mobile,437,28/09/2019 13:41,Propriétaire,28/09/2019 17:51,Propriétaire,0.00,0.00,0.00,0.00,0.00,0.00,0.00,0.00
Esprit Sushi Fribourg,Caisse principal 3,387,27/09/2019 14:27,Propriétaire,27/09/2019 21:39,Propriétaire,447.50,0.00,0.00,0.00,100.00,347.50,347.50,0.00
Esprit Sushi Fribourg,Terminal mobile,436,27/09/2019 18:00,Propriétaire,27/09/2019 21:35,Propriétaire,374.60,245.40,0.00,0.00,0.00,620.00,620.00,0.00
Esprit Sushi Fribourg,Terminal mobile,435,27/09/2019 14:22,Propriétaire,27/09/2019 14:22,Propriétaire,474.60,0.00,0.00,0.00,100.00,374.60,374.60,0.00
Esprit Sushi Fribourg,Caisse principal 3,386,26/09/2019 13:52,Propriétaire,26/09/2019 23:22,Propriétaire,427.50,20.00,0.00,0.00,0.00,447.50,447.50,0.00
Esprit Sushi Fribourg,Terminal mobile,434,26/09/2019 17:55,Propriétaire,26/09/2019 21:09,Propriétaire,427.60,47.00,0.00,0.00,0.00,474.60,474.60,0.00
Esprit Sushi Fribourg,Caisse principal 3,385,25/09/2019 15:46,Propriétaire,25/09/2019 23:21,Propriétaire,361.10,64.40,0.00,2.00,0.00,427.50,427.50,0.00
Esprit Sushi Fribourg,Terminal mobile,433,25/09/2019 17:54,Propriétaire,25/09/2019 21:31,Propriétaire,427.60,0.00,0.00,0.00,0.00,427.60,427.60,0.00
Esprit Sushi Fribourg,Caisse principal 3,384,25/09/2019 10:14,Propriétaire,25/09/2019 10:17,Propriétaire,583.10,0.00,0.00,0.00,222.00,361.10,361.10,0.00
Esprit Sushi Fribourg,Caisse principal 3,383,24/09/2019 15:59,Propriétaire,24/09/2019 22:44,Propriétaire,354.60,128.50,0.00,100.00,0.00,583.10,583.10,0.00
Esprit Sushi Fribourg,Terminal mobile,432,24/09/2019 18:19,Propriétaire,24/09/2019 21:30,Propriétaire,473.60,54.00,0.00,0.00,100.00,427.60,427.60,0.00
Esprit Sushi Fribourg,Caisse principal 3,382,22/09/2019 09:48,Propriétaire,23/09/2019 21:58,Propriétaire,473.40,176.20,0.00,5.00,300.00,354.60,354.60,0.00
Esprit Sushi Fribourg,Terminal mobile,431,23/09/2019 18:02,Propriétaire,23/09/2019 21:57,Propriétaire,351.70,121.90,0.00,0.00,0.00,473.60,473.60,0.00
Esprit Sushi Fribourg,Terminal mobile,430,23/09/2019 14:54,Propriétaire,23/09/2019 14:54,Propriétaire,551.50,0.00,0.00,0.00,200.00,351.50,351.50,0.00
Esprit Sushi Fribourg,Terminal mobile,429,22/09/2019 17:59,Propriétaire,22/09/2019 21:35,Propriétaire,475.00,76.50,0.00,0.00,0.00,551.50,551.50,0.00
Esprit Sushi Fribourg,Terminal mobile,428,21/09/2019 18:09,Propriétaire,21/09/2019 21:42,Propriétaire,326.40,175.60,27.00,0.00,0.00,475.00,475.00,0.00
Esprit Sushi Fribourg,Caisse principal 3,381,20/09/2019 16:07,Propriétaire,21/09/2019 21:42,Propriétaire,426.40,127.00,0.00,0.00,80.00,473.40,473.40,0.00
Esprit Sushi Fribourg,Terminal mobile,427,21/09/2019 13:05,Propriétaire,21/09/2019 13:10,Propriétaire,466.40,0.00,0.00,40.00,180.00,326.40,326.40,0.00
Esprit Sushi Fribourg,Terminal mobile,426,20/09/2019 16:07,Propriétaire,20/09/2019 21:49,Propriétaire,451.50,115.90,0.00,0.00,101.00,466.40,466.40,0.00
Esprit Sushi Fribourg,Caisse principal 3,380,19/09/2019 15:46,Propriétaire,20/09/2019 16:07,Propriétaire,566.40,0.00,0.00,100.00,240.00,426.40,426.40,0.00
Esprit Sushi Fribourg,Terminal mobile,425,19/09/2019 17:57,Propriétaire,19/09/2019 21:39,Propriétaire,356.80,94.70,0.00,0.00,0.00,451.50,451.50,0.00
Esprit Sushi Fribourg,Terminal mobile,424,19/09/2019 15:44,Propriétaire,19/09/2019 15:45,Propriétaire,516.80,0.00,0.00,0.00,160.00,356.80,356.80,0.00
Esprit Sushi Fribourg,Caisse principal 3,379,18/09/2019 14:59,Propriétaire,18/09/2019 22:02,Propriétaire,446.50,119.90,0.00,0.00,0.00,566.40,566.40,0.00
Esprit Sushi Fribourg,Terminal mobile,423,18/09/2019 18:02,Propriétaire,18/09/2019 21:33,Propriétaire,459.80,57.00,0.00,0.00,0.00,516.80,516.80,0.00
Esprit Sushi Fribourg,Caisse principal 3,378,17/09/2019 16:18,Propriétaire,17/09/2019 21:50,Propriétaire,401.60,44.90,0.00,0.00,0.00,446.50,446.50,0.00
Esprit Sushi Fribourg,Terminal mobile,422,17/09/2019 18:11,Propriétaire,17/09/2019 21:30,Propriétaire,382.30,77.50,0.00,0.00,0.00,459.80,459.80,0.00
Esprit Sushi Fribourg,Caisse principal 3,377,16/09/2019 15:30,Propriétaire,16/09/2019 21:52,Propriétaire,401.60,0.00,0.00,0.00,0.00,401.60,401.60,0.00
Esprit Sushi Fribourg,Terminal mobile,421,16/09/2019 18:43,Propriétaire,16/09/2019 21:35,Propriétaire,354.30,28.00,0.00,0.00,0.00,382.30,382.30,0.00
Esprit Sushi Fribourg,Caisse principal 3,376,15/09/2019 15:35,Propriétaire,16/09/2019 15:30,Propriétaire,489.60,15.00,0.00,0.00,103.00,401.60,401.60,0.00
Esprit Sushi Fribourg,Terminal mobile,420,15/09/2019 17:59,Propriétaire,16/09/2019 15:29,Propriétaire,536.70,257.60,0.00,0.00,440.00,354.30,354.30,0.00
Esprit Sushi Fribourg,Caisse principal 3,375,14/09/2019 16:48,Propriétaire,14/09/2019 21:42,Propriétaire,449.10,40.50,0.00,0.00,0.00,489.60,489.60,0.00
Esprit Sushi Fribourg,Terminal mobile,419,14/09/2019 18:04,Propriétaire,14/09/2019 21:39,Propriétaire,404.00,132.70,0.00,0.00,0.00,536.70,536.70,0.00
Esprit Sushi Fribourg,Terminal mobile,418,14/09/2019 14:00,Propriétaire,14/09/2019 14:01,Propriétaire,454.00,0.00,0.00,0.00,50.00,404.00,404.00,0.00
Esprit Sushi Fribourg,Caisse principal 3,374,12/09/2019 14:13,Propriétaire,14/09/2019 13:15,Propriétaire,383.30,265.80,0.00,20.00,220.00,449.10,449.10,0.00
Esprit Sushi Fribourg,Terminal mobile,417,13/09/2019 18:01,Propriétaire,13/09/2019 21:51,Propriétaire,375.00,80.50,0.00,0.00,1.50,454.00,454.00,0.00
Esprit Sushi Fribourg,Terminal mobile,416,12/09/2019 17:56,Propriétaire,12/09/2019 21:45,Propriétaire,354.50,20.50,0.00,0.00,0.00,375.00,375.00,0.00
Esprit Sushi Fribourg,Caisse principal 3,373,11/09/2019 17:24,Propriétaire,11/09/2019 21:58,Propriétaire,463.30,0.00,0.00,0.00,80.00,383.30,383.30,0.00
Esprit Sushi Fribourg,Terminal mobile,415,11/09/2019 17:54,Propriétaire,11/09/2019 21:00,Propriétaire,354.50,0.00,0.00,0.00,0.00,354.50,354.50,0.00
Esprit Sushi Fribourg,Terminal mobile,414,10/09/2019 18:02,Propriétaire,10/09/2019 21:28,Propriétaire,354.50,0.00,0.00,0.00,0.00,354.50,354.50,0.00
Esprit Sushi Fribourg,Caisse principal 3,372,10/09/2019 15:49,Propriétaire,10/09/2019 21:27,Propriétaire,350.10,123.20,0.00,0.00,10.00,463.30,463.30,0.00
Esprit Sushi Fribourg,Terminal mobile,413,09/09/2019 14:34,Propriétaire,09/09/2019 21:29,Propriétaire,866.00,88.50,0.00,0.00,600.00,354.50,354.50,0.00
Esprit Sushi Fribourg,Caisse principal 3,371,09/09/2019 14:37,Propriétaire,09/09/2019 21:29,Propriétaire,519.40,30.70,0.00,0.00,200.00,350.10,350.10,0.00
Esprit Sushi Fribourg,Caisse principal 3,370,08/09/2019 16:36,Propriétaire,08/09/2019 21:34,Propriétaire,519.40,0.00,0.00,0.00,0.00,519.40,519.40,0.00
Esprit Sushi Fribourg,Terminal mobile,412,08/09/2019 18:10,Propriétaire,08/09/2019 21:34,Propriétaire,741.50,134.50,0.00,0.00,10.00,866.00,866.00,0.00
Esprit Sushi Fribourg,Caisse principal 3,369,07/09/2019 15:24,Propriétaire,07/09/2019 22:34,Propriétaire,478.90,60.50,0.00,0.00,0.00,539.40,539.40,0.00
Esprit Sushi Fribourg,Terminal mobile,411,07/09/2019 18:50,Propriétaire,07/09/2019 21:55,Propriétaire,702.00,39.50,0.00,0.00,0.00,741.50,741.50,0.00
Esprit Sushi Fribourg,Terminal mobile,410,06/09/2019 18:07,Propriétaire,07/09/2019 16:47,Propriétaire,555.80,146.20,0.00,0.00,0.00,702.00,702.00,0.00
Esprit Sushi Fribourg,Caisse principal 3,368,06/09/2019 15:56,Propriétaire,06/09/2019 22:20,Propriétaire,854.90,64.00,0.00,0.00,440.00,478.90,478.90,0.00
Esprit Sushi Fribourg,Terminal mobile,409,05/09/2019 18:06,Propriétaire,05/09/2019 22:08,Propriétaire,483.80,72.00,0.00,0.00,0.00,555.80,555.80,0.00
Esprit Sushi Fribourg,Caisse principal 3,367,05/09/2019 15:56,Propriétaire,05/09/2019 22:08,Propriétaire,754.90,99.50,0.00,0.00,0.00,854.40,854.40,0.00
Esprit Sushi Fribourg,Caisse principal 3,366,03/09/2019 14:20,Propriétaire,04/09/2019 22:08,Propriétaire,448.60,206.30,0.00,300.00,200.00,754.90,754.90,0.00
Esprit Sushi Fribourg,Terminal mobile,408,04/09/2019 18:03,Propriétaire,04/09/2019 21:37,Propriétaire,586.30,97.50,0.00,0.00,200.00,483.80,483.80,0.00
Esprit Sushi Fribourg,Terminal mobile,407,03/09/2019 22:07,Propriétaire,03/09/2019 22:07,Propriétaire,0.00,0.00,0.00,0.00,0.00,0.00,0.00,0.00
Esprit Sushi Fribourg,Terminal mobile,406,03/09/2019 18:05,Propriétaire,03/09/2019 21:54,Propriétaire,535.40,150.90,0.00,0.00,100.00,586.30,586.30,0.00
Esprit Sushi Fribourg,Caisse principal 3,365,02/09/2019 14:10,Propriétaire,02/09/2019 21:31,Propriétaire,523.00,116.60,0.00,9.00,200.00,448.60,448.60,0.00
Esprit Sushi Fribourg,Terminal mobile,405,01/09/2019 18:13,Propriétaire,02/09/2019 21:31,Propriétaire,530.90,204.50,0.00,0.00,200.00,535.40,535.40,0.00
Esprit Sushi Fribourg,Caisse principal 3,364,01/09/2019 17:29,Propriétaire,01/09/2019 21:53,Propriétaire,433.50,89.50,0.00,0.00,0.00,523.00,523.00,0.00
Esprit Sushi Fribourg,Caisse principal 3,363,01/09/2019 16:01,Propriétaire,01/09/2019 17:29,Propriétaire,508.50,0.00,0.00,0.00,75.00,433.50,433.50,0.00
Esprit Sushi Fribourg,Caisse principal 3,362,31/08/2019 16:36,Propriétaire,31/08/2019 21:47,Propriétaire,450.10,58.40,0.00,0.00,0.00,508.50,508.50,0.00
Esprit Sushi Fribourg,Terminal mobile,404,31/08/2019 18:42,Propriétaire,31/08/2019 21:44,Propriétaire,357.40,173.50,0.00,0.00,0.00,530.90,530.90,0.00
Esprit Sushi Fribourg,Caisse principal 3,361,30/08/2019 13:28,Propriétaire,30/08/2019 22:39,Propriétaire,496.10,154.00,34.50,69.00,234.50,450.10,450.10,0.00
Esprit Sushi Fribourg,Terminal mobile,403,30/08/2019 22:37,Propriétaire,30/08/2019 22:38,Propriétaire,757.40,0.00,0.00,0.00,400.00,357.40,357.40,0.00
Esprit Sushi Fribourg,Terminal mobile,402,30/08/2019 17:59,Propriétaire,30/08/2019 22:02,Propriétaire,547.00,244.90,0.00,0.00,34.50,757.40,757.40,0.00
Esprit Sushi Fribourg,Caisse principal 3,360,29/08/2019 16:14,Propriétaire,29/08/2019 23:36,Propriétaire,315.10,181.00,0.00,0.00,0.00,496.10,496.10,0.00
Esprit Sushi Fribourg,Terminal mobile,401,29/08/2019 17:57,Propriétaire,29/08/2019 23:05,Propriétaire,371.60,175.40,0.00,0.00,0.00,547.00,547.00,0.00
Esprit Sushi Fribourg,Caisse principal 3,359,28/08/2019 21:58,Propriétaire,28/08/2019 21:58,Propriétaire,715.10,0.00,0.00,0.00,400.00,315.10,315.10,0.00
Esprit Sushi Fribourg,Terminal mobile,400,28/08/2019 21:57,Propriétaire,28/08/2019 21:57,Propriétaire,671.60,0.00,0.00,0.00,300.00,371.60,371.60,0.00
Esprit Sushi Fribourg,Terminal mobile,399,28/08/2019 21:56,Propriétaire,28/08/2019 21:56,Propriétaire,67.16,0.00,0.00,0.00,0.00,67.16,67.16,0.00
Esprit Sushi Fribourg,Caisse principal 3,358,27/08/2019 21:41,Propriétaire,28/08/2019 21:30,Propriétaire,730.10,0.00,0.00,0.00,15.00,715.10,715.10,0.00
Esprit Sushi Fribourg,Terminal mobile,398,27/08/2019 18:06,Propriétaire,28/08/2019 21:28,Propriétaire,485.10,296.50,0.00,0.00,110.00,671.60,671.60,0.00
Esprit Sushi Fribourg,Caisse principal 3,357,27/08/2019 16:35,Propriétaire,27/08/2019 21:39,Propriétaire,533.20,86.90,0.00,120.00,10.00,730.10,730.10,0.00
Esprit Sushi Fribourg,Caisse principal 3,356,26/08/2019 14:31,Propriétaire,27/08/2019 16:35,Propriétaire,442.20,91.00,0.00,0.00,0.00,533.20,533.20,0.00
Esprit Sushi Fribourg,Terminal mobile,397,26/08/2019 14:30,Propriétaire,26/08/2019 21:34,Propriétaire,512.10,173.00,0.00,0.00,200.00,485.10,485.10,0.00
Esprit Sushi Fribourg,Terminal mobile,396,25/08/2019 11:13,Propriétaire,25/08/2019 22:48,Propriétaire,917.60,194.50,0.00,0.00,600.00,512.10,512.10,0.00
Esprit Sushi Fribourg,Caisse principal 3,355,25/08/2019 15:42,Propriétaire,25/08/2019 22:37,Propriétaire,427.70,15.00,0.00,0.00,0.50,442.20,442.20,0.00
Esprit Sushi Fribourg,Caisse principal 3,354,23/08/2019 14:47,Propriétaire,24/08/2019 22:57,Propriétaire,411.70,146.00,0.00,0.00,130.00,427.70,427.70,0.00
Esprit Sushi Fribourg,Terminal mobile,395,24/08/2019 17:58,Propriétaire,24/08/2019 22:53,Propriétaire,624.70,292.90,0.00,0.00,0.00,917.60,917.60,0.00
Esprit Sushi Fribourg,Terminal mobile,394,23/08/2019 17:57,Propriétaire,24/08/2019 17:58,Propriétaire,411.50,213.20,0.00,0.00,0.00,624.70,624.70,0.00
Esprit Sushi Fribourg,Caisse principal 3,353,22/08/2019 22:23,Propriétaire,22/08/2019 22:23,Propriétaire,421.70,0.00,0.00,0.00,10.00,411.70,411.70,0.00
Esprit Sushi Fribourg,Caisse principal 3,352,22/08/2019 14:02,Propriétaire,22/08/2019 22:21,Propriétaire,635.70,46.00,0.00,0.00,260.00,421.70,421.70,0.00
Esprit Sushi Fribourg,Terminal mobile,393,22/08/2019 18:06,Propriétaire,22/08/2019 21:41,Propriétaire,364.00,52.50,0.00,0.00,5.00,411.50,411.50,0.00
Esprit Sushi Fribourg,Terminal mobile,392,22/08/2019 14:01,Propriétaire,22/08/2019 14:01,Propriétaire,504.00,0.00,0.00,0.00,140.00,364.00,364.00,0.00
Esprit Sushi Fribourg,Caisse principal 3,351,21/08/2019 14:34,Propriétaire,21/08/2019 21:32,Propriétaire,362.80,72.90,0.00,200.00,0.00,635.70,635.70,0.00
Esprit Sushi Fribourg,Terminal mobile,391,21/08/2019 18:10,Propriétaire,21/08/2019 21:29,Propriétaire,655.00,49.00,0.00,0.00,200.00,504.00,504.00,0.00
Esprit Sushi Fribourg,Caisse principal 3,350,20/08/2019 16:59,Propriétaire,20/08/2019 23:47,Propriétaire,362.80,0.00,0.00,0.00,0.00,362.80,362.80,0.00
Esprit Sushi Fribourg,Terminal mobile,390,20/08/2019 18:00,Propriétaire,20/08/2019 22:17,Propriétaire,477.00,178.00,0.00,0.00,0.00,655.00,655.00,0.00
Esprit Sushi Fribourg,Caisse principal 3,349,19/08/2019 15:32,Propriétaire,19/08/2019 21:42,Propriétaire,272.80,0.00,0.00,90.00,0.00,362.80,362.80,0.00
Esprit Sushi Fribourg,Terminal mobile,389,19/08/2019 15:30,Propriétaire,19/08/2019 21:39,Propriétaire,327.00,110.00,0.00,50.00,10.00,477.00,477.00,0.00
Esprit Sushi Fribourg,Caisse principal 3,348,14/07/2019 23:37,Propriétaire,19/08/2019 15:31,Propriétaire,671.80,1.00,0.00,0.00,400.00,272.80,272.80,0.00
Esprit Sushi Fribourg,Terminal mobile,388,14/07/2019 23:40,Propriétaire,19/08/2019 15:29,Propriétaire,877.00,0.00,0.00,0.00,550.00,327.00,327.00,0.00
Esprit Sushi Fribourg,Caisse principal 3,347,14/07/2019 14:14,Propriétaire,14/07/2019 21:35,Propriétaire,610.80,61.00,0.00,0.00,0.00,671.80,671.80,0.00
Esprit Sushi Fribourg,Terminal mobile,387,14/07/2019 18:09,Propriétaire,14/07/2019 21:35,Propriétaire,622.30,254.70,0.00,0.00,0.00,877.00,877.00,0.00
Esprit Sushi Fribourg,Caisse principal 3,346,13/07/2019 16:36,Propriétaire,13/07/2019 22:24,Propriétaire,365.90,44.90,0.00,200.00,0.00,610.80,610.80,0.00
Esprit Sushi Fribourg,Terminal mobile,386,13/07/2019 19:09,Propriétaire,13/07/2019 22:21,Propriétaire,646.60,176.00,0.00,0.00,200.00,622.60,622.60,0.00
Esprit Sushi Fribourg,Caisse principal 3,345,12/07/2019 23:06,Propriétaire,12/07/2019 23:06,Propriétaire,381.40,0.00,0.00,0.00,20.00,361.40,361.40,0.00
Esprit Sushi Fribourg,Caisse principal 3,344,12/07/2019 11:24,Propriétaire,12/07/2019 22:05,Propriétaire,851.80,29.60,0.00,0.00,500.00,381.40,381.40,0.00
Esprit Sushi Fribourg,Terminal mobile,385,12/07/2019 17:56,Propriétaire,12/07/2019 21:53,Propriétaire,389.00,257.60,0.00,0.00,0.00,646.60,646.60,0.00
Esprit Sushi Fribourg,Terminal mobile,384,12/07/2019 11:24,Propriétaire,12/07/2019 11:24,Propriétaire,689.00,0.00,0.00,0.00,300.00,389.00,389.00,0.00
Esprit Sushi Fribourg,Caisse principal 3,343,11/07/2019 14:11,Propriétaire,11/07/2019 21:47,Propriétaire,531.80,20.00,0.00,300.00,0.00,851.80,851.80,0.00
Esprit Sushi Fribourg,Terminal mobile,383,11/07/2019 18:25,Propriétaire,11/07/2019 21:42,Propriétaire,569.50,119.50,0.00,0.00,0.00,689.00,689.00,0.00
Esprit Sushi Fribourg,Terminal mobile,382,10/07/2019 18:02,Propriétaire,10/07/2019 21:29,Propriétaire,461.30,108.20,0.00,0.00,0.00,569.50,569.50,0.00
Esprit Sushi Fribourg,Caisse principal 3,342,10/07/2019 15:53,Propriétaire,10/07/2019 21:28,Propriétaire,460.60,71.20,0.00,0.00,0.00,531.80,531.80,0.00
Esprit Sushi Fribourg,Caisse principal 3,341,09/07/2019 18:03,Propriétaire,10/07/2019 15:53,Propriétaire,460.60,0.00,0.00,0.00,0.00,460.60,460.60,0.00
Esprit Sushi Fribourg,Terminal mobile,381,09/07/2019 18:06,Propriétaire,09/07/2019 21:01,Propriétaire,457.30,4.00,0.00,0.00,0.00,461.30,461.30,0.00
Esprit Sushi Fribourg,Terminal mobile,380,09/07/2019 15:11,Propriétaire,09/07/2019 15:15,Propriétaire,607.30,0.00,0.00,0.00,150.00,457.30,457.30,0.00
Esprit Sushi Fribourg,Caisse principal 3,340,08/07/2019 15:03,Propriétaire,08/07/2019 21:42,Propriétaire,1395.70,64.90,0.00,0.00,1000.00,460.60,460.60,0.00
Esprit Sushi Fribourg,Terminal mobile,379,08/07/2019 18:12,Propriétaire,08/07/2019 21:40,Propriétaire,320.00,287.30,0.00,0.00,0.00,607.30,607.30,0.00
Esprit Sushi Fribourg,Terminal mobile,378,08/07/2019 15:03,Propriétaire,08/07/2019 15:08,Propriétaire,720.00,0.00,0.00,0.00,400.00,320.00,320.00,0.00
Esprit Sushi Fribourg,Caisse principal 3,339,07/07/2019 17:00,Propriétaire,07/07/2019 21:51,Propriétaire,1347.20,68.50,0.00,0.00,20.00,1395.70,1395.70,0.00
Esprit Sushi Fribourg,Terminal mobile,377,07/07/2019 18:05,Propriétaire,07/07/2019 21:50,Propriétaire,371.20,338.80,0.00,10.00,0.00,720.00,720.00,0.00
Esprit Sushi Fribourg,Terminal mobile,376,06/07/2019 18:07,Propriétaire,06/07/2019 22:42,Propriétaire,665.20,365.90,0.00,0.00,660.00,371.10,371.10,0.00
Esprit Sushi Fribourg,Caisse principal 3,338,06/07/2019 15:27,Propriétaire,06/07/2019 22:41,Propriétaire,641.70,45.50,0.00,660.00,0.00,1347.20,1347.20,0.00
Esprit Sushi Fribourg,Caisse principal 3,337,05/07/2019 18:58,Propriétaire,05/07/2019 22:46,Propriétaire,673.90,17.80,0.00,0.00,50.00,641.70,641.70,0.00
Esprit Sushi Fribourg,Terminal mobile,375,05/07/2019 17:59,Propriétaire,05/07/2019 22:01,Propriétaire,485.80,179.40,0.00,0.00,0.00,665.20,665.20,0.00
Esprit Sushi Fribourg,Caisse principal 3,336,03/07/2019 13:39,Propriétaire,04/07/2019 21:56,Propriétaire,382.70,341.20,0.00,0.00,50.00,673.90,673.90,0.00
Esprit Sushi Fribourg,Terminal mobile,374,04/07/2019 18:00,Propriétaire,04/07/2019 21:36,Propriétaire,790.30,95.50,0.00,0.00,400.00,485.80,485.80,0.00
Esprit Sushi Fribourg,Terminal mobile,373,03/07/2019 17:58,Propriétaire,03/07/2019 22:09,Propriétaire,483.80,306.50,0.00,0.00,0.00,790.30,790.30,0.00
Esprit Sushi Fribourg,Caisse principal 3,335,02/07/2019 17:14,Propriétaire,02/07/2019 22:07,Propriétaire,359.50,23.20,0.00,0.00,0.00,382.70,382.70,0.00
Esprit Sushi Fribourg,Terminal mobile,372,02/07/2019 17:59,Propriétaire,02/07/2019 22:06,Propriétaire,438.80,45.00,0.00,0.00,0.00,483.80,483.80,0.00
Esprit Sushi Fribourg,Terminal mobile,371,01/07/2019 18:00,Propriétaire,02/07/2019 17:59,Propriétaire,727.80,51.00,0.00,0.00,340.00,438.80,438.80,0.00
Esprit Sushi Fribourg,Caisse principal 3,334,01/07/2019 17:00,Propriétaire,02/07/2019 15:43,Propriétaire,283.50,76.00,0.00,0.00,0.00,359.50,359.50,0.00
Esprit Sushi Fribourg,Caisse principal 3,333,30/06/2019 23:12,Propriétaire,01/07/2019 17:00,Propriétaire,283.50,0.00,0.00,0.00,0.00,283.50,283.50,0.00
Esprit Sushi Fribourg,Terminal mobile,370,30/06/2019 18:03,Propriétaire,30/06/2019 23:11,Propriétaire,650.50,129.50,47.00,0.00,5.20,727.80,727.80,0.00
Esprit Sushi Fribourg,Caisse principal 3,332,30/06/2019 23:08,Propriétaire,30/06/2019 23:10,Propriétaire,280.30,3.20,0.00,0.00,0.00,283.50,283.50,0.00
Esprit Sushi Fribourg,Caisse principal 3,331,30/06/2019 15:35,Propriétaire,30/06/2019 22:54,Propriétaire,313.90,16.40,0.00,0.00,50.00,280.30,280.30,0.00
Esprit Sushi Fribourg,Caisse principal 3,330,29/06/2019 15:52,Propriétaire,29/06/2019 21:29,Propriétaire,353.90,0.00,0.00,0.00,40.00,313.90,313.90,0.00
Esprit Sushi Fribourg,Terminal mobile,369,29/06/2019 17:53,Propriétaire,29/06/2019 21:01,Propriétaire,561.10,89.40,0.00,0.00,0.00,650.50,650.50,0.00
Esprit Sushi Fribourg,Caisse principal 3,329,28/06/2019 16:22,Propriétaire,28/06/2019 22:13,Propriétaire,353.90,0.00,0.00,0.00,0.00,353.90,353.90,0.00
Esprit Sushi Fribourg,Terminal mobile,368,28/06/2019 17:56,Propriétaire,28/06/2019 22:07,Propriétaire,431.40,131.20,0.00,0.00,1.50,561.10,561.10,0.00
Esprit Sushi Fribourg,Caisse principal 3,328,27/06/2019 16:36,Propriétaire,28/06/2019 16:22,Propriétaire,370.00,43.90,0.00,0.00,60.00,353.90,353.90,0.00
Esprit Sushi Fribourg,Terminal mobile,367,27/06/2019 17:56,Propriétaire,27/06/2019 21:53,Propriétaire,394.90,36.50,0.00,0.00,0.00,431.40,431.40,0.00
Esprit Sushi Fribourg,Caisse principal 3,327,26/06/2019 13:59,Propriétaire,26/06/2019 21:33,Propriétaire,362.50,7.50,0.00,0.00,0.00,370.00,370.00,0.00
Esprit Sushi Fribourg,Terminal mobile,366,26/06/2019 18:04,Propriétaire,26/06/2019 21:30,Propriétaire,349.00,45.90,0.00,0.00,0.00,394.90,394.90,0.00
Esprit Sushi Fribourg,Caisse principal 3,326,24/06/2019 16:12,Propriétaire,26/06/2019 13:59,Propriétaire,397.20,85.30,0.00,300.00,420.00,362.50,362.50,0.00
Esprit Sushi Fribourg,Terminal mobile,365,25/06/2019 17:54,Propriétaire,25/06/2019 22:16,Propriétaire,469.50,179.50,0.00,0.00,300.00,349.00,349.00,0.00
Esprit Sushi Fribourg,Terminal mobile,364,24/06/2019 17:55,Propriétaire,24/06/2019 21:30,Propriétaire,820.00,149.50,0.00,0.00,500.00,469.50,469.50,0.00
Esprit Sushi Fribourg,Caisse principal 3,325,23/06/2019 22:58,Propriétaire,23/06/2019 22:59,Propriétaire,394.00,3.20,0.00,0.00,0.00,397.20,397.20,0.00
Esprit Sushi Fribourg,Terminal mobile,363,23/06/2019 18:07,Propriétaire,23/06/2019 22:34,Propriétaire,594.00,226.00,0.00,0.00,0.00,820.00,820.00,0.00
Esprit Sushi Fribourg,Caisse principal 3,324,23/06/2019 13:41,Propriétaire,23/06/2019 22:34,Propriétaire,357.00,45.20,0.00,0.00,8.20,394.00,394.00,0.00
Esprit Sushi Fribourg,Caisse principal 3,323,22/06/2019 15:00,Propriétaire,23/06/2019 13:41,Propriétaire,357.00,0.00,0.00,0.00,0.00,357.00,357.00,0.00
Esprit Sushi Fribourg,Terminal mobile,362,22/06/2019 17:58,Propriétaire,22/06/2019 21:30,Propriétaire,494.00,100.00,0.00,0.00,0.00,594.00,594.00,0.00
Esprit Sushi Fribourg,Terminal mobile,361,22/06/2019 14:58,Propriétaire,22/06/2019 14:58,Propriétaire,594.00,0.00,0.00,0.00,100.00,494.00,494.00,0.00
Esprit Sushi Fribourg,Caisse principal 3,322,21/06/2019 14:56,Propriétaire,21/06/2019 22:16,Propriétaire,391.00,16.00,0.00,0.00,50.00,357.00,357.00,0.00
Esprit Sushi Fribourg,Terminal mobile,360,21/06/2019 18:03,Propriétaire,21/06/2019 22:13,Propriétaire,480.00,114.00,0.00,0.00,0.00,594.00,594.00,0.00
Esprit Sushi Fribourg,Caisse principal 3,321,20/06/2019 16:25,Propriétaire,20/06/2019 22:11,Propriétaire,505.80,25.20,0.00,0.00,140.00,391.00,391.00,0.00
Esprit Sushi Fribourg,Terminal mobile,359,20/06/2019 17:59,Propriétaire,20/06/2019 21:36,Propriétaire,480.00,0.00,0.00,0.00,0.00,480.00,480.00,0.00
Esprit Sushi Fribourg,Terminal mobile,358,19/06/2019 18:11,Propriétaire,19/06/2019 22:25,Propriétaire,323.50,156.50,0.00,0.00,0.00,480.00,480.00,0.00
Esprit Sushi Fribourg,Caisse principal 3,320,19/06/2019 16:28,Propriétaire,19/06/2019 22:25,Propriétaire,463.90,81.90,0.00,0.00,40.00,505.80,505.80,0.00
Esprit Sushi Fribourg,Terminal mobile,357,18/06/2019 18:05,Propriétaire,18/06/2019 21:30,Propriétaire,317.50,46.00,0.00,0.00,40.00,323.50,323.50,0.00
Esprit Sushi Fribourg,Caisse principal 3,319,18/06/2019 16:59,Propriétaire,18/06/2019 21:30,Propriétaire,425.40,38.50,0.00,0.00,0.00,463.90,463.90,0.00
Esprit Sushi Fribourg,Caisse principal 3,318,18/06/2019 11:42,Propriétaire,18/06/2019 12:10,Propriétaire,525.40,0.00,0.00,0.00,100.00,425.40,425.40,0.00
Esprit Sushi Fribourg,Caisse principal 3,317,17/06/2019 14:18,Propriétaire,17/06/2019 21:30,Propriétaire,1036.70,88.70,0.00,100.00,700.00,525.40,525.40,0.00
Esprit Sushi Fribourg,Terminal mobile,356,16/06/2019 18:17,Propriétaire,17/06/2019 21:30,Propriétaire,616.70,201.90,0.00,0.00,501.10,317.50,317.50,0.00
Esprit Sushi Fribourg,Caisse principal 3,316,16/06/2019 21:17,Propriétaire,16/06/2019 22:32,Propriétaire,545.70,91.00,0.00,400.00,0.00,1036.70,1036.70,0.00
Esprit Sushi Fribourg,Caisse principal 3,315,16/06/2019 15:29,Propriétaire,16/06/2019 21:14,Propriétaire,362.30,183.40,0.00,0.00,0.00,545.70,545.70,0.00
Esprit Sushi Fribourg,Caisse principal 3,314,15/06/2019 13:47,Propriétaire,15/06/2019 22:20,Propriétaire,782.30,0.00,0.00,0.00,420.00,362.30,362.30,0.00
Esprit Sushi Fribourg,Terminal mobile,355,15/06/2019 17:59,Propriétaire,15/06/2019 22:17,Propriétaire,385.20,231.50,0.00,0.00,0.00,616.70,616.70,0.00
Esprit Sushi Fribourg,Terminal mobile,354,14/06/2019 22:15,Propriétaire,15/06/2019 17:59,Propriétaire,585.28,0.00,0.00,0.00,200.00,385.28,385.28,0.00
Esprit Sushi Fribourg,Caisse principal 3,313,14/06/2019 14:29,Propriétaire,14/06/2019 22:17,Propriétaire,513.30,149.00,0.00,200.00,80.00,782.30,782.30,0.00
Esprit Sushi Fribourg,Terminal mobile,353,14/06/2019 17:55,Propriétaire,14/06/2019 21:11,Propriétaire,560.70,24.50,0.00,0.00,0.00,585.20,585.20,0.00
Esprit Sushi Fribourg,Terminal mobile,352,14/06/2019 17:55,Propriétaire,14/06/2019 17:55,Propriétaire,0.00,0.00,0.00,0.00,0.00,0.00,0.00,0.00
Esprit Sushi Fribourg,Terminal mobile,351,14/06/2019 17:55,Propriétaire,14/06/2019 17:55,Propriétaire,0.00,0.00,0.00,0.00,0.00,0.00,0.00,0.00
Esprit Sushi Fribourg,Caisse principal 3,312,13/06/2019 14:42,Propriétaire,13/06/2019 21:14,Propriétaire,521.80,11.50,0.00,0.00,20.00,513.30,513.30,0.00
Esprit Sushi Fribourg,Terminal mobile,350,13/06/2019 17:55,Propriétaire,13/06/2019 20:46,Propriétaire,560.70,0.00,0.00,0.00,0.00,560.70,560.70,0.00
Esprit Sushi Fribourg,Caisse principal 3,311,12/06/2019 14:10,Propriétaire,13/06/2019 14:42,Propriétaire,398.20,123.60,0.00,0.00,0.00,521.80,521.80,0.00
Esprit Sushi Fribourg,Terminal mobile,349,12/06/2019 17:58,Propriétaire,12/06/2019 21:00,Propriétaire,539.70,21.00,0.00,0.00,0.00,560.70,560.70,0.00
Esprit Sushi Fribourg,Caisse principal 3,310,11/06/2019 15:39,Propriétaire,11/06/2019 22:30,Propriétaire,566.20,32.00,0.00,0.00,200.00,398.20,398.20,0.00
Esprit Sushi Fribourg,Terminal mobile,348,11/06/2019 17:57,Propriétaire,11/06/2019 21:59,Propriétaire,337.20,202.50,0.00,0.00,0.00,539.70,539.70,0.00
Esprit Sushi Fribourg,Caisse principal 3,309,10/06/2019 15:41,Propriétaire,10/06/2019 21:30,Propriétaire,321.20,45.00,0.00,200.00,0.00,566.20,566.20,0.00
Esprit Sushi Fribourg,Terminal mobile,347,10/06/2019 18:55,Propriétaire,10/06/2019 21:30,Propriétaire,351.20,186.00,0.00,0.00,200.00,337.20,337.20,0.00
Esprit Sushi Fribourg,Terminal mobile,346,10/06/2019 15:42,Propriétaire,10/06/2019 15:43,Propriétaire,751.20,0.00,0.00,0.00,400.00,351.20,351.20,0.00
Esprit Sushi Fribourg,Caisse principal 3,308,09/06/2019 14:27,Propriétaire,10/06/2019 15:41,Propriétaire,468.00,153.20,0.00,0.00,300.00,321.20,321.20,0.00
Esprit Sushi Fribourg,Terminal mobile,345,09/06/2019 18:06,Propriétaire,09/06/2019 21:42,Propriétaire,500.20,251.00,0.00,0.00,0.00,751.20,751.20,0.00
Esprit Sushi Fribourg,Caisse principal 3,307,08/06/2019 17:37,Propriétaire,08/06/2019 21:44,Propriétaire,311.20,156.80,0.00,0.00,0.00,468.00,468.00,0.00
Esprit Sushi Fribourg,Terminal mobile,344,08/06/2019 18:04,Propriétaire,08/06/2019 21:40,Propriétaire,408.30,91.90,0.00,0.00,0.00,500.20,500.20,0.00
Esprit Sushi Fribourg,Caisse principal 3,306,07/06/2019 16:15,Propriétaire,08/06/2019 12:50,Propriétaire,286.20,0.00,0.00,200.00,0.00,486.20,486.20,0.00
Esprit Sushi Fribourg,Terminal mobile,343,08/06/2019 12:50,Propriétaire,08/06/2019 12:50,Propriétaire,803.30,0.00,0.00,0.00,400.00,403.30,403.30,0.00
Esprit Sushi Fribourg,Terminal mobile,342,07/06/2019 17:55,Propriétaire,07/06/2019 21:32,Propriétaire,580.80,227.50,0.00,0.00,0.00,808.30,808.30,0.00
Esprit Sushi Fribourg,Caisse principal 3,305,06/06/2019 15:10,Propriétaire,06/06/2019 23:42,Propriétaire,238.20,48.00,0.00,0.00,0.00,286.20,286.20,0.00
Esprit Sushi Fribourg,Terminal mobile,341,06/06/2019 18:02,Propriétaire,06/06/2019 22:17,Propriétaire,428.90,151.90,0.00,0.00,0.00,580.80,580.80,0.00
Esprit Sushi Fribourg,Terminal mobile,340,05/06/2019 18:17,Propriétaire,06/06/2019 18:01,Propriétaire,479.40,69.50,0.00,0.00,120.00,428.90,428.90,0.00
Esprit Sushi Fribourg,Caisse principal 3,304,04/06/2019 16:32,Propriétaire,05/06/2019 23:04,Propriétaire,327.30,110.90,0.00,0.00,200.00,238.20,238.20,0.00
Esprit Sushi Fribourg,Terminal mobile,339,04/06/2019 18:01,Propriétaire,04/06/2019 21:07,Propriétaire,461.40,0.00,0.00,0.00,0.00,461.40,461.40,0.00
Esprit Sushi Fribourg,Caisse principal 3,303,02/06/2019 13:49,Propriétaire,03/06/2019 21:38,Propriétaire,365.10,151.20,43.00,54.00,200.00,327.30,327.30,0.00
Esprit Sushi Fribourg,Terminal mobile,338,03/06/2019 16:02,Propriétaire,03/06/2019 21:36,Propriétaire,775.50,85.90,0.00,0.00,400.00,461.40,461.40,0.00
Esprit Sushi Fribourg,Terminal mobile,337,02/06/2019 19:13,Propriétaire,02/06/2019 22:05,Propriétaire,455.40,320.10,0.00,0.00,0.00,775.50,775.50,0.00
Esprit Sushi Fribourg,Caisse principal 3,302,01/06/2019 16:46,Propriétaire,01/06/2019 21:44,Propriétaire,347.10,18.00,0.00,0.00,0.00,365.10,365.10,0.00
Esprit Sushi Fribourg,Terminal mobile,336,01/06/2019 18:05,Propriétaire,01/06/2019 21:41,Propriétaire,385.90,71.40,0.00,0.00,1.90,455.40,455.40,0.00
Esprit Sushi Fribourg,Caisse principal 3,301,31/05/2019 16:08,Propriétaire,01/06/2019 15:01,Propriétaire,690.70,6.40,0.00,0.00,350.00,347.10,347.10,0.00
Esprit Sushi Fribourg,Terminal mobile,335,01/06/2019 14:58,Propriétaire,01/06/2019 15:01,Propriétaire,605.90,0.00,0.00,0.00,220.00,385.90,385.90,0.00
Esprit Sushi Fribourg,Terminal mobile,334,31/05/2019 15:58,Propriétaire,31/05/2019 21:47,Propriétaire,566.50,79.40,0.00,0.00,40.00,605.90,605.90,0.00
Esprit Sushi Fribourg,Caisse principal 3,300,30/05/2019 14:35,Propriétaire,30/05/2019 22:32,Propriétaire,650.20,181.00,29.50,0.00,111.00,690.70,690.70,0.00
Esprit Sushi Fribourg,Terminal mobile,333,30/05/2019 17:56,Propriétaire,30/05/2019 20:38,Propriétaire,566.50,0.00,0.00,0.00,0.00,566.50,566.50,0.00
Esprit Sushi Fribourg,Caisse principal 3,299,29/05/2019 15:15,Propriétaire,29/05/2019 22:30,Propriétaire,426.30,223.90,0.00,0.00,0.00,650.20,650.20,0.00
Esprit Sushi Fribourg,Terminal mobile,332,29/05/2019 18:01,Propriétaire,29/05/2019 22:12,Propriétaire,469.50,97.00,0.00,0.00,0.00,566.50,566.50,0.00
Esprit Sushi Fribourg,Caisse principal 3,298,28/05/2019 16:25,Propriétaire,29/05/2019 15:15,Propriétaire,486.30,0.00,0.00,0.00,60.00,426.30,426.30,0.00
Esprit Sushi Fribourg,Terminal mobile,331,28/05/2019 18:08,Propriétaire,28/05/2019 21:34,Propriétaire,424.50,45.00,0.00,0.00,0.00,469.50,469.50,0.00
Esprit Sushi Fribourg,Terminal mobile,330,28/05/2019 14:33,Propriétaire,28/05/2019 14:33,Propriétaire,464.50,0.00,0.00,0.00,40.00,424.50,424.50,0.00
Esprit Sushi Fribourg,Caisse principal 3,297,27/05/2019 16:00,Propriétaire,27/05/2019 22:02,Propriétaire,643.10,43.20,0.00,0.00,200.00,486.30,486.30,0.00
Esprit Sushi Fribourg,Terminal mobile,329,27/05/2019 16:03,Propriétaire,27/05/2019 22:01,Propriétaire,702.50,62.00,0.00,0.00,300.00,464.50,464.50,0.00
Esprit Sushi Fribourg,Caisse principal 3,296,26/05/2019 15:54,Propriétaire,26/05/2019 22:05,Propriétaire,548.50,94.60,0.00,0.00,0.00,643.10,643.10,0.00
Esprit Sushi Fribourg,Terminal mobile,328,26/05/2019 18:24,Propriétaire,26/05/2019 22:04,Propriétaire,629.50,73.00,0.00,0.00,0.00,702.50,702.50,0.00
Esprit Sushi Fribourg,Caisse principal 3,295,25/05/2019 16:51,Propriétaire,25/05/2019 22:04,Propriétaire,429.30,119.20,0.00,0.00,0.00,548.50,548.50,0.00
Esprit Sushi Fribourg,Terminal mobile,327,25/05/2019 19:50,Propriétaire,25/05/2019 22:01,Propriétaire,482.00,147.50,0.00,0.00,0.00,629.50,629.50,0.00
Esprit Sushi Fribourg,Caisse principal 3,294,25/05/2019 14:16,Propriétaire,25/05/2019 14:17,Propriétaire,539.30,10.00,0.00,0.00,120.00,429.30,429.30,0.00
Esprit Sushi Fribourg,Caisse principal 3,293,24/05/2019 14:02,Propriétaire,24/05/2019 22:21,Propriétaire,1268.40,70.90,0.00,0.00,800.00,539.30,539.30,0.00
Esprit Sushi Fribourg,Terminal mobile,326,24/05/2019 18:22,Propriétaire,24/05/2019 22:20,Propriétaire,482.30,99.70,0.00,0.00,100.00,482.00,482.00,0.00
Esprit Sushi Fribourg,Terminal mobile,325,23/05/2019 18:05,Propriétaire,23/05/2019 21:49,Propriétaire,875.90,111.40,0.00,0.00,505.00,482.30,482.30,0.00
Esprit Sushi Fribourg,Caisse principal 3,292,23/05/2019 16:00,Propriétaire,23/05/2019 21:49,Propriétaire,875.90,16.50,0.00,400.00,24.00,1268.40,1268.40,0.00
Esprit Sushi Fribourg,Caisse principal 3,291,22/05/2019 14:58,Propriétaire,22/05/2019 22:31,Propriétaire,552.80,113.10,0.00,300.00,90.00,875.90,875.90,0.00
Esprit Sushi Fribourg,Terminal mobile,324,22/05/2019 17:57,Propriétaire,22/05/2019 21:42,Propriétaire,784.40,286.50,0.00,0.00,300.00,770.90,770.90,0.00
Esprit Sushi Fribourg,Caisse principal 3,290,21/05/2019 14:55,Propriétaire,21/05/2019 22:55,Propriétaire,467.90,84.90,0.00,0.00,0.00,552.80,552.80,0.00
Esprit Sushi Fribourg,Terminal mobile,323,21/05/2019 18:06,Propriétaire,21/05/2019 21:31,Propriétaire,697.40,87.00,0.00,0.00,0.00,784.40,784.40,0.00
Esprit Sushi Fribourg,Caisse principal 3,289,20/05/2019 15:35,Propriétaire,20/05/2019 21:36,Propriétaire,362.40,105.50,0.00,0.00,0.00,467.90,467.90,0.00
Esprit Sushi Fribourg,Terminal mobile,322,20/05/2019 18:11,Propriétaire,20/05/2019 21:35,Propriétaire,592.40,105.00,0.00,0.00,0.00,697.40,697.40,0.00
Esprit Sushi Fribourg,Caisse principal 3,288,19/05/2019 14:40,Propriétaire,19/05/2019 22:07,Propriétaire,559.00,103.40,0.00,300.00,600.00,362.40,362.40,0.00
Esprit Sushi Fribourg,Terminal mobile,321,19/05/2019 18:01,Propriétaire,19/05/2019 21:28,Propriétaire,790.90,101.50,0.00,0.00,300.00,592.40,592.40,0.00
Esprit Sushi Fribourg,Caisse principal 3,287,18/05/2019 13:54,Propriétaire,18/05/2019 22:02,Propriétaire,342.30,216.70,0.00,0.00,0.00,559.00,559.00,0.00
Esprit Sushi Fribourg,Terminal mobile,320,18/05/2019 18:10,Propriétaire,18/05/2019 21:33,Propriétaire,668.90,122.00,0.00,0.00,0.00,790.90,790.90,0.00
Esprit Sushi Fribourg,Caisse principal 3,286,17/05/2019 13:34,Propriétaire,17/05/2019 22:29,Propriétaire,1142.30,0.00,0.00,0.00,800.00,342.30,342.30,0.00
Esprit Sushi Fribourg,Terminal mobile,319,17/05/2019 17:57,Propriétaire,17/05/2019 22:05,Propriétaire,460.30,208.50,0.00,0.00,0.00,668.80,668.80,0.00
Esprit Sushi Fribourg,Caisse principal 3,285,16/05/2019 13:42,Propriétaire,16/05/2019 22:15,Propriétaire,522.30,20.00,0.00,600.00,0.00,1142.30,1142.30,0.00
Esprit Sushi Fribourg,Terminal mobile,318,16/05/2019 17:59,Propriétaire,16/05/2019 22:15,Propriétaire,756.30,304.00,0.00,0.00,600.00,460.30,460.30,0.00
Esprit Sushi Fribourg,Caisse principal 3,284,15/05/2019 16:15,Propriétaire,15/05/2019 21:53,Propriétaire,483.90,38.40,0.00,0.00,0.00,522.30,522.30,0.00
Esprit Sushi Fribourg,Terminal mobile,317,15/05/2019 18:03,Propriétaire,15/05/2019 21:51,Propriétaire,534.00,222.30,0.00,0.00,0.00,756.30,756.30,0.00
Esprit Sushi Fribourg,Caisse principal 3,283,14/05/2019 14:36,Propriétaire,14/05/2019 22:44,Propriétaire,393.50,90.40,0.00,0.00,0.00,483.90,483.90,0.00
Esprit Sushi Fribourg,Terminal mobile,316,14/05/2019 18:05,Propriétaire,14/05/2019 22:13,Propriétaire,432.00,102.50,0.00,0.00,0.50,534.00,534.00,0.00
Esprit Sushi Fribourg,Caisse principal 3,282,13/05/2019 16:19,Propriétaire,13/05/2019 22:58,Propriétaire,760.50,43.00,0.00,590.00,1000.00,393.50,393.50,0.00
Esprit Sushi Fribourg,Terminal mobile,315,13/05/2019 18:26,Propriétaire,13/05/2019 22:16,Propriétaire,771.00,251.00,0.00,0.00,590.00,432.00,432.00,0.00
Esprit Sushi Fribourg,Caisse principal 3,281,12/05/2019 16:43,Propriétaire,12/05/2019 21:48,Propriétaire,691.50,69.00,0.00,0.00,0.00,760.50,760.50,0.00
Esprit Sushi Fribourg,Terminal mobile,314,12/05/2019 17:58,Propriétaire,12/05/2019 21:44,Propriétaire,603.00,168.00,0.00,0.00,0.00,771.00,771.00,0.00
Esprit Sushi Fribourg,Terminal mobile,313,11/05/2019 22:06,Propriétaire,12/05/2019 17:58,Propriétaire,0.00,0.00,0.00,0.00,0.00,0.00,0.00,0.00
Esprit Sushi Fribourg,Caisse principal 3,280,12/05/2019 12:27,Propriétaire,12/05/2019 12:27,Propriétaire,678.30,13.20,0.00,0.00,0.00,691.50,691.50,0.00
Esprit Sushi Fribourg,Caisse principal 3,279,11/05/2019 21:35,Propriétaire,11/05/2019 22:11,Propriétaire,614.30,64.00,0.00,0.00,0.00,678.30,678.30,0.00
Esprit Sushi Fribourg,Caisse principal 3,278,11/05/2019 14:46,Propriétaire,11/05/2019 21:28,Propriétaire,331.20,253.10,0.00,30.00,0.00,614.30,614.30,0.00
Esprit Sushi Fribourg,Terminal mobile,312,11/05/2019 18:11,Propriétaire,11/05/2019 21:28,Propriétaire,404.50,198.50,0.00,0.00,0.00,603.00,603.00,0.00
Esprit Sushi Fribourg,Caisse principal 3,277,10/05/2019 14:14,Propriétaire,10/05/2019 23:40,Propriétaire,1134.30,196.90,0.00,0.00,1000.00,331.20,331.20,0.00
Esprit Sushi Fribourg,Terminal mobile,311,10/05/2019 17:58,Propriétaire,10/05/2019 22:08,Propriétaire,528.60,176.90,0.00,0.00,2.00,703.50,703.50,0.00
Esprit Sushi Fribourg,Caisse principal 3,276,09/05/2019 14:34,Propriétaire,10/05/2019 14:14,Propriétaire,654.40,99.90,0.00,400.00,20.00,1134.30,1134.30,0.00
Esprit Sushi Fribourg,Terminal mobile,310,09/05/2019 17:56,Propriétaire,09/05/2019 22:20,Propriétaire,832.10,96.50,0.00,0.00,400.00,528.60,528.60,0.00
Esprit Sushi Fribourg,Terminal mobile,309,08/05/2019 19:15,Propriétaire,08/05/2019 22:08,Propriétaire,699.10,133.00,0.00,0.00,0.00,832.10,832.10,0.00
Esprit Sushi Fribourg,Caisse principal 3,275,08/05/2019 14:44,Propriétaire,08/05/2019 22:08,Propriétaire,557.50,96.90,0.00,0.00,0.00,654.40,654.40,0.00
Esprit Sushi Fribourg,Terminal mobile,308,07/05/2019 18:17,Propriétaire,07/05/2019 21:50,Propriétaire,579.90,119.20,0.00,0.00,0.00,699.10,699.10,0.00
Esprit Sushi Fribourg,Caisse principal 3,274,07/05/2019 14:44,Propriétaire,07/05/2019 21:39,Propriétaire,363.60,193.90,0.00,0.00,0.00,557.50,557.50,0.00
Esprit Sushi Fribourg,Caisse principal 3,273,06/05/2019 16:36,Propriétaire,06/05/2019 22:31,Propriétaire,1013.60,0.00,0.00,0.00,650.00,363.60,363.60,0.00
Esprit Sushi Fribourg,Terminal mobile,307,06/05/2019 18:09,Propriétaire,06/05/2019 22:30,Propriétaire,898.40,181.50,0.00,0.00,500.00,579.90,579.90,0.00
Esprit Sushi Fribourg,Caisse principal 3,272,05/05/2019 15:14,Propriétaire,05/05/2019 21:34,Propriétaire,1013.60,0.00,0.00,0.00,0.00,1013.60,1013.60,0.00
Esprit Sushi Fribourg,Terminal mobile,306,05/05/2019 18:01,Propriétaire,05/05/2019 21:33,Propriétaire,692.40,206.00,0.00,0.00,0.00,898.40,898.40,0.00
Esprit Sushi Fribourg,Caisse principal 3,271,04/05/2019 16:38,Propriétaire,04/05/2019 21:54,Propriétaire,965.60,49.00,0.00,0.00,1.00,1013.60,1013.60,0.00
Esprit Sushi Fribourg,Terminal mobile,305,04/05/2019 18:00,Propriétaire,04/05/2019 21:40,Propriétaire,469.60,212.80,0.00,0.00,0.00,682.40,682.40,0.00
Esprit Sushi Fribourg,Caisse principal 3,270,04/05/2019 12:12,Propriétaire,04/05/2019 12:13,Propriétaire,955.60,0.00,0.00,10.00,0.00,965.60,965.60,0.00
Esprit Sushi Fribourg,Caisse principal 3,269,03/05/2019 15:39,Propriétaire,03/05/2019 22:18,Propriétaire,633.10,322.50,0.00,0.00,0.00,955.60,955.60,0.00
Esprit Sushi Fribourg,Terminal mobile,304,03/05/2019 17:55,Propriétaire,03/05/2019 21:36,Propriétaire,389.60,80.00,0.00,0.00,0.00,469.60,469.60,0.00
Esprit Sushi Fribourg,Caisse principal 3,268,02/05/2019 15:21,Propriétaire,03/05/2019 15:39,Propriétaire,648.10,5.00,0.00,0.00,20.00,633.10,633.10,0.00
Esprit Sushi Fribourg,Terminal mobile,303,02/05/2019 17:59,Propriétaire,02/05/2019 21:30,Propriétaire,328.60,63.00,0.00,0.00,2.00,389.60,389.60,0.00
Esprit Sushi Fribourg,Caisse principal 3,267,01/05/2019 16:26,Propriétaire,01/05/2019 21:14,Propriétaire,395.10,53.00,0.00,200.00,0.00,648.10,648.10,0.00
Esprit Sushi Fribourg,Terminal mobile,302,01/05/2019 16:24,Propriétaire,01/05/2019 21:12,Propriétaire,528.60,0.00,0.00,0.00,200.00,328.60,328.60,0.00
Esprit Sushi Fribourg,Caisse principal 3,266,30/04/2019 15:00,Propriétaire,30/04/2019 21:42,Propriétaire,353.60,41.50,0.00,0.00,0.00,395.10,395.10,0.00
Esprit Sushi Fribourg,Terminal mobile,301,30/04/2019 18:09,Propriétaire,30/04/2019 21:29,Propriétaire,483.10,46.00,0.00,0.00,0.50,528.60,528.60,0.00
Esprit Sushi Fribourg,Caisse principal 3,265,29/04/2019 16:30,Propriétaire,29/04/2019 23:12,Propriétaire,1135.10,138.50,0.00,0.00,920.00,353.60,353.60,0.00
Esprit Sushi Fribourg,Terminal mobile,300,29/04/2019 18:35,Propriétaire,29/04/2019 22:26,Propriétaire,333.10,150.80,0.00,0.00,0.00,483.90,483.90,0.00
Esprit Sushi Fribourg,Caisse principal 3,264,28/04/2019 14:58,Propriétaire,28/04/2019 22:26,Propriétaire,539.60,25.50,0.00,570.00,0.00,1135.10,1135.10,0.00
Esprit Sushi Fribourg,Terminal mobile,299,28/04/2019 18:29,Propriétaire,28/04/2019 22:25,Propriétaire,750.60,152.50,0.00,0.00,570.00,333.10,333.10,0.00
Esprit Sushi Fribourg,Terminal mobile,298,27/04/2019 18:04,Propriétaire,27/04/2019 22:31,Propriétaire,460.70,289.90,0.00,0.00,0.00,750.60,750.60,0.00
Esprit Sushi Fribourg,Caisse principal 3,263,27/04/2019 16:34,Propriétaire,27/04/2019 22:31,Propriétaire,256.70,282.90,0.00,0.00,0.00,539.60,539.60,0.00
Esprit Sushi Fribourg,Caisse principal 3,262,26/04/2019 13:48,Propriétaire,27/04/2019 12:51,Propriétaire,241.20,115.50,0.00,0.00,100.00,256.70,256.70,0.00
Esprit Sushi Fribourg,Terminal mobile,297,27/04/2019 12:49,Propriétaire,27/04/2019 12:50,Propriétaire,760.70,0.00,0.00,0.00,300.00,460.70,460.70,0.00
Esprit Sushi Fribourg,Terminal mobile,296,26/04/2019 18:00,Propriétaire,26/04/2019 22:31,Propriétaire,476.70,384.00,0.00,0.00,100.00,760.70,760.70,0.00
Esprit Sushi Fribourg,Caisse principal 3,261,25/04/2019 16:47,Propriétaire,26/04/2019 13:48,Propriétaire,316.50,44.70,0.00,100.00,220.00,241.20,241.20,0.00
Esprit Sushi Fribourg,Terminal mobile,295,25/04/2019 16:53,Propriétaire,25/04/2019 21:33,Propriétaire,512.60,114.10,0.00,0.00,150.00,476.70,476.70,0.00
Esprit Sushi Fribourg,Terminal mobile,294,24/04/2019 18:06,Propriétaire,24/04/2019 21:06,Propriétaire,422.10,90.50,0.00,0.00,0.00,512.60,512.60,0.00
Esprit Sushi Fribourg,Caisse principal 3,260,24/04/2019 21:06,Propriétaire,24/04/2019 21:06,Propriétaire,0.00,0.00,0.00,0.00,0.00,0.00,0.00,0.00
Esprit Sushi Fribourg,Caisse principal 3,259,24/04/2019 14:19,Propriétaire,24/04/2019 21:06,Propriétaire,304.50,12.00,0.00,0.00,0.00,316.50,316.50,0.00
Esprit Sushi Fribourg,Caisse principal 3,258,23/04/2019 15:15,Propriétaire,23/04/2019 22:34,Propriétaire,394.50,10.00,0.00,100.00,200.00,304.50,304.50,0.00
Esprit Sushi Fribourg,Terminal mobile,293,23/04/2019 18:05,Propriétaire,23/04/2019 21:20,Propriétaire,539.60,82.50,0.00,0.00,100.00,522.10,522.10,0.00
Esprit Sushi Fribourg,Caisse principal 3,257,22/04/2019 16:33,Propriétaire,22/04/2019 21:12,Propriétaire,594.50,0.00,0.00,0.00,200.00,394.50,394.50,0.00
Esprit Sushi Fribourg,Terminal mobile,292,22/04/2019 18:14,Propriétaire,22/04/2019 21:09,Propriétaire,688.10,51.50,0.00,0.00,200.00,539.60,539.60,0.00
Esprit Sushi Fribourg,Caisse principal 3,256,21/04/2019 14:30,Propriétaire,21/04/2019 21:37,Propriétaire,566.30,28.20,0.00,0.00,0.00,594.50,594.50,0.00
Esprit Sushi Fribourg,Terminal mobile,291,21/04/2019 18:04,Propriétaire,21/04/2019 21:37,Propriétaire,583.60,105.00,0.00,0.00,0.00,688.60,688.60,0.00
Esprit Sushi Fribourg,Caisse principal 3,255,20/04/2019 16:59,Propriétaire,20/04/2019 21:50,Propriétaire,399.90,166.40,0.00,0.00,0.00,566.30,566.30,0.00
Esprit Sushi Fribourg,Terminal mobile,290,20/04/2019 18:02,Propriétaire,20/04/2019 21:48,Propriétaire,401.20,182.40,0.00,0.00,0.00,583.60,583.60,0.00
Esprit Sushi Fribourg,Caisse principal 3,254,20/04/2019 16:59,Propriétaire,20/04/2019 16:59,Propriétaire,0.00,0.00,0.00,0.00,0.00,0.00,0.00,0.00
Esprit Sushi Fribourg,Caisse principal 3,253,20/04/2019 00:28,Propriétaire,20/04/2019 00:28,Propriétaire,1399.90,0.00,0.00,0.00,1000.00,399.90,399.90,0.00
Esprit Sushi Fribourg,Caisse principal 3,252,19/04/2019 15:15,Propriétaire,19/04/2019 22:50,Propriétaire,419.40,230.50,0.00,800.00,50.00,1399.90,1399.90,0.00
Esprit Sushi Fribourg,Terminal mobile,289,19/04/2019 18:02,Propriétaire,19/04/2019 22:47,Propriétaire,940.30,260.90,0.00,0.00,800.00,401.20,401.20,0.00
Esprit Sushi Fribourg,Caisse principal 3,251,19/04/2019 15:15,Propriétaire,19/04/2019 15:15,Propriétaire,41.94,0.00,0.00,0.00,0.00,41.94,41.94,0.00
Esprit Sushi Fribourg,Terminal mobile,288,18/04/2019 18:22,Propriétaire,18/04/2019 22:06,Propriétaire,847.30,93.00,0.00,0.00,0.00,940.30,940.30,0.00
Esprit Sushi Fribourg,Caisse principal 3,250,18/04/2019 14:42,Propriétaire,18/04/2019 22:06,Propriétaire,431.20,8.20,0.00,0.00,20.00,419.40,419.40,0.00
Esprit Sushi Fribourg,Caisse principal 3,249,17/04/2019 15:46,Propriétaire,17/04/2019 21:33,Propriétaire,431.20,0.00,0.00,0.00,0.00,431.20,431.20,0.00
Esprit Sushi Fribourg,Terminal mobile,287,17/04/2019 18:04,Propriétaire,17/04/2019 21:33,Propriétaire,639.40,207.90,0.00,0.00,0.00,847.30,847.30,0.00
Esprit Sushi Fribourg,Caisse principal 3,248,16/04/2019 16:08,Propriétaire,17/04/2019 15:46,Propriétaire,424.80,6.40,0.00,0.00,0.00,431.20,431.20,0.00
Esprit Sushi Fribourg,Terminal mobile,286,16/04/2019 17:57,Propriétaire,16/04/2019 22:04,Propriétaire,485.40,157.50,0.00,0.00,3.50,639.40,639.40,0.00
Esprit Sushi Fribourg,Caisse principal 3,247,15/04/2019 14:07,Propriétaire,15/04/2019 21:49,Propriétaire,587.40,87.40,0.00,0.00,250.00,424.80,424.80,0.00
Esprit Sushi Fribourg,Terminal mobile,285,15/04/2019 18:23,Propriétaire,15/04/2019 21:45,Propriétaire,432.00,53.40,0.00,0.00,0.00,485.40,485.40,0.00
Esprit Sushi Fribourg,Terminal mobile,284,14/04/2019 18:25,Propriétaire,15/04/2019 18:23,Propriétaire,1005.10,313.40,0.00,163.50,1050.00,432.00,432.00,0.00
Esprit Sushi Fribourg,Caisse principal 3,246,14/04/2019 13:55,Propriétaire,14/04/2019 21:53,Propriétaire,531.90,239.00,0.00,0.00,183.50,587.40,587.40,0.00
Esprit Sushi Fribourg,Caisse principal 3,245,13/04/2019 15:04,Propriétaire,14/04/2019 00:15,Propriétaire,431.90,100.00,0.00,0.00,0.00,531.90,531.90,0.00
Esprit Sushi Fribourg,Terminal mobile,283,13/04/2019 17:57,Propriétaire,13/04/2019 22:38,Propriétaire,574.20,430.90,0.00,0.00,0.00,1005.10,1005.10,0.00
Esprit Sushi Fribourg,Caisse principal 3,244,12/04/2019 15:14,Propriétaire,12/04/2019 22:01,Propriétaire,436.70,45.20,0.00,0.00,50.00,431.90,431.90,0.00
Esprit Sushi Fribourg,Terminal mobile,282,12/04/2019 17:57,Propriétaire,12/04/2019 21:30,Propriétaire,470.20,105.50,0.00,0.00,1.50,574.20,574.20,0.00
Esprit Sushi Fribourg,Caisse principal 3,243,11/04/2019 16:16,Propriétaire,11/04/2019 22:00,Propriétaire,835.00,108.70,0.00,0.00,507.00,436.70,436.70,0.00
Esprit Sushi Fribourg,Terminal mobile,281,11/04/2019 17:58,Propriétaire,11/04/2019 21:55,Propriétaire,997.20,73.00,0.00,0.00,600.00,470.20,470.20,0.00
Esprit Sushi Fribourg,Caisse principal 3,242,10/04/2019 13:39,Propriétaire,10/04/2019 21:55,Propriétaire,739.60,95.40,0.00,0.00,0.00,835.00,835.00,0.00
Esprit Sushi Fribourg,Terminal mobile,280,10/04/2019 17:15,Propriétaire,10/04/2019 21:51,Propriétaire,421.15,576.05,0.00,0.00,0.00,997.20,997.20,0.00
Esprit Sushi Fribourg,Caisse principal 3,241,09/04/2019 14:47,Propriétaire,09/04/2019 23:14,Propriétaire,438.10,101.50,0.00,200.00,0.00,739.60,739.60,0.00
Esprit Sushi Fribourg,Terminal mobile,279,09/04/2019 18:05,Propriétaire,09/04/2019 21:41,Propriétaire,517.65,103.50,0.00,0.00,200.00,421.15,421.15,0.00
Esprit Sushi Fribourg,Caisse principal 3,240,08/04/2019 16:45,Propriétaire,08/04/2019 21:54,Propriétaire,371.10,67.00,0.00,0.00,0.00,438.10,438.10,0.00
Esprit Sushi Fribourg,Terminal mobile,278,08/04/2019 16:43,Propriétaire,08/04/2019 21:52,Propriétaire,707.15,210.50,0.00,0.00,400.00,517.65,517.65,0.00
Esprit Sushi Fribourg,Caisse principal 3,239,07/04/2019 14:22,Propriétaire,07/04/2019 21:40,Propriétaire,489.40,181.70,0.00,400.00,700.00,371.10,371.10,0.00
Esprit Sushi Fribourg,Terminal mobile,277,07/04/2019 17:55,Propriétaire,07/04/2019 21:24,Propriétaire,903.65,203.50,0.00,0.00,400.00,707.15,707.15,0.00
Esprit Sushi Fribourg,Terminal mobile,276,07/04/2019 17:54,Propriétaire,07/04/2019 17:55,Propriétaire,0.00,0.00,0.00,0.00,0.00,0.00,0.00,0.00
Esprit Sushi Fribourg,Terminal mobile,275,06/04/2019 18:04,Propriétaire,06/04/2019 22:36,Propriétaire,646.25,257.40,0.00,0.00,0.00,903.65,903.65,0.00
Esprit Sushi Fribourg,Caisse principal 3,238,06/04/2019 15:10,Propriétaire,06/04/2019 22:06,Propriétaire,439.40,50.00,0.00,0.00,0.00,489.40,489.40,0.00
Esprit Sushi Fribourg,Terminal mobile,274,05/04/2019 17:57,Propriétaire,05/04/2019 21:52,Propriétaire,412.75,233.50,0.00,0.00,0.00,646.25,646.25,0.00
Esprit Sushi Fribourg,Caisse principal 3,237,05/04/2019 15:50,Propriétaire,05/04/2019 21:48,Propriétaire,339.50,99.90,0.00,0.00,0.00,439.40,439.40,0.00
Esprit Sushi Fribourg,Caisse principal 3,236,04/04/2019 14:43,Propriétaire,04/04/2019 22:20,Propriétaire,423.00,36.50,0.00,0.00,120.00,339.50,339.50,0.00
Esprit Sushi Fribourg,Terminal mobile,273,04/04/2019 14:42,Propriétaire,04/04/2019 22:07,Propriétaire,391.75,21.00,0.00,0.00,0.00,412.75,412.75,0.00
Esprit Sushi Fribourg,Terminal mobile,272,03/04/2019 18:06,Propriétaire,04/04/2019 14:41,Propriétaire,575.35,137.50,0.00,0.00,321.10,391.75,391.75,0.00
Esprit Sushi Fribourg,Caisse principal 3,235,03/04/2019 12:43,Propriétaire,03/04/2019 21:29,Propriétaire,423.00,0.00,0.00,0.00,0.00,423.00,423.00,0.00
Esprit Sushi Fribourg,Caisse principal 3,234,02/04/2019 13:35,Propriétaire,02/04/2019 22:28,Propriétaire,413.40,9.60,0.00,0.00,0.00,423.00,423.00,0.00
Esprit Sushi Fribourg,Terminal mobile,271,02/04/2019 18:03,Propriétaire,02/04/2019 21:52,Propriétaire,474.35,81.00,0.00,0.00,0.00,555.35,555.35,0.00
Esprit Sushi Fribourg,Caisse principal 3,233,01/04/2019 14:50,Propriétaire,01/04/2019 21:18,Propriétaire,1210.20,3.20,0.00,0.00,800.00,413.40,413.40,0.00
Esprit Sushi Fribourg,Terminal mobile,270,01/04/2019 18:05,Propriétaire,01/04/2019 21:16,Propriétaire,716.35,58.00,0.00,0.00,300.00,474.35,474.35,0.00
Esprit Sushi Fribourg,Caisse principal 3,232,31/03/2019 14:05,Propriétaire,31/03/2019 22:44,Propriétaire,1248.80,101.40,0.00,0.00,140.00,1210.20,1210.20,0.00
Esprit Sushi Fribourg,Terminal mobile,269,31/03/2019 18:08,Propriétaire,31/03/2019 22:42,Propriétaire,434.35,282.00,0.00,0.00,0.00,716.35,716.35,0.00
Esprit Sushi Fribourg,Terminal mobile,268,30/03/2019 18:08,Propriétaire,30/03/2019 21:48,Propriétaire,936.85,97.50,0.00,0.00,600.00,434.35,434.35,0.00
Esprit Sushi Fribourg,Caisse principal 3,231,30/03/2019 14:29,Propriétaire,30/03/2019 21:47,Propriétaire,638.60,30.20,0.00,0.00,20.00,648.80,648.80,0.00
Esprit Sushi Fribourg,Caisse principal 3,230,29/03/2019 14:31,Propriétaire,29/03/2019 22:16,Propriétaire,592.10,46.50,0.00,0.00,0.00,638.60,638.60,0.00
Esprit Sushi Fribourg,Terminal mobile,267,29/03/2019 17:58,Propriétaire,29/03/2019 22:14,Propriétaire,645.85,291.00,0.00,0.00,0.00,936.85,936.85,0.00
Esprit Sushi Fribourg,Terminal mobile,266,29/03/2019 17:57,Propriétaire,29/03/2019 17:58,Propriétaire,0.00,0.00,0.00,0.00,0.00,0.00,0.00,0.00
Esprit Sushi Fribourg,Caisse principal 3,229,28/03/2019 14:32,Propriétaire,29/03/2019 14:31,Propriétaire,480.10,112.00,0.00,0.00,0.00,592.10,592.10,0.00
Esprit Sushi Fribourg,Terminal mobile,265,28/03/2019 17:57,Propriétaire,28/03/2019 21:40,Propriétaire,511.35,134.50,0.00,0.00,0.00,645.85,645.85,0.00
Esprit Sushi Fribourg,Terminal mobile,264,27/03/2019 18:21,Propriétaire,27/03/2019 21:34,Propriétaire,387.35,124.00,0.00,400.00,400.00,511.35,511.35,0.00
Esprit Sushi Fribourg,Caisse principal 3,228,27/03/2019 11:51,Propriétaire,27/03/2019 21:34,Propriétaire,480.10,0.00,0.00,0.00,0.00,480.10,480.10,0.00
Esprit Sushi Fribourg,Caisse principal 3,227,26/03/2019 14:35,Propriétaire,27/03/2019 11:51,Propriétaire,534.40,145.70,0.00,0.00,200.00,480.10,480.10,0.00
Esprit Sushi Fribourg,Terminal mobile,263,26/03/2019 18:16,Propriétaire,26/03/2019 21:26,Propriétaire,505.45,282.40,0.00,0.00,0.00,787.85,787.85,0.00
Esprit Sushi Fribourg,Caisse principal 3,226,25/03/2019 16:22,Propriétaire,25/03/2019 22:22,Propriétaire,474.50,59.90,0.00,0.00,0.00,534.40,534.40,0.00
Esprit Sushi Fribourg,Terminal mobile,262,25/03/2019 18:12,Propriétaire,25/03/2019 22:19,Propriétaire,689.95,115.50,0.00,0.00,300.00,505.45,505.45,0.00
Esprit Sushi Fribourg,Caisse principal 3,225,24/03/2019 14:36,Propriétaire,24/03/2019 22:45,Propriétaire,1173.30,3.20,0.00,506.00,1208.00,474.50,474.50,0.00
Esprit Sushi Fribourg,Terminal mobile,261,24/03/2019 18:08,Propriétaire,24/03/2019 22:24,Propriétaire,556.05,333.90,0.00,0.00,200.00,689.95,689.95,0.00
Esprit Sushi Fribourg,Caisse principal 3,224,23/03/2019 22:08,Propriétaire,24/03/2019 14:36,Propriétaire,1633.70,9.60,0.00,0.00,470.00,1173.30,1173.30,0.00
Esprit Sushi Fribourg,Caisse principal 3,223,23/03/2019 14:57,Propriétaire,23/03/2019 21:51,Propriétaire,733.80,129.90,0.00,300.00,0.00,1163.70,1163.70,0.00
Esprit Sushi Fribourg,Terminal mobile,260,23/03/2019 15:02,Propriétaire,23/03/2019 21:48,Propriétaire,724.15,131.90,0.00,0.00,300.00,556.05,556.05,0.00
Esprit Sushi Fribourg,Caisse principal 3,222,22/03/2019 14:32,Propriétaire,22/03/2019 21:56,Propriétaire,341.00,392.80,0.00,0.00,0.00,733.80,733.80,0.00
Esprit Sushi Fribourg,Terminal mobile,259,22/03/2019 17:57,Propriétaire,22/03/2019 21:54,Propriétaire,580.15,144.00,0.00,0.00,0.00,724.15,724.15,0.00
Esprit Sushi Fribourg,Caisse principal 3,221,21/03/2019 14:47,Propriétaire,22/03/2019 14:32,Propriétaire,933.60,207.40,0.00,0.00,800.00,341.00,341.00,0.00
Esprit Sushi Fribourg,Terminal mobile,258,21/03/2019 18:00,Propriétaire,21/03/2019 21:49,Propriétaire,513.15,67.00,0.00,0.00,0.00,580.15,580.15,0.00
Esprit Sushi Fribourg,Terminal mobile,257,20/03/2019 18:17,Propriétaire,20/03/2019 21:33,Propriétaire,446.65,66.50,0.00,0.00,0.00,513.15,513.15,0.00
Esprit Sushi Fribourg,Caisse principal 3,220,20/03/2019 14:38,Propriétaire,20/03/2019 21:33,Propriétaire,831.60,102.00,0.00,0.00,0.00,933.60,933.60,0.00
Esprit Sushi Fribourg,Caisse principal 3,219,19/03/2019 16:49,Propriétaire,20/03/2019 14:38,Propriétaire,789.90,61.70,0.00,0.00,20.00,831.60,831.60,0.00
Esprit Sushi Fribourg,Terminal mobile,256,19/03/2019 18:06,Propriétaire,19/03/2019 21:40,Propriétaire,437.40,48.50,0.00,0.00,39.25,446.65,446.65,0.00
Esprit Sushi Fribourg,Terminal mobile,255,18/03/2019 16:18,Propriétaire,18/03/2019 21:47,Propriétaire,775.40,62.00,0.00,0.00,400.00,437.40,437.40,0.00
Esprit Sushi Fribourg,Caisse principal 3,218,18/03/2019 14:44,Propriétaire,18/03/2019 21:30,Propriétaire,389.90,0.00,0.00,400.00,0.00,789.90,789.90,0.00
Esprit Sushi Fribourg,Caisse principal 3,217,17/03/2019 13:30,Propriétaire,17/03/2019 23:03,Propriétaire,531.00,58.90,0.00,0.00,200.00,389.90,389.90,0.00
Esprit Sushi Fribourg,Terminal mobile,254,17/03/2019 13:33,Propriétaire,17/03/2019 21:42,Propriétaire,533.00,422.40,0.00,20.00,200.00,775.40,775.40,0.00
Esprit Sushi Fribourg,Caisse principal 3,216,16/03/2019 15:31,Propriétaire,16/03/2019 21:48,Propriétaire,1311.50,119.50,0.00,0.00,900.00,531.00,531.00,0.00
Esprit Sushi Fribourg,Terminal mobile,253,16/03/2019 18:03,Propriétaire,16/03/2019 21:25,Propriétaire,553.00,0.00,0.00,0.00,0.00,553.00,553.00,0.00
Esprit Sushi Fribourg,Caisse principal 3,215,15/03/2019 15:43,Propriétaire,15/03/2019 22:23,Propriétaire,729.60,81.90,0.00,500.00,0.00,1311.50,1311.50,0.00
Esprit Sushi Fribourg,Terminal mobile,252,15/03/2019 18:00,Propriétaire,15/03/2019 22:21,Propriétaire,937.20,116.90,0.00,0.00,501.10,553.00,553.00,0.00
Esprit Sushi Fribourg,Terminal mobile,251,14/03/2019 17:59,Propriétaire,14/03/2019 22:33,Propriétaire,797.20,140.00,0.00,0.00,0.00,937.20,937.20,0.00
Esprit Sushi Fribourg,Caisse principal 3,214,14/03/2019 17:19,Propriétaire,14/03/2019 21:57,Propriétaire,595.20,134.40,0.00,0.00,0.00,729.60,729.60,0.00
Esprit Sushi Fribourg,Caisse principal 3,213,13/03/2019 16:54,Propriétaire,13/03/2019 21:53,Propriétaire,497.10,98.10,0.00,0.00,0.00,595.20,595.20,0.00
Esprit Sushi Fribourg,Terminal mobile,250,13/03/2019 17:58,Propriétaire,13/03/2019 21:51,Propriétaire,717.30,79.90,0.00,0.00,0.00,797.20,797.20,0.00
Esprit Sushi Fribourg,Caisse principal 3,212,12/03/2019 14:36,Propriétaire,13/03/2019 16:54,Propriétaire,377.20,119.90,0.00,0.00,0.00,497.10,497.10,0.00
Esprit Sushi Fribourg,Terminal mobile,249,12/03/2019 19:19,Propriétaire,12/03/2019 21:35,Propriétaire,630.40,86.50,0.00,0.00,0.00,716.90,716.90,0.00
Esprit Sushi Fribourg,Terminal mobile,248,11/03/2019 18:12,Propriétaire,12/03/2019 19:19,Propriétaire,1403.90,126.50,0.00,0.00,900.00,630.40,630.40,0.00
Esprit Sushi Fribourg,Caisse principal 3,211,11/03/2019 15:01,Propriétaire,12/03/2019 14:36,Propriétaire,755.20,22.00,0.00,900.00,1300.00,377.20,377.20,0.00
Esprit Sushi Fribourg,Caisse principal 3,210,10/03/2019 14:09,Propriétaire,10/03/2019 22:40,Propriétaire,588.30,166.90,0.00,0.00,0.00,755.20,755.20,0.00
Esprit Sushi Fribourg,Terminal mobile,247,10/03/2019 18:00,Propriétaire,10/03/2019 22:32,Propriétaire,895.00,518.90,0.00,0.00,10.00,1403.90,1403.90,0.00
Esprit Sushi Fribourg,Caisse principal 3,209,09/03/2019 12:38,Propriétaire,09/03/2019 21:49,Propriétaire,411.00,177.30,0.00,0.00,0.00,588.30,588.30,0.00
Esprit Sushi Fribourg,Terminal mobile,246,09/03/2019 18:13,Propriétaire,09/03/2019 21:48,Propriétaire,593.10,303.90,0.00,0.00,0.00,897.00,897.00,0.00
Esprit Sushi Fribourg,Caisse principal 3,208,09/03/2019 12:34,Propriétaire,09/03/2019 12:35,Propriétaire,411.00,0.00,0.00,0.00,0.00,411.00,411.00,0.00
Esprit Sushi Fribourg,Caisse principal 3,207,09/03/2019 12:34,Propriétaire,09/03/2019 12:34,Propriétaire,611.00,0.00,0.00,0.00,200.00,411.00,411.00,0.00
Esprit Sushi Fribourg,Terminal mobile,245,08/03/2019 17:58,Propriétaire,08/03/2019 21:43,Propriétaire,464.10,129.00,0.00,0.00,0.00,593.10,593.10,0.00
Esprit Sushi Fribourg,Caisse principal 3,206,08/03/2019 16:28,Propriétaire,08/03/2019 21:39,Propriétaire,536.00,76.00,0.00,0.00,1.00,611.00,611.00,0.00
Esprit Sushi Fribourg,Caisse principal 3,205,07/03/2019 14:57,Propriétaire,08/03/2019 16:28,Propriétaire,454.10,81.90,0.00,0.00,0.00,536.00,536.00,0.00
Esprit Sushi Fribourg,Terminal mobile,244,08/03/2019 13:44,Propriétaire,08/03/2019 13:44,Propriétaire,664.10,0.00,0.00,0.00,200.00,464.10,464.10,0.00
Esprit Sushi Fribourg,Terminal mobile,243,07/03/2019 18:02,Propriétaire,07/03/2019 21:30,Propriétaire,601.40,62.70,0.00,0.00,0.00,664.10,664.10,0.00
Esprit Sushi Fribourg,Terminal mobile,242,06/03/2019 18:03,Propriétaire,06/03/2019 22:13,Propriétaire,433.20,168.20,0.00,0.00,0.00,601.40,601.40,0.00
Esprit Sushi Fribourg,Caisse principal 3,204,06/03/2019 14:31,Propriétaire,06/03/2019 22:13,Propriétaire,424.10,30.00,0.00,0.00,0.00,454.10,454.10,0.00
Esprit Sushi Fribourg,Caisse principal 3,203,05/03/2019 16:34,Propriétaire,05/03/2019 22:24,Propriétaire,377.40,146.70,0.00,300.00,400.00,424.10,424.10,0.00
Esprit Sushi Fribourg,Terminal mobile,241,05/03/2019 18:06,Propriétaire,05/03/2019 22:23,Propriétaire,746.70,286.50,0.00,0.00,600.00,433.20,433.20,0.00
Esprit Sushi Fribourg,Caisse principal 3,202,04/03/2019 16:06,Propriétaire,05/03/2019 16:34,Propriétaire,357.40,20.00,0.00,0.00,0.00,377.40,377.40,0.00
Esprit Sushi Fribourg,Terminal mobile,240,04/03/2019 18:05,Propriétaire,04/03/2019 22:10,Propriétaire,581.70,165.00,0.00,0.00,0.00,746.70,746.70,0.00
Esprit Sushi Fribourg,Caisse principal 3,201,03/03/2019 11:51,Propriétaire,03/03/2019 21:48,Propriétaire,351.00,6.40,0.00,0.00,0.00,357.40,357.40,0.00
Esprit Sushi Fribourg,Terminal mobile,239,03/03/2019 18:05,Propriétaire,03/03/2019 21:47,Propriétaire,316.20,265.50,0.00,0.00,0.00,581.70,581.70,0.00
Esprit Sushi Fribourg,Caisse principal 3,200,02/03/2019 15:50,Propriétaire,03/03/2019 11:51,Propriétaire,576.50,24.50,0.00,0.00,250.00,351.00,351.00,0.00
Esprit Sushi Fribourg,Terminal mobile,238,03/03/2019 11:49,Propriétaire,03/03/2019 11:50,Propriétaire,516.20,0.00,0.00,0.00,200.00,316.20,316.20,0.00
Esprit Sushi Fribourg,Terminal mobile,237,02/03/2019 18:03,Propriétaire,02/03/2019 21:38,Propriétaire,416.20,100.00,0.00,0.00,0.00,516.20,516.20,0.00
Esprit Sushi Fribourg,Terminal mobile,236,02/03/2019 15:51,Propriétaire,02/03/2019 15:51,Propriétaire,816.20,0.00,0.00,0.00,400.00,416.20,416.20,0.00
Esprit Sushi Fribourg,Terminal mobile,235,01/03/2019 13:28,Propriétaire,01/03/2019 22:14,Propriétaire,695.00,121.20,0.00,0.00,0.00,816.20,816.20,0.00
Esprit Sushi Fribourg,Caisse principal 3,199,01/03/2019 16:31,Propriétaire,01/03/2019 22:14,Propriétaire,434.00,142.50,0.00,0.00,0.00,576.50,576.50,0.00
Esprit Sushi Fribourg,Terminal mobile,234,28/02/2019 18:04,Propriétaire,01/03/2019 13:27,Propriétaire,523.60,171.50,0.00,0.00,0.10,695.00,695.00,0.00
Esprit Sushi Fribourg,Caisse principal 3,198,28/02/2019 17:45,Propriétaire,28/02/2019 22:01,Propriétaire,534.00,0.00,0.00,0.00,0.00,534.00,534.00,0.00
Esprit Sushi Fribourg,Caisse principal 3,197,28/02/2019 17:44,Propriétaire,28/02/2019 17:45,Propriétaire,0.00,0.00,0.00,0.00,0.00,0.00,0.00,0.00
Esprit Sushi Fribourg,Caisse principal 3,196,27/02/2019 15:01,Propriétaire,27/02/2019 21:41,Propriétaire,413.50,20.50,0.00,0.00,0.00,434.00,434.00,0.00
Esprit Sushi Fribourg,Terminal mobile,233,27/02/2019 18:05,Propriétaire,27/02/2019 21:39,Propriétaire,435.10,88.50,0.00,0.00,0.00,523.60,523.60,0.00
Esprit Sushi Fribourg,Terminal mobile,232,26/02/2019 18:11,Propriétaire,26/02/2019 21:59,Propriétaire,376.70,64.50,0.00,0.00,6.10,435.10,435.10,0.00
Esprit Sushi Fribourg,Caisse principal 3,195,26/02/2019 16:40,Propriétaire,26/02/2019 21:43,Propriétaire,413.50,0.00,0.00,0.00,0.00,413.50,413.50,0.00
Esprit Sushi Fribourg,Caisse principal 3,194,25/02/2019 14:25,Propriétaire,25/02/2019 22:37,Propriétaire,753.50,60.00,0.00,0.00,400.00,413.50,413.50,0.00
Esprit Sushi Fribourg,Terminal mobile,231,25/02/2019 18:01,Propriétaire,25/02/2019 21:48,Propriétaire,321.70,55.00,0.00,0.00,0.00,376.70,376.70,0.00
Esprit Sushi Fribourg,Terminal mobile,230,25/02/2019 14:28,Propriétaire,25/02/2019 14:28,Propriétaire,621.70,0.00,0.00,0.00,300.00,321.70,321.70,0.00
Esprit Sushi Fribourg,Caisse principal 3,193,24/02/2019 15:09,Propriétaire,24/02/2019 21:36,Propriétaire,472.60,80.90,0.00,200.00,0.00,753.50,753.50,0.00
Esprit Sushi Fribourg,Terminal mobile,229,24/02/2019 18:06,Propriétaire,24/02/2019 21:36,Propriétaire,594.20,264.00,36.50,0.00,200.00,621.70,621.70,0.00
Esprit Sushi Fribourg,Caisse principal 3,192,23/02/2019 13:42,Propriétaire,23/02/2019 22:16,Propriétaire,401.70,70.90,0.00,0.00,0.00,472.60,472.60,0.00
Esprit Sushi Fribourg,Terminal mobile,228,23/02/2019 18:03,Propriétaire,23/02/2019 22:13,Propriétaire,471.20,223.00,0.00,0.00,100.00,594.20,594.20,0.00
Esprit Sushi Fribourg,Caisse principal 3,191,22/02/2019 15:01,Propriétaire,23/02/2019 13:42,Propriétaire,855.90,205.80,0.00,0.00,660.00,401.70,401.70,0.00
Esprit Sushi Fribourg,Terminal mobile,227,22/02/2019 18:00,Propriétaire,22/02/2019 21:51,Propriétaire,402.20,69.00,0.00,0.00,0.00,471.20,471.20,0.00
Esprit Sushi Fribourg,Caisse principal 3,190,21/02/2019 13:52,Propriétaire,21/02/2019 21:55,Propriétaire,509.50,96.40,0.00,250.00,0.00,855.90,855.90,0.00
Esprit Sushi Fribourg,Terminal mobile,226,21/02/2019 18:02,Propriétaire,21/02/2019 21:52,Propriétaire,569.70,82.50,0.00,0.00,250.00,402.20,402.20,0.00
Esprit Sushi Fribourg,Terminal mobile,225,20/02/2019 19:30,Propriétaire,20/02/2019 21:38,Propriétaire,491.50,78.20,0.00,0.00,0.00,569.70,569.70,0.00
Esprit Sushi Fribourg,Caisse principal 3,189,20/02/2019 15:00,Propriétaire,20/02/2019 21:38,Propriétaire,422.00,87.50,0.00,0.00,0.00,509.50,509.50,0.00
Esprit Sushi Fribourg,Caisse principal 3,188,19/02/2019 14:23,Propriétaire,19/02/2019 22:14,Propriétaire,422.00,0.00,0.00,0.00,0.00,422.00,422.00,0.00
Esprit Sushi Fribourg,Terminal mobile,224,19/02/2019 18:07,Propriétaire,19/02/2019 21:44,Propriétaire,422.00,69.50,0.00,0.00,0.00,491.50,491.50,0.00
Esprit Sushi Fribourg,Terminal mobile,223,17/02/2019 18:02,Propriétaire,19/02/2019 07:53,Propriétaire,790.60,231.40,0.00,0.00,600.00,422.00,422.00,0.00
Esprit Sushi Fribourg,Caisse principal 3,187,18/02/2019 16:42,Propriétaire,18/02/2019 20:40,Propriétaire,515.40,6.40,0.00,0.00,0.00,521.80,521.80,0.00
Esprit Sushi Fribourg,Caisse principal 3,186,17/02/2019 14:17,Propriétaire,17/02/2019 22:05,Propriétaire,512.90,2.50,0.00,0.00,0.00,515.40,515.40,0.00
Esprit Sushi Fribourg,Caisse principal 3,185,16/02/2019 11:27,Propriétaire,16/02/2019 22:24,Propriétaire,2177.60,135.30,0.00,0.00,1800.00,512.90,512.90,0.00
Esprit Sushi Fribourg,Terminal mobile,222,16/02/2019 18:04,Propriétaire,16/02/2019 22:22,Propriétaire,613.30,377.30,0.00,0.00,200.00,790.60,790.60,0.00
Esprit Sushi Fribourg,Caisse principal 3,184,15/02/2019 16:33,Propriétaire,15/02/2019 22:01,Propriétaire,1439.10,38.50,0.00,700.00,0.00,2177.60,2177.60,0.00
Esprit Sushi Fribourg,Terminal mobile,221,15/02/2019 18:06,Propriétaire,15/02/2019 21:58,Propriétaire,1168.40,144.90,0.00,0.00,700.00,613.30,613.30,0.00
Esprit Sushi Fribourg,Terminal mobile,220,14/02/2019 09:42,Propriétaire,14/02/2019 22:29,Propriétaire,0.00,605.20,0.00,563.20,0.00,1168.40,1168.40,0.00
Esprit Sushi Fribourg,Caisse principal 3,183,14/02/2019 11:44,Propriétaire,14/02/2019 22:28,Propriétaire,615.40,881.70,0.00,0.00,58.00,1439.10,1439.10,0.00
Esprit Sushi Fribourg,Caisse principal 3,182,13/02/2019 15:18,Propriétaire,13/02/2019 23:24,Propriétaire,459.20,96.20,0.00,60.00,0.00,615.40,615.40,0.00
Esprit Sushi Fribourg,Terminal mobile,219,13/02/2019 18:03,Propriétaire,13/02/2019 21:33,Propriétaire,469.30,35.90,0.00,0.00,0.00,505.20,505.20,0.00
Esprit Sushi Fribourg,Caisse principal 3,181,12/02/2019 17:20,Propriétaire,13/02/2019 15:18,Propriétaire,369.40,89.80,0.00,0.00,0.00,459.20,459.20,0.00
Esprit Sushi Fribourg,Terminal mobile,218,12/02/2019 18:01,Propriétaire,12/02/2019 22:08,Propriétaire,448.40,22.00,0.00,0.00,1.10,469.30,469.30,0.00
Esprit Sushi Fribourg,Caisse principal 3,180,11/02/2019 15:50,Propriétaire,11/02/2019 23:03,Propriétaire,969.40,0.00,0.00,200.00,800.00,369.40,369.40,0.00
Esprit Sushi Fribourg,Terminal mobile,217,11/02/2019 17:53,Propriétaire,11/02/2019 21:50,Propriétaire,821.90,26.50,0.00,0.00,200.00,648.40,648.40,0.00
Esprit Sushi Fribourg,Caisse principal 3,179,10/02/2019 21:41,Propriétaire,10/02/2019 21:42,Propriétaire,964.40,5.00,0.00,0.00,0.00,969.40,969.40,0.00
Esprit Sushi Fribourg,Caisse principal 3,178,10/02/2019 14:36,Propriétaire,10/02/2019 21:35,Propriétaire,970.40,0.00,0.00,0.00,6.00,964.40,964.40,0.00
Esprit Sushi Fribourg,Terminal mobile,216,10/02/2019 18:01,Propriétaire,10/02/2019 21:32,Propriétaire,764.40,57.50,0.00,0.00,0.00,821.90,821.90,0.00
Esprit Sushi Fribourg,Caisse principal 3,177,09/02/2019 14:36,Propriétaire,09/02/2019 21:57,Propriétaire,577.40,193.00,0.00,400.00,200.00,970.40,970.40,0.00
Esprit Sushi Fribourg,Terminal mobile,215,09/02/2019 18:08,Propriétaire,09/02/2019 21:55,Propriétaire,828.60,335.80,0.00,0.00,400.00,764.40,764.40,0.00
Esprit Sushi Fribourg,Terminal mobile,214,08/02/2019 18:09,Propriétaire,08/02/2019 21:39,Propriétaire,595.20,233.40,0.00,0.00,0.00,828.60,828.60,0.00
Esprit Sushi Fribourg,Caisse principal 3,176,08/02/2019 16:07,Propriétaire,08/02/2019 21:39,Propriétaire,615.90,111.50,0.00,100.00,250.00,577.40,577.40,0.00
Esprit Sushi Fribourg,Caisse principal 3,175,07/02/2019 16:25,Propriétaire,07/02/2019 21:43,Propriétaire,375.90,40.00,0.00,200.00,0.00,615.90,615.90,0.00
Esprit Sushi Fribourg,Terminal mobile,213,07/02/2019 18:06,Propriétaire,07/02/2019 21:30,Propriétaire,692.80,102.40,0.00,0.00,200.00,595.20,595.20,0.00
Esprit Sushi Fribourg,Caisse principal 3,174,05/02/2019 15:10,Propriétaire,06/02/2019 22:17,Propriétaire,477.00,204.90,0.00,214.00,520.00,375.90,375.90,0.00
Esprit Sushi Fribourg,Terminal mobile,212,06/02/2019 17:59,Propriétaire,06/02/2019 22:13,Propriétaire,517.30,225.50,0.00,0.00,50.00,692.80,692.80,0.00
Esprit Sushi Fribourg,Terminal mobile,211,05/02/2019 17:59,Propriétaire,05/02/2019 21:51,Propriétaire,404.60,112.70,0.00,0.00,0.00,517.30,517.30,0.00
Esprit Sushi Fribourg,Caisse principal 3,173,04/02/2019 18:23,Propriétaire,04/02/2019 23:36,Propriétaire,263.00,34.00,0.00,0.00,0.00,297.00,297.00,0.00
Esprit Sushi Fribourg,Terminal mobile,210,04/02/2019 18:13,Propriétaire,04/02/2019 22:55,Propriétaire,457.70,246.90,0.00,0.00,0.00,704.60,704.60,0.00
Esprit Sushi Fribourg,Caisse principal 3,172,03/02/2019 14:15,Propriétaire,03/02/2019 21:25,Propriétaire,747.00,96.00,0.00,0.00,400.00,443.00,443.00,0.00
Esprit Sushi Fribourg,Terminal mobile,209,03/02/2019 18:03,Propriétaire,03/02/2019 21:22,Propriétaire,1158.10,0.00,0.00,0.00,700.00,458.10,458.10,0.00
Esprit Sushi Fribourg,Caisse principal 3,171,02/02/2019 21:37,Propriétaire,02/02/2019 21:38,Propriétaire,749.50,0.00,0.00,0.00,2.50,747.00,747.00,0.00
Esprit Sushi Fribourg,Caisse principal 3,170,02/02/2019 21:37,Propriétaire,02/02/2019 21:37,Propriétaire,0.00,0.00,0.00,0.00,0.00,0.00,0.00,0.00
Esprit Sushi Fribourg,Caisse principal 3,169,02/02/2019 16:04,Propriétaire,02/02/2019 21:35,Propriétaire,669.60,79.90,0.00,0.00,0.00,749.50,749.50,0.00
Esprit Sushi Fribourg,Terminal mobile,208,02/02/2019 18:10,Propriétaire,02/02/2019 21:35,Propriétaire,910.60,242.10,0.00,0.00,0.00,1152.70,1152.70,0.00
Esprit Sushi Fribourg,Caisse principal 3,168,01/02/2019 16:07,Propriétaire,01/02/2019 22:35,Propriétaire,442.70,66.90,0.00,200.00,40.00,669.60,669.60,0.00
Esprit Sushi Fribourg,Terminal mobile,207,01/02/2019 18:03,Propriétaire,01/02/2019 22:28,Propriétaire,742.20,368.40,0.00,0.00,200.00,910.60,910.60,0.00
Esprit Sushi Fribourg,Caisse principal 3,167,31/01/2019 14:39,Propriétaire,31/01/2019 22:00,Propriétaire,437.70,5.00,0.00,0.00,0.00,442.70,442.70,0.00
Esprit Sushi Fribourg,Terminal mobile,206,31/01/2019 17:41,Propriétaire,31/01/2019 21:36,Propriétaire,571.90,170.30,0.00,0.00,0.00,742.20,742.20,0.00
Esprit Sushi Fribourg,Terminal mobile,205,30/01/2019 18:00,Propriétaire,31/01/2019 17:41,Propriétaire,507.90,64.00,0.00,0.00,0.00,571.90,571.90,0.00
Esprit Sushi Fribourg,Caisse principal 3,166,30/01/2019 13:15,Propriétaire,31/01/2019 14:39,Propriétaire,1517.00,20.70,0.00,0.00,1100.00,437.70,437.70,0.00
Esprit Sushi Fribourg,Terminal mobile,204,29/01/2019 17:57,Propriétaire,29/01/2019 21:35,Propriétaire,894.40,213.50,0.00,0.00,600.00,507.90,507.90,0.00
Esprit Sushi Fribourg,Caisse principal 3,165,29/01/2019 15:43,Propriétaire,29/01/2019 21:35,Propriétaire,917.00,0.00,0.00,600.00,0.00,1517.00,1517.00,0.00
Esprit Sushi Fribourg,Caisse principal 3,164,28/01/2019 16:19,Propriétaire,29/01/2019 15:43,Propriétaire,592.00,5.00,0.00,620.00,300.00,917.00,917.00,0.00
Esprit Sushi Fribourg,Terminal mobile,203,28/01/2019 18:12,Propriétaire,28/01/2019 22:14,Propriétaire,1313.30,235.40,0.00,0.00,654.30,894.40,894.40,0.00
Esprit Sushi Fribourg,Caisse principal 3,163,27/01/2019 14:42,Propriétaire,28/01/2019 16:19,Propriétaire,722.00,40.00,0.00,0.00,170.00,592.00,592.00,0.00
Esprit Sushi Fribourg,Terminal mobile,202,27/01/2019 18:06,Propriétaire,27/01/2019 22:48,Propriétaire,878.70,437.60,0.00,0.00,3.00,1313.30,1313.30,0.00
Esprit Sushi Fribourg,Caisse principal 3,162,26/01/2019 18:14,Propriétaire,26/01/2019 23:02,Propriétaire,635.60,88.70,0.00,0.00,2.30,722.00,722.00,0.00
Esprit Sushi Fribourg,Terminal mobile,201,26/01/2019 18:57,Propriétaire,26/01/2019 22:59,Propriétaire,624.20,254.50,0.00,0.00,0.00,878.70,878.70,0.00
Esprit Sushi Fribourg,Caisse principal 3,161,26/01/2019 13:48,Propriétaire,26/01/2019 14:06,Propriétaire,635.60,0.00,0.00,0.00,0.00,635.60,635.60,0.00
Esprit Sushi Fribourg,Terminal mobile,200,25/01/2019 16:36,Propriétaire,25/01/2019 22:23,Propriétaire,463.30,160.90,0.00,0.00,0.00,624.20,624.20,0.00
Esprit Sushi Fribourg,Caisse principal 3,160,25/01/2019 16:33,Propriétaire,25/01/2019 22:19,Propriétaire,505.70,129.90,0.00,0.00,0.00,635.60,635.60,0.00
Esprit Sushi Fribourg,Terminal mobile,199,24/01/2019 18:02,Propriétaire,25/01/2019 16:36,Propriétaire,763.30,0.00,0.00,0.00,300.00,463.30,463.30,0.00
Esprit Sushi Fribourg,Caisse principal 3,159,24/01/2019 16:41,Propriétaire,24/01/2019 22:01,Propriétaire,479.70,52.00,0.00,0.00,26.00,505.70,505.70,0.00
Esprit Sushi Fribourg,Caisse principal 3,158,23/01/2019 16:28,Propriétaire,23/01/2019 21:55,Propriétaire,443.20,36.50,0.00,0.00,0.00,479.70,479.70,0.00
Esprit Sushi Fribourg,Terminal mobile,198,23/01/2019 18:04,Propriétaire,23/01/2019 21:52,Propriétaire,466.40,299.40,0.00,0.00,2.50,763.30,763.30,0.00
Esprit Sushi Fribourg,Terminal mobile,197,22/01/2019 18:17,Propriétaire,22/01/2019 21:35,Propriétaire,466.40,0.00,0.00,0.00,0.00,466.40,466.40,0.00
Esprit Sushi Fribourg,Caisse principal 3,157,22/01/2019 17:53,Propriétaire,22/01/2019 21:34,Propriétaire,439.70,3.50,0.00,0.00,0.00,443.20,443.20,0.00
Esprit Sushi Fribourg,Caisse principal 3,156,21/01/2019 15:57,Propriétaire,22/01/2019 17:53,Propriétaire,539.70,20.00,0.00,0.00,120.00,439.70,439.70,0.00
Esprit Sushi Fribourg,Terminal mobile,196,21/01/2019 18:14,Propriétaire,21/01/2019 21:10,Propriétaire,466.40,0.00,0.00,0.00,0.00,466.40,466.40,0.00
Esprit Sushi Fribourg,Caisse principal 3,155,20/01/2019 18:19,Propriétaire,20/01/2019 21:49,Propriétaire,539.70,0.00,0.00,0.00,0.00,539.70,539.70,0.00
Esprit Sushi Fribourg,Terminal mobile,195,20/01/2019 18:08,Propriétaire,20/01/2019 21:33,Propriétaire,489.30,177.10,0.00,0.00,0.00,666.40,666.40,0.00
Esprit Sushi Fribourg,Terminal mobile,194,19/01/2019 18:03,Propriétaire,19/01/2019 21:38,Propriétaire,428.30,61.00,0.00,0.00,0.00,489.30,489.30,0.00
Esprit Sushi Fribourg,Caisse principal 3,154,19/01/2019 16:19,Propriétaire,19/01/2019 21:37,Propriétaire,468.40,92.30,0.00,0.00,20.00,540.70,540.70,0.00
Esprit Sushi Fribourg,Terminal mobile,193,18/01/2019 18:05,Propriétaire,18/01/2019 22:15,Propriétaire,355.30,74.00,0.00,200.00,201.00,428.30,428.30,0.00
Esprit Sushi Fribourg,Caisse principal 3,153,18/01/2019 13:37,Propriétaire,18/01/2019 22:15,Propriétaire,1171.40,117.00,0.00,0.00,820.00,468.40,468.40,0.00
Esprit Sushi Fribourg,Caisse principal 3,152,17/01/2019 16:28,Propriétaire,17/01/2019 22:29,Propriétaire,1131.90,39.50,0.00,0.00,0.00,1171.40,1171.40,0.00
Esprit Sushi Fribourg,Terminal mobile,192,17/01/2019 18:09,Propriétaire,17/01/2019 22:29,Propriétaire,474.80,80.50,0.00,0.00,0.00,555.30,555.30,0.00
Esprit Sushi Fribourg,Caisse principal 3,151,16/01/2019 16:17,Propriétaire,17/01/2019 16:28,Propriétaire,531.90,0.00,0.00,600.00,0.00,1131.90,1131.90,0.00
Esprit Sushi Fribourg,Terminal mobile,191,16/01/2019 18:05,Propriétaire,16/01/2019 21:46,Propriétaire,362.90,111.90,0.00,0.00,0.00,474.80,474.80,0.00
Esprit Sushi Fribourg,Caisse principal 3,150,15/01/2019 16:26,Propriétaire,15/01/2019 22:06,Propriétaire,452.70,79.20,0.00,0.00,0.00,531.90,531.90,0.00
Esprit Sushi Fribourg,Terminal mobile,190,15/01/2019 18:04,Propriétaire,15/01/2019 22:03,Propriétaire,920.70,42.20,0.00,0.00,0.00,962.90,962.90,0.00
Esprit Sushi Fribourg,Caisse principal 3,149,14/01/2019 16:21,Propriétaire,15/01/2019 16:26,Propriétaire,1082.60,70.10,0.00,0.00,700.00,452.70,452.70,0.00
Esprit Sushi Fribourg,Terminal mobile,189,14/01/2019 18:34,Propriétaire,14/01/2019 21:43,Propriétaire,703.70,267.00,50.00,0.00,0.00,920.70,920.70,0.00
Esprit Sushi Fribourg,Caisse principal 3,148,13/01/2019 15:12,Propriétaire,13/01/2019 21:50,Propriétaire,1077.60,5.00,0.00,0.00,0.00,1082.60,1082.60,0.00
Esprit Sushi Fribourg,Terminal mobile,188,13/01/2019 18:45,Propriétaire,13/01/2019 21:38,Propriétaire,583.80,119.90,0.00,0.00,0.00,703.70,703.70,0.00
Esprit Sushi Fribourg,Caisse principal 3,147,12/01/2019 16:09,Propriétaire,12/01/2019 21:56,Propriétaire,519.20,58.40,0.00,500.00,0.00,1077.60,1077.60,0.00
Esprit Sushi Fribourg,Terminal mobile,187,12/01/2019 18:02,Propriétaire,12/01/2019 21:31,Propriétaire,953.80,130.00,0.00,0.00,500.00,583.80,583.80,0.00
Esprit Sushi Fribourg,Caisse principal 3,146,11/01/2019 16:38,Propriétaire,11/01/2019 22:17,Propriétaire,447.30,71.90,0.00,0.00,0.00,519.20,519.20,0.00
Esprit Sushi Fribourg,Terminal mobile,186,11/01/2019 19:06,Propriétaire,11/01/2019 22:13,Propriétaire,653.80,299.90,0.00,0.00,0.00,953.70,953.70,0.00
Esprit Sushi Fribourg,Caisse principal 3,145,10/01/2019 17:04,Propriétaire,11/01/2019 00:31,Propriétaire,396.30,51.00,0.00,0.00,0.00,447.30,447.30,0.00
Esprit Sushi Fribourg,Terminal mobile,185,10/01/2019 18:03,Propriétaire,10/01/2019 22:31,Propriétaire,648.90,304.90,0.00,0.00,300.00,653.80,653.80,0.00
Esprit Sushi Fribourg,Terminal mobile,184,10/01/2019 18:03,Propriétaire,10/01/2019 18:03,Propriétaire,348.90,0.00,0.00,0.00,0.00,348.90,348.90,0.00
Esprit Sushi Fribourg,Caisse principal 3,144,09/01/2019 15:06,Propriétaire,09/01/2019 22:18,Propriétaire,1175.80,20.50,0.00,0.00,800.00,396.30,396.30,0.00
Esprit Sushi Fribourg,Terminal mobile,183,09/01/2019 19:26,Propriétaire,09/01/2019 21:37,Propriétaire,528.00,122.40,0.00,0.00,1.50,648.90,648.90,0.00
Esprit Sushi Fribourg,Terminal mobile,182,08/01/2019 18:02,Propriétaire,09/01/2019 17:20,Propriétaire,464.50,63.50,0.00,0.00,0.00,528.00,528.00,0.00
Esprit Sushi Fribourg,Caisse principal 3,143,08/01/2019 14:24,Propriétaire,08/01/2019 21:12,Propriétaire,1175.80,0.00,0.00,0.00,0.00,1175.80,1175.80,0.00
Esprit Sushi Fribourg,Caisse principal 3,142,07/01/2019 16:16,Propriétaire,07/01/2019 22:16,Propriétaire,1127.60,48.20,0.00,0.00,0.00,1175.80,1175.80,0.00
Esprit Sushi Fribourg,Terminal mobile,181,07/01/2019 16:49,Propriétaire,07/01/2019 22:05,Propriétaire,387.80,76.50,0.00,0.00,0.00,464.30,464.30,0.00
Esprit Sushi Fribourg,Caisse principal 3,141,06/01/2019 14:59,Propriétaire,06/01/2019 22:38,Propriétaire,506.20,96.40,0.00,525.00,0.00,1127.60,1127.60,0.00
Esprit Sushi Fribourg,Terminal mobile,180,06/01/2019 18:03,Propriétaire,06/01/2019 22:37,Propriétaire,787.90,109.90,0.00,15.00,525.00,387.80,387.80,0.00
Esprit Sushi Fribourg,Terminal mobile,179,05/01/2019 18:29,Propriétaire,05/01/2019 21:56,Propriétaire,510.70,292.20,0.00,0.00,0.00,802.90,802.90,0.00
Esprit Sushi Fribourg,Caisse principal 3,140,04/01/2019 16:23,Propriétaire,04/01/2019 21:59,Propriétaire,415.70,90.50,0.00,0.00,0.00,506.20,506.20,0.00
Esprit Sushi Fribourg,Terminal mobile,178,04/01/2019 18:14,Propriétaire,04/01/2019 21:34,Propriétaire,454.70,56.00,0.00,0.00,0.00,510.70,510.70,0.00
Esprit Sushi Fribourg,Caisse principal 3,139,03/01/2019 15:45,Propriétaire,03/01/2019 21:32,Propriétaire,288.30,127.40,0.00,0.00,0.00,415.70,415.70,0.00
Esprit Sushi Fribourg,Terminal mobile,177,03/01/2019 18:12,Propriétaire,03/01/2019 21:31,Propriétaire,364.70,90.00,0.00,0.00,0.00,454.70,454.70,0.00
Esprit Sushi Fribourg,Caisse principal 3,138,02/01/2019 14:44,Propriétaire,02/01/2019 21:35,Propriétaire,285.10,3.20,0.00,0.00,0.00,288.30,288.30,0.00
Esprit Sushi Fribourg,Terminal mobile,176,02/01/2019 18:01,Propriétaire,02/01/2019 21:35,Propriétaire,535.70,29.00,0.00,0.00,200.00,364.70,364.70,0.00
Esprit Sushi Fribourg,Caisse principal 3,137,31/12/2018 16:30,Propriétaire,02/01/2019 14:44,Propriétaire,0.00,10.00,0.00,625.10,350.00,285.10,285.10,0.00
Esprit Sushi Fribourg,Caisse principal 3,136,31/12/2018 09:22,Propriétaire,31/12/2018 16:01,Propriétaire,440.60,184.50,0.00,0.00,0.00,625.10,625.10,0.00
Esprit Sushi Fribourg,Terminal mobile,175,31/12/2018 12:10,Propriétaire,31/12/2018 16:00,Propriétaire,511.70,26.00,0.00,0.00,2.00,535.70,535.70,0.00
Esprit Sushi Fribourg,Caisse principal 3,135,29/12/2018 15:09,Propriétaire,30/12/2018 21:56,Propriétaire,570.70,69.90,0.00,0.00,200.00,440.60,440.60,0.00
Esprit Sushi Fribourg,Terminal mobile,174,30/12/2018 18:08,Propriétaire,30/12/2018 21:50,Propriétaire,676.10,145.90,0.00,0.00,310.30,511.70,511.70,0.00
Esprit Sushi Fribourg,Terminal mobile,173,29/12/2018 18:00,Propriétaire,29/12/2018 22:28,Propriétaire,420.70,258.00,0.00,0.00,2.60,676.10,676.10,0.00
Esprit Sushi Fribourg,Terminal mobile,172,28/12/2018 18:04,Propriétaire,28/12/2018 21:32,Propriétaire,648.20,72.50,0.00,0.00,0.00,720.70,720.70,0.00
Esprit Sushi Fribourg,Caisse principal 3,134,28/12/2018 14:36,Propriétaire,28/12/2018 21:32,Propriétaire,601.00,73.70,0.00,0.00,104.00,570.70,570.70,0.00
Esprit Sushi Fribourg,Caisse principal 3,133,27/12/2018 21:54,Propriétaire,27/12/2018 21:54,Propriétaire,596.00,5.00,0.00,0.00,0.00,601.00,601.00,0.00
Esprit Sushi Fribourg,Caisse principal 3,132,27/12/2018 15:08,Propriétaire,27/12/2018 21:36,Propriétaire,477.20,118.80,0.00,0.00,0.00,596.00,596.00,0.00
Esprit Sushi Fribourg,Terminal mobile,171,27/12/2018 19:37,Propriétaire,27/12/2018 21:35,Propriétaire,511.70,201.90,65.40,0.00,0.00,648.20,648.20,0.00
Esprit Sushi Fribourg,Caisse principal 3,131,26/12/2018 17:30,Propriétaire,26/12/2018 22:38,Propriétaire,393.80,83.40,0.00,0.00,0.00,477.20,477.20,0.00
Esprit Sushi Fribourg,Terminal mobile,170,26/12/2018 14:13,Propriétaire,26/12/2018 21:37,Propriétaire,837.70,129.00,0.00,0.00,455.00,511.70,511.70,0.00
Esprit Sushi Fribourg,Caisse principal 3,130,23/12/2018 15:10,Propriétaire,24/12/2018 20:47,Propriétaire,540.00,253.80,0.00,500.00,900.00,393.80,393.80,0.00
Esprit Sushi Fribourg,Terminal mobile,169,24/12/2018 12:05,Propriétaire,24/12/2018 16:11,Propriétaire,1170.10,205.30,0.00,0.00,537.70,837.70,837.70,0.00
Esprit Sushi Fribourg,Terminal mobile,168,24/12/2018 12:03,Propriétaire,24/12/2018 12:04,Propriétaire,0.00,0.00,0.00,0.00,0.00,0.00,0.00,0.00
Esprit Sushi Fribourg,Terminal mobile,167,23/12/2018 18:07,Propriétaire,24/12/2018 12:03,Propriétaire,788.20,384.40,0.00,0.00,0.00,1172.60,1172.60,0.00
Esprit Sushi Fribourg,Caisse principal 3,129,22/12/2018 16:25,Propriétaire,22/12/2018 21:36,Propriétaire,650.00,243.90,54.00,0.00,300.00,539.90,539.90,0.00
Esprit Sushi Fribourg,Terminal mobile,166,22/12/2018 18:10,Propriétaire,22/12/2018 21:34,Propriétaire,780.70,384.00,76.50,0.00,300.00,788.20,788.20,0.00
Esprit Sushi Fribourg,Terminal mobile,165,22/12/2018 18:10,Propriétaire,22/12/2018 18:10,Propriétaire,480.70,0.00,0.00,0.00,0.00,480.70,480.70,0.00
Esprit Sushi Fribourg,Caisse principal 3,128,20/12/2018 17:55,Propriétaire,21/12/2018 21:30,Propriétaire,583.30,186.70,0.00,0.00,120.00,650.00,650.00,0.00
Esprit Sushi Fribourg,Terminal mobile,164,21/12/2018 18:27,Propriétaire,21/12/2018 21:30,Propriétaire,510.30,270.40,0.00,0.00,0.00,780.70,780.70,0.00
Esprit Sushi Fribourg,Terminal mobile,163,20/12/2018 18:06,Propriétaire,20/12/2018 21:03,Propriétaire,510.30,0.00,0.00,0.00,0.00,510.30,510.30,0.00
Esprit Sushi Fribourg,Caisse principal 3,127,19/12/2018 16:34,Propriétaire,19/12/2018 21:29,Propriétaire,452.30,11.00,0.00,0.00,0.00,463.30,463.30,0.00
Esprit Sushi Fribourg,Terminal mobile,162,19/12/2018 18:21,Propriétaire,19/12/2018 21:11,Propriétaire,510.30,0.00,0.00,0.00,0.00,510.30,510.30,0.00
Esprit Sushi Fribourg,Caisse principal 3,126,18/12/2018 14:43,Propriétaire,18/12/2018 22:08,Propriétaire,861.80,90.50,0.00,300.00,800.00,452.30,452.30,0.00
Esprit Sushi Fribourg,Terminal mobile,161,18/12/2018 14:46,Propriétaire,18/12/2018 21:17,Propriétaire,739.80,70.50,0.00,0.00,300.00,510.30,510.30,0.00
Esprit Sushi Fribourg,Terminal mobile,160,17/12/2018 18:10,Propriétaire,18/12/2018 14:45,Propriétaire,687.80,52.00,0.00,0.00,0.00,739.80,739.80,0.00
Esprit Sushi Fribourg,Caisse principal 3,125,17/12/2018 16:37,Propriétaire,18/12/2018 14:43,Propriétaire,856.80,98.90,93.90,0.00,0.00,861.80,861.80,0.00
Esprit Sushi Fribourg,Caisse principal 3,124,16/12/2018 18:17,Propriétaire,16/12/2018 22:22,Propriétaire,406.40,100.40,0.00,350.00,0.00,856.80,856.80,0.00
Esprit Sushi Fribourg,Terminal mobile,159,16/12/2018 18:12,Propriétaire,16/12/2018 21:44,Propriétaire,784.30,253.50,0.00,0.00,350.00,687.80,687.80,0.00
Esprit Sushi Fribourg,Caisse principal 3,123,16/12/2018 11:36,Propriétaire,16/12/2018 11:38,Propriétaire,901.40,5.00,0.00,0.00,500.00,406.40,406.40,0.00
Esprit Sushi Fribourg,Caisse principal 3,122,15/12/2018 15:49,Propriétaire,15/12/2018 21:26,Propriétaire,792.40,139.00,0.00,0.00,30.00,901.40,901.40,0.00
Esprit Sushi Fribourg,Terminal mobile,158,15/12/2018 18:28,Propriétaire,15/12/2018 21:26,Propriétaire,634.90,149.40,0.00,0.00,0.00,784.30,784.30,0.00
Esprit Sushi Fribourg,Caisse principal 3,121,14/12/2018 15:09,Propriétaire,14/12/2018 21:50,Propriétaire,775.40,17.00,0.00,0.00,0.00,792.40,792.40,0.00
Esprit Sushi Fribourg,Terminal mobile,157,14/12/2018 18:07,Propriétaire,14/12/2018 21:46,Propriétaire,505.00,129.90,0.00,0.00,0.00,634.90,634.90,0.00
Esprit Sushi Fribourg,Caisse principal 3,120,13/12/2018 22:21,Propriétaire,13/12/2018 22:22,Propriétaire,765.40,10.00,0.00,0.00,0.00,775.40,775.40,0.00
Esprit Sushi Fribourg,Caisse principal 3,119,13/12/2018 16:22,Propriétaire,13/12/2018 21:40,Propriétaire,553.40,12.00,0.00,200.00,0.00,765.40,765.40,0.00
Esprit Sushi Fribourg,Terminal mobile,156,13/12/2018 18:11,Propriétaire,13/12/2018 21:38,Propriétaire,649.50,58.00,0.00,0.00,202.50,505.00,505.00,0.00
Esprit Sushi Fribourg,Caisse principal 3,118,10/12/2018 15:25,Propriétaire,13/12/2018 16:22,Propriétaire,576.30,177.10,0.00,0.00,200.00,553.40,553.40,0.00
Esprit Sushi Fribourg,Terminal mobile,155,12/12/2018 18:50,Propriétaire,12/12/2018 21:42,Propriétaire,600.50,49.00,0.00,0.00,0.00,649.50,649.50,0.00
Esprit Sushi Fribourg,Terminal mobile,154,11/12/2018 16:34,Propriétaire,11/12/2018 21:39,Propriétaire,543.50,95.00,38.00,0.00,0.00,600.50,600.50,0.00
Esprit Sushi Fribourg,Terminal mobile,153,10/12/2018 18:05,Propriétaire,10/12/2018 22:03,Propriétaire,929.10,114.40,0.00,0.00,500.00,543.50,543.50,0.00
Esprit Sushi Fribourg,Caisse principal 3,117,09/12/2018 14:16,Propriétaire,09/12/2018 22:05,Propriétaire,528.80,47.50,0.00,0.00,0.00,576.30,576.30,0.00
Esprit Sushi Fribourg,Terminal mobile,152,09/12/2018 18:00,Propriétaire,09/12/2018 22:03,Propriétaire,714.70,214.50,0.00,0.00,0.00,929.20,929.20,0.00
Esprit Sushi Fribourg,Caisse principal 3,116,08/12/2018 11:18,Propriétaire,08/12/2018 22:02,Propriétaire,293.80,230.00,0.00,5.00,0.00,528.80,528.80,0.00
Esprit Sushi Fribourg,Terminal mobile,151,08/12/2018 17:58,Propriétaire,08/12/2018 22:00,Propriétaire,365.70,369.00,0.00,0.00,20.00,714.70,714.70,0.00
Esprit Sushi Fribourg,Caisse principal 3,115,07/12/2018 22:37,Propriétaire,07/12/2018 22:38,Propriétaire,288.80,5.00,0.00,0.00,0.00,293.80,293.80,0.00
Esprit Sushi Fribourg,Caisse principal 3,114,07/12/2018 22:35,Propriétaire,07/12/2018 22:37,Propriétaire,788.80,0.00,0.00,350.00,850.00,288.80,288.80,0.00
Esprit Sushi Fribourg,Terminal mobile,150,07/12/2018 22:35,Propriétaire,07/12/2018 22:35,Propriétaire,715.70,0.00,0.00,0.00,350.00,365.70,365.70,0.00
Esprit Sushi Fribourg,Caisse principal 3,113,07/12/2018 17:11,Propriétaire,07/12/2018 21:45,Propriétaire,631.80,177.00,0.00,0.00,20.00,788.80,788.80,0.00
Esprit Sushi Fribourg,Terminal mobile,149,07/12/2018 18:10,Propriétaire,07/12/2018 21:41,Propriétaire,508.00,207.70,0.00,0.00,0.00,715.70,715.70,0.00
Esprit Sushi Fribourg,Terminal mobile,148,06/12/2018 18:09,Propriétaire,06/12/2018 21:31,Propriétaire,538.10,69.90,0.00,0.00,100.00,508.00,508.00,0.00
Esprit Sushi Fribourg,Caisse principal 3,112,06/12/2018 16:15,Propriétaire,06/12/2018 21:31,Propriétaire,456.50,75.30,0.00,100.00,0.00,631.80,631.80,0.00
Esprit Sushi Fribourg,Caisse principal 3,111,05/12/2018 15:13,Propriétaire,06/12/2018 16:15,Propriétaire,413.50,43.00,0.00,0.00,0.00,456.50,456.50,0.00
Esprit Sushi Fribourg,Terminal mobile,147,05/12/2018 16:06,Propriétaire,05/12/2018 21:23,Propriétaire,422.10,117.00,0.00,0.00,1.00,538.10,538.10,0.00
Esprit Sushi Fribourg,Terminal mobile,146,04/12/2018 18:56,Propriétaire,04/12/2018 22:01,Propriétaire,376.20,45.90,0.00,0.00,0.00,422.10,422.10,0.00
Esprit Sushi Fribourg,Caisse principal 3,110,04/12/2018 15:32,Propriétaire,04/12/2018 21:55,Propriétaire,405.30,8.20,0.00,0.00,0.00,413.50,413.50,0.00
Esprit Sushi Fribourg,Caisse principal 3,109,03/12/2018 14:13,Propriétaire,03/12/2018 22:34,Propriétaire,498.40,156.90,0.00,350.00,600.00,405.30,405.30,0.00
Esprit Sushi Fribourg,Terminal mobile,145,03/12/2018 14:17,Propriétaire,03/12/2018 21:39,Propriétaire,702.70,23.50,0.00,0.00,350.00,376.20,376.20,0.00
Esprit Sushi Fribourg,Terminal mobile,144,02/12/2018 18:00,Propriétaire,02/12/2018 21:58,Propriétaire,379.00,325.20,0.00,0.00,1.50,702.70,702.70,0.00
Esprit Sushi Fribourg,Caisse principal 3,108,02/12/2018 14:02,Propriétaire,02/12/2018 21:58,Propriétaire,1527.50,160.90,0.00,0.00,1190.00,498.40,498.40,0.00
Esprit Sushi Fribourg,Caisse principal 3,107,30/11/2018 16:33,Propriétaire,30/11/2018 22:06,Propriétaire,975.00,52.50,0.00,500.00,0.00,1527.50,1527.50,0.00
Esprit Sushi Fribourg,Terminal mobile,143,30/11/2018 18:03,Propriétaire,30/11/2018 21:46,Propriétaire,849.50,29.50,0.00,0.00,500.00,379.00,379.00,0.00
Esprit Sushi Fribourg,Caisse principal 3,106,29/11/2018 13:56,Propriétaire,29/11/2018 22:18,Propriétaire,691.00,284.00,0.00,0.00,0.00,975.00,975.00,0.00
Esprit Sushi Fribourg,Terminal mobile,142,29/11/2018 22:04,Propriétaire,29/11/2018 22:13,Propriétaire,588.90,260.60,0.00,0.00,0.00,849.50,849.50,0.00
Esprit Sushi Fribourg,Caisse principal 3,105,28/11/2018 13:50,Propriétaire,28/11/2018 21:35,Propriétaire,499.60,191.40,0.00,0.00,0.00,691.00,691.00,0.00
Esprit Sushi Fribourg,Terminal mobile,141,28/11/2018 18:03,Propriétaire,28/11/2018 21:35,Propriétaire,508.40,80.50,0.00,0.00,0.00,588.90,588.90,0.00
Esprit Sushi Fribourg,Caisse principal 3,104,27/11/2018 16:09,Propriétaire,27/11/2018 22:07,Propriétaire,471.40,28.20,0.00,0.00,0.00,499.60,499.60,0.00
Esprit Sushi Fribourg,Terminal mobile,140,27/11/2018 18:09,Propriétaire,27/11/2018 21:04,Propriétaire,477.40,31.00,0.00,0.00,0.00,508.40,508.40,0.00
Esprit Sushi Fribourg,Caisse principal 3,103,26/11/2018 16:53,Propriétaire,27/11/2018 16:09,Propriétaire,966.90,104.50,0.00,0.00,600.00,471.40,471.40,0.00
Esprit Sushi Fribourg,Terminal mobile,139,26/11/2018 16:52,Propriétaire,26/11/2018 21:56,Propriétaire,582.50,149.40,43.50,0.00,211.00,477.40,477.40,0.00
Esprit Sushi Fribourg,Caisse principal 3,102,25/11/2018 18:00,Propriétaire,25/11/2018 22:49,Propriétaire,564.50,102.40,0.00,300.00,0.00,966.90,966.90,0.00
Esprit Sushi Fribourg,Terminal mobile,138,25/11/2018 18:23,Propriétaire,25/11/2018 21:45,Propriétaire,826.30,56.20,0.00,0.00,300.00,582.50,582.50,0.00
Esprit Sushi Fribourg,Terminal mobile,137,25/11/2018 10:05,Propriétaire,25/11/2018 10:05,Propriétaire,866.30,0.00,0.00,0.00,40.00,826.30,826.30,0.00
Esprit Sushi Fribourg,Caisse principal 3,101,24/11/2018 15:21,Propriétaire,24/11/2018 21:20,Propriétaire,457.50,157.00,0.00,0.00,50.00,564.50,564.50,0.00
Esprit Sushi Fribourg,Terminal mobile,136,24/11/2018 15:25,Propriétaire,24/11/2018 21:20,Propriétaire,791.30,95.00,0.00,0.00,20.00,866.30,866.30,0.00
Esprit Sushi Fribourg,Caisse principal 3,100,23/11/2018 17:11,Propriétaire,23/11/2018 21:47,Propriétaire,416.00,41.50,0.00,0.00,0.00,457.50,457.50,0.00
Esprit Sushi Fribourg,Terminal mobile,135,23/11/2018 18:06,Propriétaire,23/11/2018 21:43,Propriétaire,649.30,142.00,0.00,0.00,0.00,791.30,791.30,0.00
Esprit Sushi Fribourg,Caisse principal 3,99,19/11/2018 16:20,Propriétaire,23/11/2018 17:11,Propriétaire,1925.10,300.90,0.00,200.00,2010.00,416.00,416.00,0.00
Esprit Sushi Fribourg,Terminal mobile,134,22/11/2018 18:22,Propriétaire,22/11/2018 21:31,Propriétaire,482.60,167.50,0.00,0.00,0.00,650.10,650.10,0.00
Esprit Sushi Fribourg,Terminal mobile,133,21/11/2018 18:34,Propriétaire,21/11/2018 21:47,Propriétaire,637.10,245.50,0.00,0.00,0.00,882.60,882.60,0.00
Esprit Sushi Fribourg,Terminal mobile,132,20/11/2018 18:05,Propriétaire,20/11/2018 22:34,Propriétaire,559.10,80.00,0.00,0.00,1.00,638.10,638.10,0.00
Esprit Sushi Fribourg,Terminal mobile,131,19/11/2018 18:04,Propriétaire,20/11/2018 18:04,Propriétaire,652.50,70.50,0.00,36.10,200.00,559.10,559.10,0.00
Esprit Sushi Fribourg,Terminal mobile,130,18/11/2018 21:43,Propriétaire,18/11/2018 21:43,Propriétaire,691.10,0.00,0.00,0.00,2.50,688.60,688.60,0.00
Esprit Sushi Fribourg,Caisse principal 3,98,18/11/2018 14:55,Propriétaire,18/11/2018 21:41,Propriétaire,1803.80,121.30,0.00,0.00,0.00,1925.10,1925.10,0.00
Esprit Sushi Fribourg,Terminal mobile,129,18/11/2018 18:06,Propriétaire,18/11/2018 21:38,Propriétaire,558.60,132.50,0.00,0.00,0.00,691.10,691.10,0.00
Esprit Sushi Fribourg,Caisse principal 3,97,17/11/2018 15:34,Propriétaire,17/11/2018 21:36,Propriétaire,1814.80,89.00,0.00,0.00,100.00,1803.80,1803.80,0.00
Esprit Sushi Fribourg,Terminal mobile,128,17/11/2018 17:52,Propriétaire,17/11/2018 21:36,Propriétaire,470.10,88.50,0.00,0.00,0.00,558.60,558.60,0.00
Esprit Sushi Fribourg,Caisse principal 3,96,13/11/2018 14:58,Propriétaire,16/11/2018 21:34,Propriétaire,841.40,373.40,0.00,600.00,0.00,1814.80,1814.80,0.00
Esprit Sushi Fribourg,Terminal mobile,127,16/11/2018 18:05,Propriétaire,16/11/2018 21:33,Propriétaire,766.60,303.50,0.00,0.00,600.00,470.10,470.10,0.00
Esprit Sushi Fribourg,Terminal mobile,126,15/11/2018 18:11,Propriétaire,15/11/2018 21:14,Propriétaire,676.10,90.50,0.00,0.00,0.00,766.60,766.60,0.00
Esprit Sushi Fribourg,Terminal mobile,125,14/11/2018 18:09,Propriétaire,14/11/2018 21:32,Propriétaire,575.40,100.70,0.00,0.00,0.00,676.10,676.10,0.00
Esprit Sushi Fribourg,Terminal mobile,124,13/11/2018 18:00,Propriétaire,13/11/2018 21:32,Propriétaire,419.00,156.40,0.00,0.00,0.00,575.40,575.40,0.00
Esprit Sushi Fribourg,Caisse principal 3,95,12/11/2018 15:06,Propriétaire,12/11/2018 21:23,Propriétaire,781.50,59.90,0.00,0.00,0.00,841.40,841.40,0.00
Esprit Sushi Fribourg,Terminal mobile,123,12/11/2018 18:00,Propriétaire,12/11/2018 21:05,Propriétaire,398.75,21.00,0.00,0.00,0.75,419.00,419.00,0.00
Esprit Sushi Fribourg,Caisse principal 3,94,11/11/2018 16:37,Propriétaire,11/11/2018 22:11,Propriétaire,281.50,0.00,0.00,500.00,0.00,781.50,781.50,0.00
Esprit Sushi Fribourg,Terminal mobile,122,11/11/2018 16:44,Propriétaire,11/11/2018 22:09,Propriétaire,765.95,132.40,0.00,0.00,500.00,398.35,398.35,0.00
Esprit Sushi Fribourg,Caisse principal 3,93,10/11/2018 14:12,Propriétaire,10/11/2018 22:54,Propriétaire,1454.00,88.50,61.00,0.00,1200.00,281.50,281.50,0.00
Esprit Sushi Fribourg,Terminal mobile,121,10/11/2018 18:06,Propriétaire,10/11/2018 22:43,Propriétaire,446.05,319.90,0.00,0.00,0.00,765.95,765.95,0.00
Esprit Sushi Fribourg,Caisse principal 3,92,09/11/2018 16:26,Propriétaire,09/11/2018 23:09,Propriétaire,854.00,180.00,0.00,420.00,0.00,1454.00,1454.00,0.00
Esprit Sushi Fribourg,Terminal mobile,120,09/11/2018 18:04,Propriétaire,09/11/2018 22:31,Propriétaire,381.25,484.80,0.00,0.00,420.00,446.05,446.05,0.00
Esprit Sushi Fribourg,Terminal mobile,119,08/11/2018 18:08,Propriétaire,08/11/2018 21:36,Propriétaire,710.25,70.00,0.00,0.00,400.00,380.25,380.25,0.00
Esprit Sushi Fribourg,Caisse principal 3,91,08/11/2018 16:32,Propriétaire,08/11/2018 21:23,Propriétaire,372.80,81.20,0.00,400.00,0.00,854.00,854.00,0.00
Esprit Sushi Fribourg,Caisse principal 3,90,06/11/2018 16:31,Propriétaire,07/11/2018 22:00,Propriétaire,287.30,85.50,0.00,0.00,0.00,372.80,372.80,0.00
Esprit Sushi Fribourg,Terminal mobile,118,07/11/2018 18:00,Propriétaire,07/11/2018 21:57,Propriétaire,712.35,0.00,0.00,0.00,2.10,710.25,710.25,0.00
Esprit Sushi Fribourg,Terminal mobile,117,07/11/2018 18:00,Propriétaire,07/11/2018 18:00,Propriétaire,0.00,0.00,0.00,0.00,0.00,0.00,0.00,0.00
Esprit Sushi Fribourg,Terminal mobile,116,06/11/2018 18:12,Propriétaire,06/11/2018 22:19,Propriétaire,490.15,251.50,0.00,0.00,29.50,712.15,712.35,0.20
Esprit Sushi Fribourg,Caisse principal 3,89,05/11/2018 17:13,Propriétaire,05/11/2018 22:04,Propriétaire,2027.30,0.00,0.00,0.00,1740.00,287.30,287.30,0.00
Esprit Sushi Fribourg,Terminal mobile,115,05/11/2018 18:01,Propriétaire,05/11/2018 22:03,Propriétaire,578.85,111.50,0.00,0.00,200.00,490.35,490.35,0.00
Esprit Sushi Fribourg,Caisse principal 3,88,04/11/2018 15:31,Propriétaire,04/11/2018 22:47,Propriétaire,1440.10,87.20,0.00,500.00,0.00,2027.30,2027.30,0.00
Esprit Sushi Fribourg,Terminal mobile,114,04/11/2018 15:35,Propriétaire,04/11/2018 21:32,Propriétaire,892.35,186.50,0.00,0.00,500.00,578.85,578.85,0.00
Esprit Sushi Fribourg,Caisse principal 3,87,03/11/2018 16:30,Propriétaire,03/11/2018 22:08,Propriétaire,905.30,84.00,0.00,500.00,49.20,1440.10,1440.10,0.00
Esprit Sushi Fribourg,Terminal mobile,113,03/11/2018 18:09,Propriétaire,03/11/2018 21:34,Propriétaire,1021.05,371.30,0.00,0.00,500.00,892.35,892.35,0.00
Esprit Sushi Fribourg,Terminal mobile,112,02/11/2018 18:09,Propriétaire,03/11/2018 18:08,Propriétaire,738.95,282.10,0.00,0.00,0.00,1021.05,1021.05,0.00
Esprit Sushi Fribourg,Caisse principal 3,86,02/11/2018 16:26,Propriétaire,02/11/2018 21:38,Propriétaire,897.10,8.20,0.00,0.00,0.00,905.30,905.30,0.00
Esprit Sushi Fribourg,Caisse principal 3,85,01/11/2018 15:46,Propriétaire,01/11/2018 22:02,Propriétaire,547.60,149.50,0.00,200.00,0.00,897.10,897.10,0.00
Esprit Sushi Fribourg,Terminal mobile,111,01/11/2018 18:09,Propriétaire,01/11/2018 22:02,Propriétaire,665.55,273.40,0.00,0.00,200.00,738.95,738.95,0.00
Esprit Sushi Fribourg,Caisse principal 3,84,31/10/2018 16:09,Propriétaire,31/10/2018 22:38,Propriétaire,389.50,158.10,0.00,0.00,0.00,547.60,547.60,0.00
Esprit Sushi Fribourg,Terminal mobile,110,31/10/2018 18:01,Propriétaire,31/10/2018 21:38,Propriétaire,549.15,116.40,0.00,0.00,0.00,665.55,665.55,0.00
Esprit Sushi Fribourg,Caisse principal 3,83,29/10/2018 16:44,Propriétaire,30/10/2018 22:37,Propriétaire,518.50,71.00,0.00,0.00,200.00,389.50,389.50,0.00
Esprit Sushi Fribourg,Terminal mobile,109,30/10/2018 18:19,Propriétaire,30/10/2018 22:17,Propriétaire,407.25,148.20,0.00,0.00,6.30,549.15,549.15,0.00
Esprit Sushi Fribourg,Terminal mobile,108,29/10/2018 16:45,Propriétaire,29/10/2018 20:01,Propriétaire,757.15,0.00,0.00,0.00,350.00,407.15,407.15,0.00
Esprit Sushi Fribourg,Caisse principal 3,82,28/10/2018 12:27,Propriétaire,28/10/2018 21:56,Propriétaire,485.50,83.00,0.00,0.00,50.00,518.50,518.50,0.00
Esprit Sushi Fribourg,Terminal mobile,107,28/10/2018 18:05,Propriétaire,28/10/2018 21:55,Propriétaire,589.75,167.40,0.00,0.00,0.00,757.15,757.15,0.00
Esprit Sushi Fribourg,Terminal mobile,106,27/10/2018 16:18,Propriétaire,27/10/2018 21:33,Propriétaire,633.85,215.90,0.00,0.00,260.00,589.75,589.75,0.00
Esprit Sushi Fribourg,Caisse principal 3,81,27/10/2018 16:10,Propriétaire,27/10/2018 21:27,Propriétaire,600.20,185.30,0.00,0.00,300.00,485.50,485.50,0.00
Esprit Sushi Fribourg,Caisse principal 3,80,26/10/2018 10:12,Propriétaire,26/10/2018 22:36,Propriétaire,306.30,247.40,0.00,0.00,80.00,473.70,473.70,0.00
Esprit Sushi Fribourg,Terminal mobile,105,26/10/2018 18:01,Propriétaire,26/10/2018 22:32,Propriétaire,482.95,150.90,0.00,0.00,0.00,633.85,633.85,0.00
Esprit Sushi Fribourg,Caisse principal 3,79,25/10/2018 15:56,Propriétaire,25/10/2018 21:35,Propriétaire,383.10,3.20,0.00,0.00,0.00,386.30,386.30,0.00
Esprit Sushi Fribourg,Terminal mobile,104,25/10/2018 15:58,Propriétaire,25/10/2018 21:34,Propriétaire,573.45,109.50,0.00,0.00,200.00,482.95,482.95,0.00
Esprit Sushi Fribourg,Caisse principal 3,78,24/10/2018 15:31,Propriétaire,24/10/2018 22:49,Propriétaire,357.60,25.50,0.00,0.00,0.00,383.10,383.10,0.00
Esprit Sushi Fribourg,Terminal mobile,103,24/10/2018 16:48,Propriétaire,24/10/2018 22:02,Propriétaire,574.95,88.50,0.00,0.00,90.00,573.45,573.45,0.00
Esprit Sushi Fribourg,Caisse principal 3,77,23/10/2018 15:01,Propriétaire,23/10/2018 22:41,Propriétaire,236.70,120.90,0.00,0.00,0.00,357.60,357.60,0.00
Esprit Sushi Fribourg,Terminal mobile,102,23/10/2018 18:08,Propriétaire,23/10/2018 21:27,Propriétaire,368.95,206.00,0.00,0.00,0.00,574.95,574.95,0.00
Esprit Sushi Fribourg,Caisse principal 3,76,22/10/2018 16:51,Propriétaire,22/10/2018 22:31,Propriétaire,567.00,109.70,0.00,350.00,980.00,46.70,46.70,0.00
Esprit Sushi Fribourg,Terminal mobile,101,22/10/2018 18:03,Propriétaire,22/10/2018 21:28,Propriétaire,759.75,140.20,0.00,0.00,350.00,549.95,549.95,0.00
Esprit Sushi Fribourg,Caisse principal 3,75,21/10/2018 16:11,Propriétaire,21/10/2018 22:10,Propriétaire,391.80,75.20,0.00,100.00,0.00,567.00,567.00,0.00
Esprit Sushi Fribourg,Terminal mobile,100,21/10/2018 18:08,Propriétaire,21/10/2018 21:29,Propriétaire,568.25,316.50,25.00,0.00,100.00,759.75,759.75,0.00
Esprit Sushi Fribourg,Caisse principal 3,74,14/10/2018 16:50,Propriétaire,20/10/2018 21:47,Propriétaire,520.60,421.20,0.00,313.10,500.00,754.90,691.80,-63.10
Esprit Sushi Fribourg,Terminal mobile,99,20/10/2018 18:00,Propriétaire,20/10/2018 21:35,Propriétaire,367.35,205.90,0.00,0.00,5.00,568.25,568.25,0.00
Esprit Sushi Fribourg,Terminal mobile,98,19/10/2018 18:00,Propriétaire,19/10/2018 20:31,Propriétaire,534.35,233.00,0.00,0.00,0.00,767.35,767.35,0.00
Esprit Sushi Fribourg,Terminal mobile,97,17/10/2018 16:24,Propriétaire,18/10/2018 21:18,Propriétaire,973.95,312.40,0.00,0.00,752.00,534.35,534.35,0.00
Esprit Sushi Fribourg,Terminal mobile,96,16/10/2018 11:39,Propriétaire,16/10/2018 21:43,Propriétaire,0.00,402.30,0.00,571.65,0.00,973.95,973.95,0.00
Esprit Sushi Fribourg,Terminal mobile,95,15/10/2018 18:11,Propriétaire,15/10/2018 22:20,Propriétaire,391.65,180.00,0.00,0.00,0.00,571.65,571.65,0.00
Esprit Sushi Fribourg,Terminal mobile,94,14/10/2018 16:50,Propriétaire,14/10/2018 21:40,Propriétaire,748.15,117.50,0.00,0.00,74.00,791.65,791.65,0.00
Esprit Sushi Fribourg,Terminal mobile,93,13/10/2018 19:00,Propriétaire,13/10/2018 21:51,Propriétaire,468.70,315.50,0.00,10.00,46.05,748.15,748.15,0.00
Esprit Sushi Fribourg,Caisse principal 3,73,12/10/2018 15:13,Propriétaire,13/10/2018 21:49,Propriétaire,596.00,184.60,0.00,200.00,460.00,520.60,520.60,0.00
Esprit Sushi Fribourg,Terminal mobile,92,12/10/2018 17:58,Propriétaire,12/10/2018 22:06,Propriétaire,0.00,68.00,0.00,410.70,0.00,478.70,478.70,0.00
Esprit Sushi Fribourg,Terminal mobile,91,11/10/2018 14:23,Propriétaire,11/10/2018 22:03,Propriétaire,343.20,67.50,0.00,0.00,0.00,410.70,410.70,0.00
Esprit Sushi Fribourg,Caisse principal 3,72,11/10/2018 14:22,Propriétaire,11/10/2018 22:03,Propriétaire,535.80,60.20,0.00,0.00,0.00,596.00,596.00,0.00
Esprit Sushi Fribourg,Caisse principal 3,71,10/10/2018 14:45,Propriétaire,11/10/2018 14:22,Propriétaire,430.80,70.00,0.00,35.00,0.00,535.80,535.80,0.00
Esprit Sushi Fribourg,Terminal mobile,90,10/10/2018 17:54,Propriétaire,10/10/2018 21:05,Propriétaire,322.20,23.00,0.00,0.00,2.00,343.20,343.20,0.00
Esprit Sushi Fribourg,Terminal mobile,89,09/10/2018 19:21,Propriétaire,10/10/2018 17:51,Propriétaire,667.20,30.00,0.00,445.00,820.00,322.20,322.20,0.00
Esprit Sushi Fribourg,Caisse principal 3,70,07/10/2018 17:12,Propriétaire,10/10/2018 14:45,Propriétaire,443.60,552.20,0.00,820.00,1385.00,430.80,430.80,0.00
Esprit Sushi Fribourg,Terminal mobile,88,08/10/2018 11:48,Propriétaire,08/10/2018 21:43,Propriétaire,586.30,80.90,0.00,0.00,0.00,667.20,667.20,0.00
Esprit Sushi Fribourg,Terminal mobile,87,07/10/2018 17:59,Propriétaire,07/10/2018 21:58,Propriétaire,424.30,87.00,0.00,75.00,0.00,586.30,586.30,0.00
Esprit Sushi Fribourg,Terminal mobile,86,06/10/2018 14:21,Propriétaire,06/10/2018 21:37,Propriétaire,686.40,0.00,0.00,0.00,262.10,424.30,424.30,0.00
Esprit Sushi Fribourg,Caisse principal 3,69,05/10/2018 10:48,Propriétaire,06/10/2018 21:36,Propriétaire,587.10,246.50,0.00,150.00,540.00,443.60,443.60,0.00
Esprit Sushi Fribourg,Terminal mobile,85,05/10/2018 18:10,Propriétaire,05/10/2018 21:35,Propriétaire,636.90,199.50,0.00,0.00,150.00,686.40,686.40,0.00
Esprit Sushi Fribourg,Caisse principal 3,68,05/10/2018 10:48,Propriétaire,05/10/2018 10:48,Propriétaire,0.00,0.00,0.00,0.00,0.00,0.00,0.00,0.00
Esprit Sushi Fribourg,Terminal mobile,84,04/10/2018 11:27,Propriétaire,04/10/2018 22:26,Propriétaire,548.90,88.00,0.00,0.00,0.00,636.90,636.90,0.00
Esprit Sushi Fribourg,Caisse principal 3,67,02/10/2018 08:41,Propriétaire,04/10/2018 21:59,Propriétaire,585.50,271.60,0.00,0.00,270.00,587.10,587.10,0.00
Esprit Sushi Fribourg,Terminal mobile,83,03/10/2018 12:48,Propriétaire,03/10/2018 21:11,Propriétaire,521.30,66.90,0.00,0.00,39.30,548.90,548.90,0.00
Esprit Sushi Fribourg,Terminal mobile,82,02/10/2018 08:50,Propriétaire,03/10/2018 12:48,Propriétaire,483.80,222.00,0.00,0.00,184.50,521.30,521.30,0.00
Esprit Sushi Fribourg,Terminal mobile,81,30/09/2018 10:28,Propriétaire,30/09/2018 21:39,Propriétaire,521.80,162.00,0.00,0.00,200.00,483.80,483.80,0.00
Esprit Sushi Fribourg,Caisse principal 3,66,30/09/2018 09:58,Propriétaire,30/09/2018 21:38,Propriétaire,780.50,245.00,0.00,0.00,440.00,585.50,585.50,0.00
Esprit Sushi Fribourg,Caisse principal 3,65,29/09/2018 15:09,Propriétaire,29/09/2018 21:45,Propriétaire,767.80,62.70,0.00,0.00,50.00,780.50,780.50,0.00
Esprit Sushi Fribourg,Terminal mobile,80,28/09/2018 11:36,Propriétaire,29/09/2018 21:39,Propriétaire,414.40,149.40,0.00,60.90,101.50,523.20,523.20,0.00
Esprit Sushi Fribourg,Caisse principal 3,64,28/09/2018 11:35,Propriétaire,28/09/2018 22:27,Propriétaire,777.20,390.60,0.00,0.00,400.00,767.80,767.80,0.00
Esprit Sushi Fribourg,Caisse principal 3,63,26/09/2018 10:08,Propriétaire,27/09/2018 22:00,Propriétaire,461.00,216.20,0.00,100.00,0.00,777.20,777.20,0.00
Esprit Sushi Fribourg,Terminal mobile,79,27/09/2018 12:10,Propriétaire,27/09/2018 21:17,Propriétaire,586.90,177.50,0.00,0.00,350.00,414.40,414.40,0.00
Esprit Sushi Fribourg,Terminal mobile,78,26/09/2018 18:14,Propriétaire,26/09/2018 21:26,Propriétaire,366.00,222.90,0.00,0.00,0.00,588.90,586.90,-2.00
Esprit Sushi Fribourg,Caisse principal 3,62,25/09/2018 21:47,Propriétaire,25/09/2018 21:48,Propriétaire,451.00,10.00,0.00,0.00,0.00,461.00,461.00,0.00
Esprit Sushi Fribourg,Terminal mobile,77,25/09/2018 11:57,Propriétaire,25/09/2018 21:35,Propriétaire,566.00,154.50,56.50,0.00,200.00,464.00,464.00,0.00
Esprit Sushi Fribourg,Caisse principal 3,61,25/09/2018 12:04,Propriétaire,25/09/2018 21:35,Propriétaire,415.80,35.20,0.00,0.00,0.00,451.00,451.00,0.00
Esprit Sushi Fribourg,Caisse principal 3,60,23/09/2018 17:13,Propriétaire,24/09/2018 21:38,Propriétaire,382.50,133.30,0.00,0.00,100.00,415.80,415.80,0.00
Esprit Sushi Fribourg,Terminal mobile,76,24/09/2018 16:04,Propriétaire,24/09/2018 21:37,Propriétaire,800.70,265.30,0.00,0.00,500.00,566.00,566.00,0.00
Esprit Sushi Fribourg,Terminal mobile,75,23/09/2018 18:26,Propriétaire,23/09/2018 21:50,Propriétaire,514.20,286.50,0.00,0.00,0.00,800.70,800.70,0.00
Esprit Sushi Fribourg,Caisse principal 3,59,22/09/2018 13:51,Propriétaire,22/09/2018 21:54,Propriétaire,828.50,54.00,0.00,0.00,500.00,382.50,382.50,0.00
Esprit Sushi Fribourg,Terminal mobile,74,22/09/2018 13:53,Propriétaire,22/09/2018 21:51,Propriétaire,710.70,415.80,270.80,0.00,350.00,505.70,505.70,0.00
Esprit Sushi Fribourg,Caisse principal 3,58,21/09/2018 14:25,Propriétaire,21/09/2018 21:37,Propriétaire,373.50,155.00,0.00,300.00,0.00,828.50,828.50,0.00
Esprit Sushi Fribourg,Terminal mobile,73,21/09/2018 18:22,Propriétaire,21/09/2018 21:37,Propriétaire,779.20,233.00,0.00,0.00,301.50,710.70,715.70,5.00
Esprit Sushi Fribourg,Caisse principal 3,57,19/09/2018 10:55,Propriétaire,20/09/2018 21:24,Propriétaire,339.10,54.40,0.00,0.00,20.00,373.50,373.50,0.00
Esprit Sushi Fribourg,Terminal mobile,72,20/09/2018 18:06,Propriétaire,20/09/2018 21:23,Propriétaire,640.20,139.00,0.00,0.00,0.00,779.20,779.20,0.00
Esprit Sushi Fribourg,Terminal mobile,71,19/09/2018 18:20,Propriétaire,19/09/2018 21:01,Propriétaire,521.50,118.70,0.00,0.00,0.00,640.20,640.20,0.00
Esprit Sushi Fribourg,Caisse principal 3,56,18/09/2018 14:57,Propriétaire,18/09/2018 21:58,Propriétaire,315.70,23.40,0.00,0.00,0.00,339.10,339.10,0.00
Esprit Sushi Fribourg,Terminal mobile,70,18/09/2018 18:09,Propriétaire,18/09/2018 21:57,Propriétaire,398.00,123.50,0.00,0.00,0.00,521.50,521.50,0.00
Esprit Sushi Fribourg,Caisse principal 3,55,17/09/2018 10:09,Propriétaire,17/09/2018 22:32,Propriétaire,396.70,19.00,0.00,0.00,100.00,315.70,315.70,0.00
Esprit Sushi Fribourg,Terminal mobile,69,17/09/2018 10:10,Propriétaire,17/09/2018 21:03,Propriétaire,737.00,61.00,0.00,0.00,400.00,398.00,398.00,0.00
Esprit Sushi Fribourg,Terminal mobile,68,16/09/2018 13:22,Propriétaire,16/09/2018 22:18,Propriétaire,545.90,391.10,0.00,0.00,200.00,737.00,737.00,0.00
Esprit Sushi Fribourg,Caisse principal 3,54,16/09/2018 13:15,Propriétaire,16/09/2018 21:49,Propriétaire,504.10,92.60,0.00,0.00,200.00,396.70,396.70,0.00
Esprit Sushi Fribourg,Caisse principal 3,53,15/09/2018 15:52,Propriétaire,15/09/2018 23:02,Propriétaire,301.70,228.90,0.00,0.00,26.50,504.10,504.10,0.00
Esprit Sushi Fribourg,Terminal mobile,67,15/09/2018 18:23,Propriétaire,15/09/2018 22:57,Propriétaire,392.00,127.40,0.00,26.50,0.00,545.90,545.90,0.00
Esprit Sushi Fribourg,Terminal mobile,66,15/09/2018 18:22,Propriétaire,15/09/2018 18:23,Propriétaire,0.00,0.00,0.00,0.00,0.00,0.00,0.00,0.00
Esprit Sushi Fribourg,Caisse principal 3,52,14/09/2018 07:00,Propriétaire,14/09/2018 21:36,Propriétaire,371.70,0.00,0.00,0.00,50.00,321.70,301.70,-20.00
Esprit Sushi Fribourg,Terminal mobile,65,14/09/2018 06:57,Propriétaire,14/09/2018 21:33,Propriétaire,470.60,71.40,0.00,0.00,150.00,392.00,392.00,0.00
Esprit Sushi Fribourg,Caisse principal 3,51,13/09/2018 14:14,Propriétaire,13/09/2018 21:55,Propriétaire,699.70,22.00,0.00,0.00,350.00,371.70,371.70,0.00
Esprit Sushi Fribourg,Terminal mobile,64,13/09/2018 14:10,Propriétaire,13/09/2018 21:37,Propriétaire,666.75,143.70,0.00,0.00,339.85,470.60,470.60,0.00
Esprit Sushi Fribourg,Caisse principal 3,50,12/09/2018 15:17,Propriétaire,12/09/2018 21:40,Propriétaire,590.60,159.10,0.00,0.00,50.00,699.70,699.70,0.00
Esprit Sushi Fribourg,Terminal mobile,63,12/09/2018 15:47,Propriétaire,12/09/2018 21:29,Propriétaire,565.75,101.00,0.00,0.00,0.00,666.75,666.75,0.00
Esprit Sushi Fribourg,Caisse principal 3,49,11/09/2018 13:20,Propriétaire,11/09/2018 21:44,Propriétaire,530.70,64.90,0.00,0.00,5.00,590.60,590.60,0.00
Esprit Sushi Fribourg,Terminal mobile,62,11/09/2018 13:21,Propriétaire,11/09/2018 21:31,Propriétaire,470.75,95.00,0.00,0.00,0.00,565.75,565.75,0.00
Esprit Sushi Fribourg,Terminal mobile,61,10/09/2018 18:17,Propriétaire,10/09/2018 21:02,Propriétaire,438.75,32.00,0.00,0.00,0.00,470.75,470.75,0.00
Esprit Sushi Fribourg,Caisse principal 3,48,09/09/2018 13:06,Propriétaire,10/09/2018 20:59,Propriétaire,374.40,156.30,0.00,300.00,300.00,530.70,530.70,0.00
Esprit Sushi Fribourg,Terminal mobile,60,09/09/2018 18:10,Propriétaire,09/09/2018 21:50,Propriétaire,789.15,249.60,0.00,0.00,300.00,738.75,738.75,0.00
Esprit Sushi Fribourg,Caisse principal 3,47,07/09/2018 12:10,Propriétaire,08/09/2018 22:18,Propriétaire,469.80,104.60,0.00,0.00,200.00,374.40,374.40,0.00
Esprit Sushi Fribourg,Terminal mobile,59,08/09/2018 17:52,Propriétaire,08/09/2018 22:17,Propriétaire,514.35,274.80,0.00,0.00,0.00,789.15,789.15,0.00
Esprit Sushi Fribourg,Terminal mobile,58,07/09/2018 12:16,Propriétaire,07/09/2018 21:59,Propriétaire,730.35,94.00,0.00,0.00,310.00,514.35,514.35,0.00
Esprit Sushi Fribourg,Caisse principal 3,46,06/09/2018 14:09,Propriétaire,06/09/2018 22:50,Propriétaire,342.40,127.40,0.00,0.00,0.00,469.80,469.80,0.00
Esprit Sushi Fribourg,Terminal mobile,57,06/09/2018 18:30,Propriétaire,06/09/2018 21:15,Propriétaire,730.35,0.00,0.00,0.00,0.00,730.35,730.35,0.00
Esprit Sushi Fribourg,Terminal mobile,56,05/09/2018 18:22,Propriétaire,05/09/2018 21:52,Propriétaire,514.05,222.30,0.00,0.00,6.00,730.35,730.35,0.00
Esprit Sushi Fribourg,Caisse principal 3,45,05/09/2018 17:26,Propriétaire,05/09/2018 21:45,Propriétaire,337.40,5.00,0.00,0.00,0.00,342.40,342.40,0.00
Esprit Sushi Fribourg,Terminal mobile,55,04/09/2018 18:14,Propriétaire,04/09/2018 21:59,Propriétaire,387.05,127.00,0.00,0.00,0.00,514.05,514.05,0.00
Esprit Sushi Fribourg,Caisse principal 3,44,04/09/2018 16:14,Propriétaire,04/09/2018 21:43,Propriétaire,388.40,64.50,15.50,0.00,100.00,337.40,337.40,0.00
Esprit Sushi Fribourg,Terminal mobile,54,03/09/2018 14:37,Propriétaire,03/09/2018 21:36,Propriétaire,657.95,21.00,0.00,8.10,300.00,387.05,387.05,0.00
Esprit Sushi Fribourg,Caisse principal 3,43,03/09/2018 14:29,Propriétaire,03/09/2018 21:36,Propriétaire,443.70,64.70,0.00,0.00,120.00,388.40,388.40,0.00
Esprit Sushi Fribourg,Terminal mobile,53,02/09/2018 17:50,Propriétaire,02/09/2018 21:31,Propriétaire,370.35,287.61,0.00,0.00,0.00,657.96,657.96,0.00
Esprit Sushi Fribourg,Caisse principal 3,42,02/09/2018 17:24,Propriétaire,02/09/2018 21:31,Propriétaire,420.50,23.20,0.00,0.00,0.00,443.70,443.70,0.00
Esprit Sushi Fribourg,Caisse principal 3,41,01/09/2018 12:59,Propriétaire,01/09/2018 21:34,Propriétaire,639.90,130.50,0.00,0.00,349.90,420.50,420.50,0.00
Esprit Sushi Fribourg,Terminal mobile,52,01/09/2018 17:52,Propriétaire,01/09/2018 21:33,Propriétaire,321.65,48.70,0.00,0.00,0.00,370.35,370.35,0.00
Esprit Sushi Fribourg,Caisse principal 3,40,31/08/2018 14:27,Propriétaire,31/08/2018 22:16,Propriétaire,326.20,333.70,0.00,0.00,20.00,639.90,639.90,0.00
Esprit Sushi Fribourg,Terminal mobile,51,31/08/2018 18:08,Propriétaire,31/08/2018 22:10,Propriétaire,586.45,235.20,0.00,0.00,0.00,821.65,821.65,0.00
Esprit Sushi Fribourg,Terminal mobile,50,30/08/2018 17:09,Propriétaire,30/08/2018 21:43,Propriétaire,437.75,149.00,0.00,0.00,0.00,586.75,586.75,0.00
Esprit Sushi Fribourg,Caisse principal 3,39,30/08/2018 10:02,Propriétaire,30/08/2018 21:41,Propriétaire,372.70,23.50,0.00,0.00,70.00,326.20,326.20,0.00
Esprit Sushi Fribourg,Terminal mobile,49,29/08/2018 14:40,Propriétaire,30/08/2018 17:08,Propriétaire,650.20,21.00,0.00,0.00,233.45,437.75,437.75,0.00
Esprit Sushi Fribourg,Caisse principal 3,38,29/08/2018 14:36,Propriétaire,29/08/2018 22:44,Propriétaire,439.20,33.50,0.00,0.00,100.00,372.70,372.70,0.00
Esprit Sushi Fribourg,Caisse principal 3,37,28/08/2018 16:02,Propriétaire,28/08/2018 21:41,Propriétaire,391.20,48.00,0.00,0.00,0.00,439.20,439.20,0.00
Esprit Sushi Fribourg,Terminal mobile,48,28/08/2018 17:53,Propriétaire,28/08/2018 21:40,Propriétaire,430.20,220.00,0.00,0.00,0.00,650.20,650.20,0.00
Esprit Sushi Fribourg,Caisse principal 3,36,27/08/2018 14:55,Propriétaire,27/08/2018 22:44,Propriétaire,334.00,57.20,0.00,0.00,0.00,391.20,391.20,0.00
Esprit Sushi Fribourg,Terminal mobile,47,27/08/2018 14:59,Propriétaire,27/08/2018 21:39,Propriétaire,402.20,28.00,0.00,0.00,0.00,430.20,430.20,0.00
Esprit Sushi Fribourg,Caisse principal 3,35,26/08/2018 09:07,Propriétaire,26/08/2018 21:54,Propriétaire,1469.50,64.50,0.00,0.00,1200.00,334.00,334.00,0.00
Esprit Sushi Fribourg,Terminal mobile,46,26/08/2018 18:11,Propriétaire,26/08/2018 21:49,Propriétaire,263.70,138.50,0.00,0.00,0.00,402.20,402.20,0.00
Esprit Sushi Fribourg,Caisse principal 3,34,25/08/2018 15:56,Propriétaire,25/08/2018 21:45,Propriétaire,1305.00,164.50,0.00,0.00,0.00,1469.50,1469.50,0.00
Esprit Sushi Fribourg,Terminal mobile,45,25/08/2018 15:59,Propriétaire,25/08/2018 21:39,Propriétaire,654.60,208.90,0.00,0.00,0.00,863.50,863.50,0.00
Esprit Sushi Fribourg,Caisse principal 3,33,24/08/2018 13:23,Propriétaire,24/08/2018 22:20,Propriétaire,0.00,151.20,0.00,1153.80,0.00,1305.00,1305.00,0.00
Esprit Sushi Fribourg,Terminal mobile,44,23/08/2018 21:41,Propriétaire,24/08/2018 22:20,Propriétaire,441.20,214.40,0.00,0.00,1.00,654.60,654.60,0.00
Esprit Sushi Fribourg,Terminal mobile,43,23/08/2018 17:51,Propriétaire,23/08/2018 21:41,Propriétaire,368.20,113.00,0.00,0.00,0.00,481.20,481.20,0.00
Esprit Sushi Fribourg,Caisse principal 3,32,01/08/2018 16:30,Propriétaire,23/08/2018 21:39,Propriétaire,0.00,111.50,0.00,1042.30,0.00,1153.80,1153.80,0.00
Esprit Sushi Fribourg,Caisse principale 2,8,22/08/2018 11:16,Propriétaire,22/08/2018 22:23,Propriétaire,649.30,53.50,0.00,0.00,0.50,702.30,702.30,0.00
Esprit Sushi Fribourg,Terminal mobile,42,22/08/2018 17:50,Propriétaire,22/08/2018 22:10,Propriétaire,582.25,126.00,0.00,0.00,0.00,708.25,708.25,0.00
Esprit Sushi Fribourg,Terminal mobile,41,21/08/2018 17:57,Propriétaire,21/08/2018 21:22,Propriétaire,533.30,49.00,0.00,0.00,0.00,582.30,582.30,0.00
Esprit Sushi Fribourg,Caisse principale 2,7,21/08/2018 17:17,Propriétaire,21/08/2018 21:14,Propriétaire,409.50,259.80,0.00,0.00,20.00,649.30,649.30,0.00
Esprit Sushi Fribourg,Caisse principale 2,6,20/08/2018 11:34,Propriétaire,20/08/2018 22:03,Propriétaire,318.00,92.50,0.00,0.00,0.00,410.50,410.50,0.00
Esprit Sushi Fribourg,Terminal mobile,40,20/08/2018 11:33,Propriétaire,20/08/2018 22:02,Propriétaire,313.00,220.50,0.00,0.00,0.20,533.30,533.30,0.00
Esprit Sushi Fribourg,Caisse principale 2,5,24/05/2018 20:23,Propriétaire,20/08/2018 11:34,Propriétaire,623.00,0.00,0.00,0.00,0.00,623.00,781.50,158.50
Esprit Sushi Fribourg,Caisse principal 3,31,12/07/2018 14:54,Propriétaire,15/07/2018 21:39,Propriétaire,570.40,351.20,0.00,400.00,720.00,601.60,601.60,0.00
Esprit Sushi Fribourg,Terminal mobile,39,15/07/2018 18:14,Propriétaire,15/07/2018 21:37,Propriétaire,433.40,180.80,0.00,0.00,2.50,611.70,611.70,0.00
Esprit Sushi Fribourg,Terminal mobile,38,14/07/2018 13:24,Propriétaire,14/07/2018 21:49,Propriétaire,637.90,95.50,0.00,0.00,300.00,433.40,433.40,0.00
Esprit Sushi Fribourg,Terminal mobile,37,13/07/2018 17:58,Propriétaire,13/07/2018 21:45,Propriétaire,605.90,91.50,0.00,0.00,0.00,697.40,637.90,-59.50
Esprit Sushi Fribourg,Terminal mobile,36,12/07/2018 18:06,Propriétaire,12/07/2018 21:33,Propriétaire,855.90,153.40,0.00,0.00,403.40,605.90,605.90,0.00
Esprit Sushi Fribourg,Caisse principal 3,30,11/07/2018 15:34,Propriétaire,11/07/2018 22:47,Propriétaire,538.90,31.50,0.00,0.00,0.00,570.40,570.40,0.00
Esprit Sushi Fribourg,Terminal mobile,35,11/07/2018 18:41,Propriétaire,11/07/2018 22:38,Propriétaire,630.50,225.40,0.00,0.00,0.00,855.90,855.90,0.00
Esprit Sushi Fribourg,Caisse principal 3,29,09/07/2018 15:32,Propriétaire,10/07/2018 21:33,Propriétaire,458.00,100.90,0.00,0.00,20.00,538.90,538.90,0.00
Esprit Sushi Fribourg,Terminal mobile,34,10/07/2018 18:29,Propriétaire,10/07/2018 21:33,Propriétaire,572.00,58.50,0.00,0.00,0.00,630.50,630.50,0.00
Esprit Sushi Fribourg,Terminal mobile,33,09/07/2018 17:49,Propriétaire,09/07/2018 22:00,Propriétaire,474.50,100.90,0.00,0.00,0.00,575.40,575.40,0.00
Esprit Sushi Fribourg,Caisse principal 3,28,08/07/2018 12:28,Propriétaire,08/07/2018 21:48,Propriétaire,800.40,97.60,0.00,0.00,440.00,458.00,458.00,0.00
Esprit Sushi Fribourg,Terminal mobile,32,08/07/2018 12:35,Propriétaire,08/07/2018 21:32,Propriétaire,1177.90,136.60,0.00,0.00,840.00,474.50,474.50,0.00
Esprit Sushi Fribourg,Terminal mobile,31,07/07/2018 18:09,Propriétaire,07/07/2018 21:45,Propriétaire,856.50,321.40,0.00,0.00,0.00,1177.90,1177.90,0.00
Esprit Sushi Fribourg,Caisse principal 3,27,07/07/2018 16:37,Propriétaire,07/07/2018 21:39,Propriétaire,699.40,101.00,0.00,0.00,0.00,800.40,800.40,0.00
Esprit Sushi Fribourg,Caisse principal 3,26,06/07/2018 10:24,Propriétaire,06/07/2018 21:41,Propriétaire,434.20,265.20,0.00,0.00,0.00,699.40,699.40,0.00
Esprit Sushi Fribourg,Terminal mobile,30,06/07/2018 11:50,Propriétaire,06/07/2018 21:38,Propriétaire,745.50,110.90,0.00,0.00,0.00,856.40,856.40,0.00
Esprit Sushi Fribourg,Caisse principal 3,25,05/07/2018 21:42,Propriétaire,05/07/2018 21:43,Propriétaire,347.20,20.00,0.00,0.00,0.00,367.20,367.20,0.00
Esprit Sushi Fribourg,Terminal mobile,29,05/07/2018 17:46,Propriétaire,05/07/2018 21:34,Propriétaire,608.00,137.50,0.00,0.00,0.00,745.50,745.50,0.00
Esprit Sushi Fribourg,Caisse principal 3,24,05/07/2018 16:15,Propriétaire,05/07/2018 21:33,Propriétaire,347.20,67.00,0.00,0.00,0.00,414.20,414.20,0.00
Esprit Sushi Fribourg,Terminal mobile,28,04/07/2018 18:13,Propriétaire,04/07/2018 21:54,Propriétaire,324.60,283.40,0.00,0.00,0.00,608.00,608.00,0.00
Esprit Sushi Fribourg,Caisse principal 3,23,04/07/2018 15:32,Propriétaire,04/07/2018 21:50,Propriétaire,513.20,34.00,0.00,0.00,200.00,347.20,347.20,0.00
Esprit Sushi Fribourg,Terminal mobile,27,03/07/2018 19:23,Propriétaire,03/07/2018 22:16,Propriétaire,571.90,232.70,0.00,0.00,0.00,804.60,804.60,0.00
Esprit Sushi Fribourg,Caisse principal 3,22,03/07/2018 15:05,Propriétaire,03/07/2018 22:16,Propriétaire,456.70,56.50,0.00,0.00,0.00,513.20,513.20,0.00
Esprit Sushi Fribourg,Caisse principal 3,21,02/07/2018 17:32,Propriétaire,02/07/2018 21:43,Propriétaire,433.50,23.20,0.00,0.00,0.00,456.70,456.70,0.00
Esprit Sushi Fribourg,Terminal mobile,26,02/07/2018 18:51,Propriétaire,02/07/2018 21:30,Propriétaire,434.70,137.30,0.00,0.00,0.00,572.00,572.00,0.00
Esprit Sushi Fribourg,Terminal mobile,25,01/07/2018 16:35,Propriétaire,01/07/2018 22:32,Propriétaire,600.70,169.90,35.50,0.00,300.00,435.10,435.10,0.00
Esprit Sushi Fribourg,Caisse principal 3,20,01/07/2018 16:32,Propriétaire,01/07/2018 22:32,Propriétaire,355.00,78.50,0.00,0.00,0.00,433.50,433.50,0.00
Esprit Sushi Fribourg,Terminal mobile,24,30/06/2018 18:12,Propriétaire,30/06/2018 20:51,Propriétaire,545.70,55.00,0.00,0.00,0.00,600.70,600.70,0.00
Esprit Sushi Fribourg,Caisse principal 3,19,30/06/2018 17:03,Propriétaire,30/06/2018 20:09,Propriétaire,385.00,0.00,0.00,0.00,30.00,355.00,355.00,0.00
Esprit Sushi Fribourg,Terminal mobile,23,29/06/2018 13:55,Propriétaire,29/06/2018 22:29,Propriétaire,645.30,221.40,0.00,0.00,300.00,566.70,545.70,-21.00
Esprit Sushi Fribourg,Caisse principal 3,18,28/06/2018 09:55,Propriétaire,29/06/2018 21:57,Propriétaire,568.50,416.50,0.00,0.00,600.00,385.00,385.00,0.00
Esprit Sushi Fribourg,Terminal mobile,22,28/06/2018 11:06,Propriétaire,29/06/2018 13:54,Propriétaire,789.00,267.30,0.00,0.00,411.00,645.30,645.30,0.00
Esprit Sushi Fribourg,Caisse principal 3,17,26/06/2018 10:41,Propriétaire,27/06/2018 21:39,Propriétaire,297.50,371.00,0.00,100.00,200.00,568.50,568.50,0.00
Esprit Sushi Fribourg,Terminal mobile,21,27/06/2018 10:25,Propriétaire,27/06/2018 21:37,Propriétaire,573.50,215.50,0.00,0.00,0.00,789.00,768.00,-21.00
Esprit Sushi Fribourg,Terminal mobile,20,26/06/2018 18:08,Propriétaire,26/06/2018 21:39,Propriétaire,549.50,224.00,0.00,0.00,200.00,573.50,573.50,0.00
Esprit Sushi Fribourg,Terminal mobile,19,25/06/2018 14:25,Propriétaire,25/06/2018 21:31,Propriétaire,872.00,177.50,0.00,0.00,500.00,549.50,549.50,0.00
Esprit Sushi Fribourg,Caisse principal 3,16,25/06/2018 10:16,Propriétaire,25/06/2018 21:30,Propriétaire,673.30,24.20,0.00,0.00,400.00,297.50,297.50,0.00
Esprit Sushi Fribourg,Caisse principal 3,15,24/06/2018 15:06,Propriétaire,24/06/2018 23:10,Propriétaire,604.30,69.00,0.00,0.00,0.00,673.30,673.30,0.00
Esprit Sushi Fribourg,Terminal mobile,18,24/06/2018 19:13,Propriétaire,24/06/2018 21:36,Propriétaire,704.10,167.90,0.00,0.00,0.00,872.00,872.00,0.00
Esprit Sushi Fribourg,Terminal mobile,17,23/06/2018 18:07,Propriétaire,23/06/2018 22:04,Propriétaire,515.70,188.40,0.00,0.00,0.00,704.10,704.10,0.00
Esprit Sushi Fribourg,Caisse principal 3,14,23/06/2018 16:11,Propriétaire,23/06/2018 21:32,Propriétaire,410.10,194.20,0.00,0.00,0.00,604.30,604.30,0.00
Esprit Sushi Fribourg,Caisse principal 3,13,22/06/2018 11:39,Propriétaire,22/06/2018 22:11,Propriétaire,754.10,56.00,0.00,0.00,400.00,410.10,410.10,0.00
Esprit Sushi Fribourg,Terminal mobile,16,22/06/2018 15:18,Propriétaire,22/06/2018 22:07,Propriétaire,836.80,118.90,0.00,0.00,440.00,515.70,515.70,0.00
Esprit Sushi Fribourg,Caisse principal 3,12,21/06/2018 10:39,Propriétaire,21/06/2018 21:09,Propriétaire,625.70,128.40,0.00,0.00,0.00,754.10,754.10,0.00
Esprit Sushi Fribourg,Terminal mobile,15,21/06/2018 19:03,Propriétaire,21/06/2018 21:07,Propriétaire,747.90,88.90,0.00,0.00,0.00,836.80,836.80,0.00
Esprit Sushi Fribourg,Caisse principal 3,11,20/06/2018 09:31,Propriétaire,20/06/2018 22:25,Propriétaire,404.40,221.30,0.00,0.00,0.00,625.70,625.70,0.00
Esprit Sushi Fribourg,Terminal mobile,14,20/06/2018 18:13,Propriétaire,20/06/2018 22:19,Propriétaire,574.00,173.90,0.00,0.00,0.00,747.90,747.90,0.00
Esprit Sushi Fribourg,Caisse principal 3,10,19/06/2018 09:54,Propriétaire,19/06/2018 22:01,Propriétaire,1386.40,118.00,0.00,0.00,1100.00,404.40,404.40,0.00
Esprit Sushi Fribourg,Terminal mobile,13,19/06/2018 11:07,Propriétaire,19/06/2018 21:59,Propriétaire,677.00,197.50,0.00,0.00,300.00,574.50,574.50,0.00
Esprit Sushi Fribourg,Caisse principal 3,9,18/06/2018 17:03,Propriétaire,18/06/2018 23:24,Propriétaire,896.90,89.50,0.00,400.00,0.00,1386.40,1386.40,0.00
Esprit Sushi Fribourg,Terminal mobile,12,18/06/2018 18:23,Propriétaire,18/06/2018 21:48,Propriétaire,883.00,194.00,0.00,0.00,400.00,677.00,677.00,0.00
Esprit Sushi Fribourg,Caisse principal 3,8,17/06/2018 16:17,Propriétaire,17/06/2018 22:26,Propriétaire,653.20,243.70,0.00,0.00,0.00,896.90,896.90,0.00
Esprit Sushi Fribourg,Terminal mobile,11,17/06/2018 19:49,Propriétaire,17/06/2018 21:28,Propriétaire,821.00,62.00,0.00,0.00,0.00,883.00,883.00,0.00
Esprit Sushi Fribourg,Caisse principal 3,7,16/06/2018 14:36,Propriétaire,16/06/2018 23:53,Propriétaire,585.70,67.50,0.00,0.00,0.00,653.20,653.20,0.00
Esprit Sushi Fribourg,Terminal mobile,10,16/06/2018 17:52,Propriétaire,16/06/2018 22:08,Propriétaire,627.50,193.50,0.00,0.00,0.00,821.00,821.00,0.00
Esprit Sushi Fribourg,Caisse principal 3,6,15/06/2018 10:09,Propriétaire,15/06/2018 22:15,Propriétaire,424.50,163.00,0.00,0.00,1.80,585.70,585.70,0.00
Esprit Sushi Fribourg,Terminal mobile,9,15/06/2018 10:15,Propriétaire,15/06/2018 21:59,Propriétaire,392.60,276.20,0.00,0.00,41.30,627.50,627.50,0.00
Esprit Sushi Fribourg,Caisse principal 3,5,14/06/2018 10:58,Propriétaire,14/06/2018 20:42,Propriétaire,839.50,85.00,0.00,0.00,500.00,424.50,424.50,0.00
Esprit Sushi Fribourg,Terminal mobile,8,13/06/2018 11:31,Propriétaire,14/06/2018 20:40,Propriétaire,972.90,319.70,0.00,0.00,900.00,392.60,392.60,0.00
Esprit Sushi Fribourg,Caisse principal 3,4,13/06/2018 08:52,Propriétaire,13/06/2018 22:52,Propriétaire,727.80,111.70,0.00,0.00,0.00,839.50,839.50,0.00
Esprit Sushi Fribourg,Caisse principal 3,3,12/06/2018 10:24,Propriétaire,12/06/2018 22:33,Propriétaire,636.00,84.00,0.00,0.00,0.00,720.00,727.80,7.80
Esprit Sushi Fribourg,Terminal mobile,7,12/06/2018 18:22,Propriétaire,12/06/2018 21:43,Propriétaire,824.00,148.90,0.00,0.00,0.00,972.90,972.90,0.00
Esprit Sushi Fribourg,Caisse principal 3,2,11/06/2018 10:05,Propriétaire,11/06/2018 21:43,Propriétaire,594.30,42.00,0.00,0.00,0.00,636.30,636.30,0.00
Esprit Sushi Fribourg,Terminal mobile,6,11/06/2018 18:25,Propriétaire,11/06/2018 21:40,Propriétaire,799.00,25.00,0.00,0.00,0.00,824.00,824.00,0.00
Esprit Sushi Fribourg,Terminal mobile,5,11/06/2018 13:33,Propriétaire,11/06/2018 18:25,Propriétaire,799.00,0.00,0.00,0.00,0.00,799.00,799.00,0.00
Esprit Sushi Fribourg,Terminal mobile,4,22/05/2018 09:54,Propriétaire,11/06/2018 13:32,Propriétaire,135.00,0.00,0.00,0.00,0.00,135.00,256.90,121.90
Esprit Sushi Fribourg,Caisse principal 3,1,01/06/2018 17:56,Propriétaire,11/06/2018 10:05,Propriétaire,0.00,0.00,0.00,0.00,0.00,0.00,0.00,0.00
Esprit Sushi Fribourg,Iphone,3,25/05/2018 18:47,Propriétaire,09/06/2018 13:09,Propriétaire,0.00,0.00,0.00,0.00,0.00,0.00,0.00,0.00
Esprit Sushi Fribourg,Iphone,2,24/05/2018 22:06,Propriétaire,24/05/2018 22:07,Propriétaire,0.00,0.00,0.00,0.00,0.00,0.00,0.00,0.00
Esprit Sushi Fribourg,Iphone,1,20/05/2018 23:34,Propriétaire,24/05/2018 21:57,Propriétaire,0.00,0.00,0.00,0.00,0.00,0.00,10.00,10.00
Esprit Sushi Fribourg,Caisse principale 2,4,22/05/2018 09:57,Propriétaire,24/05/2018 20:22,Propriétaire,0.00,0.00,0.00,0.00,0.00,0.00,310.70,310.70
Esprit Sushi Fribourg,Caisse principale 2,3,22/05/2018 09:54,Propriétaire,22/05/2018 09:56,Propriétaire,185.00,0.00,0.00,0.00,0.00,185.00,185.00,0.00
Esprit Sushi Fribourg,Caisse principale 2,2,22/05/2018 09:52,Propriétaire,22/05/2018 09:54,Propriétaire,100.00,0.00,0.00,0.00,0.00,100.00,180.50,80.50
Esprit Sushi Fribourg,Terminal mobile,3,22/05/2018 09:52,Propriétaire,22/05/2018 09:54,Propriétaire,50.00,0.00,0.00,0.00,0.00,50.00,93.50,43.50
Esprit Sushi Fribourg,Terminal mobile,2,22/05/2018 09:52,Propriétaire,22/05/2018 09:52,Propriétaire,50.00,0.00,0.00,0.00,0.00,50.00,50.00,0.00
Esprit Sushi Fribourg,Terminal mobile,1,21/05/2018 11:48,Propriétaire,22/05/2018 09:51,Propriétaire,0.00,0.00,0.00,0.00,0.00,0.00,202.40,202.40
Esprit Sushi Fribourg,Caisse principale 2,1,21/05/2018 12:31,Propriétaire,22/05/2018 09:50,Propriétaire,0.00,0.00,0.00,0.00,0.00,0.00,109.50,109.50
